ID,Length,Width,Depth,Conc_Strength,Damage_Type,Damage_Severity,Freq_Mode_1,Freq_Mode_2
0,4.6370434065857395,0.4426561121560248,0.5323569003466815,39.45252193309118,none,0.0,89.25710171966286,246.04415228657172
1,4.93484303775352,0.30490243776483633,0.5963731433830016,48.37678279745603,none,0.0,92.90394566423726,256.0969616484021
2,7.633119810612207,0.20795496140621045,0.46893820032929456,33.1756102917596,none,0.0,27.78559538838494,76.59315764492494
3,6.195593558133199,0.48621772383867295,0.5769260976335288,31.923106343985125,none,0.0,51.39065525069466,141.6623435291375
4,6.932409025354974,0.40899361827438957,0.7013620614713346,38.53640279667398,none,0.0,52.30524350356061,144.18347728059834
5,4.900403187099858,0.348464547403187,0.5868382169959341,28.125890657322316,none,0.0,80.95335564421073,223.15422952917814
6,4.665369360838211,0.4758805361292148,0.6260888798327121,39.024634968618436,none,0.0,103.4194347797695,285.0837263281673
7,3.2730761841798874,0.4395316951046757,0.6608758729740154,25.74193741889638,none,0.0,199.88099355583745,550.9875255682113
8,7.2794569577364365,0.37356295402939654,0.6794217406981207,32.390087738674296,none,0.0,43.99952913496162,121.2881287752564
9,7.341450130824441,0.45865242950737745,0.4614621817751582,38.36941821671098,none,0.0,30.652947088540635,84.4972359195256
10,5.2226047468018795,0.3085167321803942,0.6463832891496664,27.855730277988485,none,0.0,78.31554275048897,215.8828928573426
11,3.1869462336643415,0.4518195235642503,0.6304354202701616,30.430930599133916,none,0.0,209.7120876612418,578.087702174313
12,6.7005291741600415,0.42698602475163905,0.3794666819662541,30.808271981085408,none,0.0,28.643481454076625,78.95798740321607
13,6.915355126037497,0.23403351491434082,0.35771580577022893,31.38516059140815,none,0.0,25.4679370015512,70.20435180499976
14,5.514235140374103,0.4696431258804047,0.5006433671669788,31.799045582720534,none,0.0,56.24254286839989,155.03694962090913
15,6.265552661730349,0.43435289037938574,0.5644057939822531,39.72695834285487,none,0.0,51.92153770742423,143.12576237923128
16,7.280608802799999,0.4844446420599342,0.6849067988065425,44.272467082516144,none,0.0,47.943864624876,132.16099673322134
17,7.42328197027572,0.26325632826107676,0.6921309025545301,27.15492892796896,none,0.0,41.244117568697234,113.69262219499717
18,7.783577661544553,0.4772766060514135,0.35082361620971847,47.58932180089982,none,0.0,21.87818028592587,60.308907847997624
19,5.5611773437370555,0.42793380834852734,0.6814071613079431,42.07680084825745,none,0.0,80.7211620099604,222.5141696987383
20,5.803892810766121,0.43375936131385595,0.3531976632692223,42.51527522566744,none,0.0,38.5140178416973,106.16688967854128
21,3.2216288132114435,0.30279099521392244,0.5713796067749006,41.646151023081245,none,0.0,201.173593966973,554.5506793096334
22,3.571397880368277,0.22504989552248966,0.7083079479828811,36.402530663541015,none,0.0,196.2149342253479,540.8817475450808
23,5.260923072874043,0.25506189787739036,0.4896164146518087,46.91141431172401,none,0.0,66.5970851397566,183.58005181080668
24,4.159396978982411,0.2659912350080684,0.66281366568298,43.90865085279542,none,0.0,141.86385468181143,391.058763878338
25,4.6518190321821535,0.45013002928661894,0.3697890216730901,46.5502568635221,none,0.0,64.20848675285193,176.9956943314214
26,4.987035415160057,0.2538283109810841,0.4612584397496427,42.92273132031796,none,0.0,68.28648863697576,188.2370241235981
27,3.2781726817297443,0.35120973976034564,0.41192403728502774,47.53164697196004,none,0.0,144.77804920038264,399.09196803418274
28,7.186156738959749,0.4096420780431058,0.7216372045361767,25.442861547632564,none,0.0,45.146132955808056,124.44883149841752
29,5.277069134116942,0.4943280537044049,0.37876131782670414,40.14477242632748,none,0.0,49.248252446251264,135.75664335485888
30,4.777359836718478,0.41613501533984454,0.44615259261314333,34.20486827164858,none,0.0,68.00377415920683,187.45769964271233
31,6.248263976376897,0.31065060091807556,0.6994450231312779,42.390462298426115,none,0.0,65.75903129702837,181.26989113002486
32,7.93149432838713,0.20484123554278225,0.3133049011719105,32.88395733234686,none,0.0,17.155630935437244,47.29083276574239
33,4.220698231433833,0.3016653130195465,0.4727348474180864,44.041476634408085,none,0.0,98.33723741129157,271.07425348954916
34,5.356735734644598,0.2945517696563057,0.4473695441287916,35.765977250000645,none,0.0,54.84499719081849,151.1845061241129
35,6.359188902781937,0.21295092930056456,0.5070103622575042,33.520235599563534,none,0.0,43.39539761021384,119.62279317634004
36,6.809210850998238,0.3303733024336908,0.7264447385004429,36.987327729979405,none,0.0,55.58092617299791,153.21315167704378
37,5.219268480899492,0.21639783879201197,0.4921956180126343,37.000865326901334,none,0.0,64.10249902943228,176.70353091822076
38,5.733099584851669,0.2997445963856461,0.3713152373764774,44.961064665891335,none,0.0,42.08007157950664,115.99699452972911
39,7.167864610360269,0.3435340577365308,0.7567121675642855,31.54359460423402,none,0.0,50.2091013928298,138.40529830906942
40,6.593153765090074,0.48560839881548623,0.4551282976681842,25.058021562031865,none,0.0,33.69672141581344,92.88763690590655
41,3.3957419125510144,0.20976290777161377,0.6630283683761445,49.94326457106613,none,0.0,219.87989213831526,606.1160470505172
42,6.8111381018452954,0.21270471006049305,0.4979515136936433,38.929041190589736,none,0.0,38.567335392071,106.31386365841873
43,4.531240058182387,0.27570639564299515,0.43380589869706965,44.26629241150506,none,0.0,78.39405352781829,216.099313929633
44,4.162608171566662,0.22280076244359442,0.4621847204556242,25.327094933171193,none,0.0,86.07645777147887,237.2764595422191
45,6.668515345848536,0.47261065533603025,0.7019135236066023,39.930700591234746,none,0.0,57.07626630670578,157.33517321439192
46,3.6587133126131484,0.4894338338736832,0.32793772371185437,46.499212777766154,none,0.0,92.02366794770796,253.670407564876
47,5.867088683981085,0.2786737539484077,0.345343864474911,43.98965857854162,none,0.0,37.166152941727596,102.45139510548069
48,5.188128736779314,0.4404168887327875,0.6479744526138959,45.14850609743202,none,0.0,89.76370393792727,247.44064076195778
49,6.284001028680798,0.4778125437959162,0.35046726088904756,25.030747302725832,none,0.0,28.55597127195918,78.71675876994206
50,5.197037658602931,0.3395028173573939,0.595416543135633,27.307134187478738,none,0.0,72.49060486008587,199.82599791419645
51,7.16997677285382,0.32607703439700014,0.5696446962970356,28.277686177719893,none,0.0,36.756406959996006,101.32189839802608
52,4.766463612492286,0.20614936700683795,0.7977176229273928,27.65349069492316,none,0.0,115.82375365936764,319.2771974001686
53,4.499667040580567,0.4216195875473817,0.5222140988117306,30.76884179996737,none,0.0,87.38142958773376,240.8737159733217
54,5.328114903747404,0.39018762461963497,0.3880120729081656,26.455020181718126,none,0.0,44.589091323476154,122.9133028551203
55,4.866165085513698,0.36885114159546484,0.7060561892978727,43.49203647285794,none,0.0,110.14671430814676,303.6279962841472
56,7.969522589621863,0.2676075191570688,0.7629958567514356,33.80370668298061,none,0.0,41.66795359969635,114.86095922721172
57,5.237276708147198,0.39688941025962493,0.7441432767338227,48.254840714005695,none,0.0,102.85709789601874,283.53360092466374
58,3.7583896134797614,0.43904039574467657,0.6198444961297334,30.93496365903656,none,0.0,148.86584823604983,410.3603044261805
59,3.1842210306640744,0.3761215236550748,0.7763303605360038,34.42409046669362,none,0.0,266.7837050227666,735.410060199592
60,5.278617618975195,0.39002031829116746,0.5069612265430056,35.96224358674501,none,0.0,64.09137020490328,176.67285345012024
61,7.5723233069655,0.21501322610462242,0.3552328154737769,48.50489523692272,none,0.0,23.518233458665144,64.82984214316811
62,6.992709693260988,0.43635741179136267,0.37255801149573664,44.4511042447354,none,0.0,28.29938980127981,78.00947196129701
63,5.420910171863206,0.3587752160437049,0.6889605562728337,32.293783214331306,none,0.0,80.39576862549451,221.6171974886286
64,5.78863905206096,0.3236894721920146,0.48115557352384075,36.278379719468695,none,0.0,50.69300941268371,139.73922845355057
65,4.0180897112596785,0.39031753358095433,0.5792816108876793,28.340467733891906,none,0.0,119.08464345441219,328.2660940826984
66,7.8017983825458534,0.3104834468277265,0.736785879986277,33.05705322170673,none,0.0,41.751434901995104,115.09108193692052
67,5.838140849893891,0.45659788519836636,0.3931574340984726,38.32354465440887,none,0.0,41.28452535745626,113.8040094137758
68,7.713244363445622,0.4003408856183889,0.7323865475788667,45.92171974619307,none,0.0,46.09716709977548,127.07043118795775
69,4.579470014838414,0.45004954737629776,0.6693541658429609,31.00124056977648,none,0.0,108.33625595956806,298.63732685880376
70,6.699927541563312,0.24838185015904035,0.7094605425214826,49.02292177020139,none,0.0,60.15771831291664,165.8294356500923
71,3.6173812789137623,0.2975583737574297,0.545991790980012,43.388553215512836,none,0.0,154.04402405543476,424.63434936045905
72,3.9457937450854708,0.39278983280970964,0.5350277569077019,45.60790031777945,none,0.0,128.46094018093743,354.1125862308158
73,3.37845859688497,0.32469008868584204,0.773692737508067,36.20914455713394,none,0.0,239.18801102379248,659.340380524082
74,3.4767007155323557,0.25171979741197265,0.3513700870765381,25.519645972700037,none,0.0,93.98366063706912,259.0732800627588
75,5.8020350060757035,0.3561865447791587,0.7017439886606753,38.15404814274841,none,0.0,74.52580750232879,205.43619249778465
76,4.533570713093129,0.2686537200634407,0.3714358184173166,42.34467030607303,none,0.0,66.31414968137666,182.8001181934333
77,6.351222561137499,0.4424860231589046,0.5799203537876627,43.76319258859504,none,0.0,53.19054750096891,146.62388669900912
78,3.1612790500991186,0.2139632488189885,0.37227226792502893,35.78893753696323,none,0.0,131.06168374359027,361.2817384050528
79,7.919367559867122,0.4642314256654544,0.6561171872542381,43.48375951727737,none,0.0,38.64432343257927,106.52608718866253
80,4.03847275330077,0.23635190895717,0.7321119397991659,36.762204710084745,none,0.0,158.999985866334,438.29584406927125
81,3.2835857325187106,0.340134741265944,0.38086593469534213,39.395560647699455,none,0.0,127.30362041869363,350.9223441746875
82,4.563945137284554,0.32047118443858175,0.49171085113961494,46.76497996172395,none,0.0,88.79994019964866,244.78395095321346
83,5.112175336451969,0.3422139280931674,0.5116446495271164,45.494880168828814,none,0.0,73.13935225544462,201.61432063293248
84,7.474841507086284,0.40312742843717286,0.7799859177968628,30.10886716814416,none,0.0,47.03919833971421,129.66721367009873
85,7.18977098678327,0.2498041119754091,0.6883665193039858,25.011719316629446,none,0.0,42.837984984153,118.08624185867365
86,4.882028959825617,0.4573204885161017,0.35334232882286376,46.54788847205134,none,0.0,55.70234563901812,153.54785388718466
87,4.744016540174403,0.3137904950802436,0.3573973057166626,44.773572572465895,none,0.0,59.090524569393885,162.88763298379888
88,4.839058415647546,0.3949427569485966,0.42825566914116975,27.187311401870723,none,0.0,60.0726069903406,165.59481966059144
89,4.173726794349989,0.2592200755283488,0.5132513077974041,43.636670054653976,none,0.0,108.9302382006855,300.2746851525508
90,6.628447939607184,0.2064880266411499,0.38364714940568334,48.49093575823407,none,0.0,33.145680565652555,91.36864988786363
91,6.120570227858266,0.45835813916992096,0.676870946430643,37.91107307155576,none,0.0,64.49367795004184,177.78184608146512
92,6.052777270402786,0.49271016334526385,0.5523729113088216,30.18941220882575,none,0.0,50.838200966614195,140.13946027743285
93,4.74105967997038,0.2949685560019796,0.7128070647252291,31.182101805228815,none,0.0,107.7955965571332,297.14695709072896
94,5.56843978756104,0.34295620959628015,0.36076944669620375,41.61058595242769,none,0.0,42.507657767876836,117.17566916371695
95,7.064078344891246,0.37790638600131615,0.7492032830843485,45.24600525363229,none,0.0,56.012794572445,154.40363055219137
96,5.902706067544198,0.23740133684550757,0.7703803732939993,47.12540671116663,none,0.0,83.333609978003,229.7155859810798
97,6.113135869037972,0.25671494663208094,0.6913938210193348,32.81565065268054,none,0.0,63.69732217388428,175.5866293625664
98,5.849019570000051,0.3821313903634895,0.6106646162190186,43.59621401698465,none,0.0,65.97848278323838,181.8748262457055
99,6.713624334148006,0.36417046409746556,0.36725690865303356,36.86298071560777,none,0.0,28.88065488770293,79.61177444294837
100,4.727830121014263,0.4528081558104484,0.3968697843274281,28.965745096575034,none,0.0,59.25145341731119,163.33124588310392
101,4.543338275570271,0.21301207999756924,0.3411193485936893,27.86802586183616,none,0.0,54.61806133657403,150.55893977014108
102,5.799822634113548,0.25910008952695257,0.4300557192106489,27.361248958203678,none,0.0,42.06131101045912,115.94527956176385
103,6.463182598788359,0.38531029666011035,0.6806618334161325,33.28132643284965,none,0.0,56.29790414137322,155.18955728595117
104,6.146428296874722,0.4461223232059308,0.5476336326287978,29.742411348107243,none,0.0,48.69585998797134,134.23393052185176
105,4.605572884934454,0.30049638372895054,0.5918324283609786,40.399569517358216,none,0.0,101.18803122321188,278.9326886584425
106,5.662323458037253,0.21701985181891406,0.6391269078632288,44.384588259642314,none,0.0,74.01322440422148,204.02321726496555
107,4.524904613433078,0.42061990361463586,0.6305120340949713,41.1935657633408,none,0.0,112.22390914062066,309.35394562823654
108,7.850503132026702,0.2351162019781345,0.4743266414500755,49.67331848241067,none,0.0,29.391168496805534,81.01904496800113
109,3.748125127201157,0.4255495469009807,0.3467091353119452,46.1947499012952,none,0.0,92.5526378522899,255.12855428429253
110,4.63024811483373,0.36938447870075586,0.3648775631513441,31.748391320909427,none,0.0,58.11290498983462,160.19274847293173
111,5.342882068747803,0.3570290095302719,0.3941699658691835,25.244903803283524,none,0.0,44.522475772344684,122.7296719041437
112,7.809909166141681,0.23573836910300724,0.5724929415747366,33.70096545240528,none,0.0,32.530615430707144,89.67317494041231
113,7.948817369524832,0.2801826872153578,0.44015137983236263,35.823470556425995,none,0.0,24.51559665582945,67.57915146950394
114,7.3900332880340756,0.2588541439357542,0.6918693198419431,32.28636326381577,none,0.0,43.43997720253624,119.7456802927015
115,7.522379311416735,0.4519854869745335,0.7441756625910736,47.880822144729045,none,0.0,49.76327202058144,137.17633492000488
116,4.750703304640321,0.2350300224055411,0.5635584611407924,28.233828379919203,none,0.0,82.79786219356653,228.23875548723578
117,7.101419268350133,0.4636491647261553,0.6597659942682099,48.72938192725431,none,0.0,49.72226086550542,137.06328447180044
118,3.8664679707896705,0.45898659053901275,0.4752869874090364,32.830794128301996,none,0.0,109.47147263445359,301.7666400274072
119,6.442620161310531,0.29423890124529634,0.6018942284804303,37.78823490919512,none,0.0,51.717532842639194,142.56340707969213
120,7.742652028150952,0.2761782371473303,0.3850686156252652,48.24735799240569,none,0.0,24.351770809160232,67.12755276801899
121,4.053273233609538,0.3748581599955843,0.3625876445541516,39.5147867260983,none,0.0,79.59662859806602,219.4143057757013
122,7.11737923677813,0.39314342280995684,0.45871633296981495,33.811267095981655,none,0.0,31.41035713742982,86.5850957088954
123,4.310579278239132,0.32706837858481763,0.44703542796300233,27.137090463470003,none,0.0,78.98870844147324,217.73852651013632
124,4.7809476363413665,0.2862373987519059,0.4626065571109249,25.762393839628277,none,0.0,65.58943456286134,180.8023845291385
125,3.9471054905191965,0.4808113597113276,0.5173464904671174,29.237469725623473,none,0.0,111.07402496289372,306.1842003165169
126,3.2941328748087657,0.4301200129589236,0.44428092488470927,28.393021813647124,none,0.0,135.95083140816033,374.7590547181144
127,6.264176430589138,0.4676884143275665,0.38865465680882116,25.626316723241338,none,0.0,32.05612211703807,88.36519716635054
128,4.679907386805155,0.4705719388563866,0.3281109783265831,36.623558379623404,none,0.0,53.01391800903155,146.13699375100617
129,6.929476844383664,0.4728257307433275,0.45533088619274,26.618106888128995,none,0.0,30.983040094806334,85.40716299967644
130,6.143572419960709,0.4136627738426808,0.6266410645168232,33.66165966326712,none,0.0,57.526015157929955,158.57494094620833
131,4.698133879073558,0.2776635080638922,0.7568402618031831,28.041704462728468,none,0.0,113.50319208976028,312.88038870730014
132,6.248713158514409,0.44056890384900793,0.6373853891584723,28.194121613620965,none,0.0,54.1083250870459,149.15381209039316
133,6.111020263841394,0.4592359111365414,0.494331545392504,38.06492451951165,none,0.0,47.29613414097195,130.37547721952404
134,7.929124852828388,0.38708362486957415,0.6956390155220206,26.368030797578747,none,0.0,36.06669659579561,99.42065806500152
135,4.44668477832886,0.29484440305719717,0.49986015504485304,30.200080652797283,none,0.0,85.24744684078557,234.99122633797933
136,5.286430673519051,0.45165517543867456,0.7054345712140263,39.34933292263628,none,0.0,90.94305172054699,250.69160477202308
137,3.8620744497120088,0.32485662209726773,0.43708844551096826,49.09041105855156,none,0.0,111.57855512389045,307.5749770156018
138,6.846365122246282,0.3751092896377844,0.5988258918185043,28.598059564292136,none,0.0,42.49796369525074,117.14894669400933
139,5.534513234449475,0.3600509802457599,0.5989022591378308,47.595889250201246,none,0.0,73.87423133801764,203.64007205627712
140,4.381526474442405,0.4911756332545944,0.6140260686025396,42.061353427496016,none,0.0,117.1683362225207,322.9836439573585
141,6.448918084916443,0.22083297967446489,0.5162061828301601,46.907849095985654,none,0.0,46.72662179087135,128.80557206782225
142,6.664388986025112,0.37384604725647386,0.3972769239194504,35.12629600938927,none,0.0,31.324509250936238,86.34844932590734
143,4.364195712485688,0.4111231372410541,0.5071913307471865,39.48746007097581,none,0.0,96.02442340616945,264.69880156289224
144,4.591817412926881,0.4905412876059463,0.32335828761686103,40.822161743370074,none,0.0,55.76250790998704,153.71369587730777
145,6.8258353050691145,0.24124685889589956,0.763982503380684,40.85501206244415,none,0.0,59.633000332182576,164.383009666735
146,3.3084711038790804,0.3437369167759635,0.4384704155695938,30.963842869703253,none,0.0,135.92609522204276,374.6908675040734
147,3.131347328317229,0.4297975176868201,0.5660120899235827,42.40459827226452,none,0.0,211.89464668338522,584.1040960769062
148,3.351154108212632,0.4060401522808442,0.45666544759061783,43.78934981577832,none,0.0,150.4717598300775,414.7871248234469
149,6.767161610890502,0.3136366230226931,0.34683636567540954,38.969830352419514,none,0.0,27.220567930947947,75.03561545868321
150,4.430870823543954,0.2853238567436816,0.3380161120213393,37.44399420044401,none,0.0,61.264414815863276,168.88013075121066
151,7.8150613146274175,0.4580217994829262,0.569855533093623,38.599049132740134,none,0.0,33.45397011616312,92.21847404281041
152,4.193779310828344,0.4507559911300473,0.4964078160329315,43.619549146587644,none,0.0,104.34010786408415,287.6216333929157
153,7.621716974805491,0.48310154219185686,0.668118628625752,29.535552054188017,none,0.0,38.56894344275284,106.31829637734106
154,6.487083360770108,0.3623653507138687,0.34781268837085594,29.557992108664287,none,0.0,27.721627204949588,76.41682437118027
155,4.927037761454118,0.4348510300258183,0.4830024099717508,45.65445855453172,none,0.0,74.3963858728661,205.07943169672023
156,4.681703471701543,0.2908588423997806,0.4728677196415733,31.7159598393974,none,0.0,73.64696422868217,203.01359257164125
157,4.074074230483104,0.26731979402130146,0.5621792163887966,40.10981180757819,none,0.0,122.61203191413942,337.98961508347554
158,4.951605048787998,0.25076272976586933,0.493325216921281,33.64908931424071,none,0.0,69.70889092166063,192.15798679979238
159,3.0338744906188877,0.43652867418036884,0.39953771321954135,43.55112119543287,none,0.0,160.4042669729909,442.1668543041997
160,6.180434280885872,0.41781991284078934,0.7181585060483628,33.27304554041299,none,0.0,64.95446123597432,179.05203108977926
161,4.677296837044374,0.2858141874695375,0.48799924997917676,36.52904475548236,none,0.0,78.88462971017475,217.45162537980204
162,3.648871187667726,0.41569703927108714,0.5704331074070744,26.192536375988468,none,0.0,139.42336850636417,384.3313736845839
163,6.79554731198524,0.258176234163664,0.359857869811728,49.222099738138255,none,0.0,29.691058517474627,81.84571516336982
164,6.890244425548094,0.46777010563488813,0.3604016132915195,40.0716921661021,none,0.0,27.474538945683914,75.73570633765296
165,7.987875291582075,0.31871134424378283,0.7423020677196768,36.05762657007303,none,0.0,41.00822064745855,113.04235395965496
166,5.557763455102425,0.44232823608523586,0.3875320947323373,37.18334380524944,none,0.0,44.56543930110737,122.84810422090207
167,5.642839396571648,0.3770592058048869,0.7796438631203284,49.44520940058648,none,0.0,93.39754555265061,257.4576081750394
168,5.253337366604562,0.26142991189898795,0.30390079785993107,26.03839692422565,none,0.0,35.78230723317906,98.63671663947562
169,7.603474502066191,0.47315030834038696,0.6193109388477811,43.15528851280667,none,0.0,39.49540688665691,108.87216501011177
170,6.90488805555192,0.4651798020962311,0.5933303885365,31.6962226673625,none,0.0,42.47552039247878,117.08707997989298
171,4.280609099558413,0.48496567075376207,0.6032632697047491,42.89200658939296,none,0.0,121.19741501482044,334.09011342242513
172,7.767080061464042,0.2737459143363055,0.566785909854148,37.05919169334356,none,0.0,33.34502062376672,91.91814627861952
173,6.816274838138532,0.28776746572694833,0.5751818225309295,38.02892048287262,none,0.0,44.22246923528816,121.90268052122643
174,6.07709613675097,0.20454092552058364,0.35189109346516506,44.339171805904044,none,0.0,35.36848672802843,97.49598818825945
175,3.966264379897289,0.44156775076528315,0.4829740930726527,30.31771404695591,none,0.0,103.63063335843798,285.6659116767325
176,4.976194588444583,0.3568438510605586,0.7595346709291431,25.535134799088535,none,0.0,99.18384850931774,273.4080029130742
177,7.175936022902359,0.3585523742691413,0.3768342163751775,35.49437835435851,none,0.0,25.6942905083306,70.82831287232924
178,4.951975602594803,0.3290097446030781,0.7037020683606284,26.948456838792055,none,0.0,94.05217281246667,259.26213919774494
179,4.245729715443771,0.21128981058426854,0.5370578463122393,44.47537208809844,none,0.0,110.67506857194556,305.084445968331
180,3.2141454465595,0.44355670275071324,0.7259940262080969,45.18366854564726,none,0.0,262.0902658352805,722.4722295434549
181,3.008161662193116,0.42509589209066956,0.5297923222314158,27.84945391305068,none,0.0,193.46883212575077,533.3119032459375
182,6.404241470262647,0.3813483912198743,0.6539479050084952,37.624575329311874,none,0.0,56.804034230921935,156.58474430051663
183,3.189813999386251,0.20706154956220102,0.44132324525819555,49.68584841895325,none,0.0,165.64860549611387,456.6232818900557
184,4.796321632430792,0.33636979284312163,0.686600979037137,39.00486158639109,none,0.0,107.29291135677987,295.76126620100035
185,3.6883305654872087,0.42758879296290014,0.5146895392393764,45.941656391145735,none,0.0,141.69053875950905,390.5810050410639
186,6.307486387740312,0.35245104979934927,0.5481111509731649,31.70473894149878,none,0.0,47.0262731562034,129.63158438822887
187,6.088699031437455,0.3452158796293785,0.6549566085760974,34.56397924632527,none,0.0,61.62018123429794,169.86082858960262
188,7.347929195244953,0.3296520136599449,0.4960527902737235,38.36476455937114,none,0.0,32.89157186960285,90.6681794732071
189,5.832782107096575,0.4267069615382411,0.36899190511835883,41.82116025328967,none,0.0,39.675085855391224,109.36746408185333
190,4.192147403264006,0.32238495459884425,0.6113254376633324,41.748848288569675,none,0.0,127.19323865816223,350.6180682585135
191,4.048468628010783,0.2156990740218179,0.6893019463375314,31.349739304059153,none,0.0,143.14953933834727,394.6028537599484
192,7.048148950887396,0.2012379850713372,0.5387930601818768,42.48692323291308,none,0.0,39.8326490208382,109.80179921977141
193,5.607349674362057,0.23281505646669104,0.5626658764345147,46.342888587838814,none,0.0,67.16369745075949,185.14196277672647
194,5.2423014681892885,0.30398372565138954,0.34920451043531076,28.91787090381841,none,0.0,42.386832317095546,116.84260439452903
195,4.764576227527076,0.26050812063190976,0.6257575904282835,30.736638129547224,none,0.0,93.36308233265736,257.36260763143423
196,7.870025584110637,0.35646384639213613,0.3423644734423633,36.089013340684765,none,0.0,19.488736298896516,53.72221940452557
197,5.098667977462931,0.3640399266081137,0.46979727405079574,39.56321644921842,none,0.0,65.19637511020251,179.71888552749655
198,6.547803940609394,0.34249218916069196,0.63832836087165,44.0721126778716,none,0.0,55.18198223836459,152.11343164593117
199,6.431634943086971,0.4445834512242418,0.46287913611319154,31.810765906369305,none,0.0,38.22714713199112,105.37610822221174
200,5.205435699355904,0.287568284682887,0.7528516634238136,25.920051412099763,none,0.0,90.17948060659359,248.5867615268521
201,3.258123289430422,0.4084856281338544,0.6543844840955118,34.698558800529646,none,0.0,215.21837457540704,593.2662108520474
202,5.415821178830697,0.31800082255240714,0.33266599873254443,42.85819516831752,none,0.0,41.743780167730016,115.06998106304366
203,3.0816781923634493,0.37914153611658663,0.5824788483374136,30.592522481668716,none,0.0,207.49753136961846,571.9831052771325
204,4.9318660328331205,0.4236463799586888,0.7542297013283565,30.197723440070824,none,0.0,104.56303069156678,288.2361375332232
205,4.919915800506047,0.28804054323911094,0.35611754080113284,28.977803157944496,none,0.0,49.101856480734334,135.35309147198225
206,6.805272924705262,0.24659818394560856,0.5874007143708857,40.35640599550261,none,0.0,45.98593483828759,126.76381079094475
207,4.060210185836827,0.20297463354934384,0.31673153831112744,45.87038715966592,none,0.0,71.92517078450399,198.2673348418691
208,6.871006389166568,0.20683223792364003,0.30504570506088075,49.178608851705675,none,0.0,24.61341038007685,67.84878262260888
209,3.815402629604692,0.4043016582924007,0.5400967879353499,41.18737847456762,none,0.0,135.2027128217586,372.69680756516476
210,7.1283125502034315,0.40992039714436895,0.48591329498882563,36.50493365474699,none,0.0,33.81245686928112,93.20667069546981
211,5.2881765467281845,0.4170110343578325,0.7489341654599933,39.49431182001492,none,0.0,96.57593295808731,266.2190806075339
212,3.848084376406053,0.4966038450370459,0.5153035930396963,35.79833715005917,none,0.0,122.44561441838123,337.5308722917764
213,7.826901695232404,0.3859087417255858,0.6946313087654128,31.646084992598542,none,0.0,38.6863820448863,106.64202503085768
214,3.8537775084923953,0.34851216342661895,0.3939368245508271,30.46235817094292,none,0.0,89.639145390498,247.09728542374503
215,6.642097139315801,0.3488268864023347,0.5193695066449956,40.89525055151132,none,0.0,42.82405059016489,118.0478306193996
216,7.233158974838658,0.3731096026709122,0.47585573791011315,38.43501585470151,none,0.0,32.57651175258523,89.79969172694561
217,3.8648335625380654,0.2694795602632919,0.5867093999391487,32.62480716587849,none,0.0,135.03674651318698,372.23930850337933
218,7.250034625610487,0.39296228553196444,0.3595467812443849,26.1676035742626,none,0.0,22.25459805001729,61.34653272807304
219,4.027675616853083,0.49376808675114003,0.44939854314518357,40.5118250885521,none,0.0,100.5360142837156,277.1353531788973
220,5.269318100037292,0.41633982252441326,0.49617743643840556,49.40443633119478,none,0.0,68.15114976394837,187.86395198071764
221,5.539672096365416,0.3890622794017117,0.6714343155029011,39.682240760891446,none,0.0,78.99288684813516,217.75004461666794
222,5.94306188083241,0.34203154379266065,0.35277675370763184,34.5420425134012,none,0.0,34.831323878283484,96.01525695556265
223,3.1379273387577356,0.4047901075494895,0.5130410825728333,33.03432469956735,none,0.0,179.68476616004887,495.31505190286833
224,3.7862031444052144,0.49577979118983545,0.6864690389775214,30.703983230821947,none,0.0,162.14939550377528,446.97743700959575
225,5.922552638931256,0.4551740560160145,0.5309924711471684,42.304320905497285,none,0.0,55.5354390455604,153.08776286210139
226,7.726734446087274,0.37113474807992475,0.3389174155738952,49.00741089938309,none,0.0,21.605826069403914,59.55814223699929
227,6.481245939515751,0.43507052260504253,0.4193725327412321,28.051027410022794,none,0.0,33.050169818201354,91.10536707851979
228,5.261830596910723,0.3335015431391749,0.5380029388861493,31.6003916738936,none,0.0,66.27314239235203,182.68707839600242
229,6.451546963099162,0.3863862206464072,0.46344925557892064,30.345392514549463,none,0.0,37.59249717685005,103.62664619536413
230,4.361505036852158,0.3444154203042198,0.3662305406368204,41.370480296647486,none,0.0,70.23570808302634,193.61019933952923
231,4.986391147794388,0.22477467445256,0.4411399479958363,40.134567223685046,none,0.0,64.23723971722929,177.07495411474042
232,3.5623596202332313,0.38302648705724807,0.4057839945228483,49.11357289469093,none,0.0,121.76523172256911,335.6553444094191
233,6.092658575059289,0.4734239985028256,0.5008712745020543,25.398276553937382,none,0.0,43.57295635766382,120.11224769346741
234,7.418430768572103,0.47078793446625566,0.7618506463195961,28.56583003628625,none,0.0,46.03742021429318,126.9057342468684
235,7.9028924336480815,0.4650153521463932,0.42297008465460895,40.92988693390575,none,0.0,24.64059382417158,67.9237158998969
236,4.297583567833426,0.20997547410269768,0.419548292466444,29.767905544588317,none,0.0,76.32624372534785,210.39923516453405
237,3.525209041433574,0.36136606778542635,0.4452448582676187,26.581263279967786,none,0.0,117.02444483791187,322.5869961386308
238,4.2229253391640835,0.21538387459371483,0.38167666349819873,34.28426675976162,none,0.0,74.4982446829149,205.36021344647477
239,3.6687044021444537,0.39704823384787125,0.47958489868074805,34.270585452781816,none,0.0,124.01492692550345,341.8568044409341
240,7.7307723866440385,0.26645654369153027,0.6824780408611846,27.565619467892763,none,0.0,37.63902551932369,103.75490519950134
241,6.581746250473591,0.2506517969240414,0.5853411324125157,36.56530352601908,none,0.0,47.79666476706632,131.7552288650792
242,4.1474093057466,0.43527922827466486,0.31145780256564554,44.94141621184366,none,0.0,67.43892380047959,185.90064564286763
243,6.923135077815433,0.3181083151592371,0.44244641116808625,29.14493225656738,none,0.0,30.85313872089549,85.04907974646974
244,3.585891643113351,0.2672599548754755,0.49241135231810895,36.29843967546154,none,0.0,135.21013451992724,372.717266056366
245,5.561685660169134,0.4362181692131296,0.5313763975612114,26.929427005858216,none,0.0,56.29238931990708,155.17435524649255
246,6.721411871463123,0.2982079334141726,0.7972764354887697,31.132915777585858,none,0.0,59.96479909669119,165.29763880606976
247,5.611095993871983,0.3232205542969504,0.4875628818758353,42.42707634512712,none,0.0,56.85249616381527,156.71833338893123
248,4.48867727436023,0.34257880453889195,0.4125127027806511,37.196350086642326,none,0.0,72.73260921969955,200.49310178143367
249,3.4789349772512264,0.4594997691227413,0.7966677719169315,27.09765919678363,none,0.0,216.03349539035625,595.5131548744814
250,4.2648965614891,0.4122541737958463,0.6606451616571363,25.23206394408202,none,0.0,117.09624565420917,322.7849206739718
251,3.550612861978283,0.491460707260843,0.7666796912583076,34.35567369587827,none,0.0,211.79244095046494,583.8223580141873
252,3.0954563664526935,0.3726538900569845,0.6113900081164785,35.1616692053607,none,0.0,223.50634554480445,616.1126483188036
253,7.484212026712068,0.2627049938905376,0.40794288105954085,35.14852303748959,none,0.0,25.508650699423942,70.31658228258124
254,6.775536509898534,0.3087153992438692,0.7824932910433433,48.14625306092981,none,0.0,64.58585149004442,178.03592961903294
255,5.283512520517188,0.3352250381381077,0.6345013653805838,38.26223821823669,none,0.0,81.31734583196224,224.1575968348645
256,7.183900007135332,0.4454697519718862,0.301675410733389,43.53028053759536,none,0.0,21.598358461150482,59.537557192716925
257,3.352102482145522,0.4143596859795881,0.40740636351165616,46.08566847887482,none,0.0,135.890228471112,374.5919980093108
258,5.877485109747081,0.44680929136730907,0.5970967831686786,41.33627440168214,none,0.0,63.04461722763038,173.7873973456713
259,4.112762729277833,0.3275591843331769,0.5814266583152944,25.790618274847397,none,0.0,111.4285787518583,307.1615554608147
260,7.689847127201568,0.38323325100768535,0.5973907470436095,46.05280908571491,none,0.0,37.85651522553849,104.3544325085512
261,7.594967055924429,0.3905673453157328,0.7798003650254568,27.626848738145465,none,0.0,44.58286828645447,122.89614857497186
262,3.34023228266434,0.29657533196227737,0.5155553584735253,40.70725530997118,none,0.0,167.89719680177961,462.8216989036257
263,4.396208079123998,0.24938613455037667,0.7617860798722333,43.77771052877209,none,0.0,145.8456017776926,402.0347598583831
264,4.256816121816358,0.37377974775920764,0.3047429868275082,26.627488407489636,none,0.0,54.95408896424505,151.48522608903508
265,6.726745129219191,0.4328389939517113,0.5279574821781621,48.56978768202572,none,0.0,44.30819694598933,122.13899563624233
266,7.401132514730536,0.41870238716093083,0.38443338731080606,39.36928810232699,none,0.0,25.288184499012235,69.70885003258759
267,4.961627954029422,0.43385999385538654,0.5966874820644462,34.25324810462972,none,0.0,84.34852616535224,232.51328148725432
268,5.91926009518934,0.27270640625005643,0.6523576692706421,46.07231486938481,none,0.0,69.77734759404716,192.3466929493864
269,5.190759085996598,0.33155101757439076,0.5502279662499809,41.36388240610868,none,0.0,74.49716765667908,205.35724453803797
270,5.266259658332057,0.22580873281647446,0.4850126875834169,37.35963897595198,none,0.0,62.194610596076394,171.44428787347127
271,7.190036325948726,0.35862550084742206,0.5025392221285729,43.21031174923365,none,0.0,35.85156901815881,98.82764214269764
272,6.374198987281763,0.37855435478054855,0.6952932956206419,46.13629317338034,none,0.0,64.15507326756016,176.84845590562122
273,3.3395177997731627,0.4434742191590298,0.758902339770984,42.00491681343146,none,0.0,249.19935955432595,686.937442412357
274,5.761301905652009,0.29471839439832476,0.6088565716801175,38.68193583733602,none,0.0,65.80430449461855,181.39469022318286
275,4.043320821611999,0.24706638700314706,0.5760337481940532,28.17634021778138,none,0.0,116.77400955456201,321.8966517762005
276,7.711436118216473,0.2705225664098817,0.5446473826387818,34.046749478415364,none,0.0,31.824920488509783,87.72787187212674
277,7.323335650808313,0.21258074091767692,0.3859743394029037,33.879809997228776,none,0.0,24.976369911166657,68.84930883690521
278,4.628967219123384,0.4040067099217587,0.4203365298090778,28.274419661361737,none,0.0,65.0700097688383,179.3705496200662
279,6.609770004137754,0.4324209262026104,0.7007882279746215,45.217626257837445,none,0.0,59.833521647554164,164.93576229809238
280,5.048894244571285,0.49588881551976194,0.7938612451191793,44.74853036349993,none,0.0,115.8644675814499,319.38942848507764
281,6.652627507675534,0.24974478150714408,0.7694165389751533,45.05261530903654,none,0.0,64.79009664372191,178.5989472946928
282,6.385578855441884,0.40280079579944716,0.4075000963484626,31.095696171644704,none,0.0,33.94734117645144,93.57848979180798
283,3.401508001521732,0.29252721567010315,0.7255038893202972,42.55568061343642,none,0.0,230.3772868975417,635.0529332639569
284,7.570897985190271,0.44135752230751846,0.7546580968075738,30.811064463073137,none,0.0,44.62062469072687,123.00022704115987
285,6.10607777050822,0.4505212536125368,0.5113613133207863,48.52648974344501,none,0.0,52.07166303239482,143.53959452062676
286,4.109305556669933,0.4581678454317759,0.3212085298700555,42.393321754717974,none,0.0,69.81971692994206,192.46348732792723
287,3.4208479042560143,0.39101069689804635,0.4881426818839869,34.20934109350284,none,0.0,145.11722088042433,400.02692118404764
288,3.2681731746117135,0.22378464744779455,0.30024435999778765,47.2661040126651,none,0.0,106.02437249313454,292.2644400287868
289,7.641578654831,0.23699994812558345,0.47209394722338427,42.19354480098923,none,0.0,29.639937486344948,81.70479605768988
290,7.3382752694162,0.21003477423935343,0.5316961454470973,36.48193332626185,none,0.0,34.90587255879883,96.22075620270778
291,6.818088560441964,0.32091391990263796,0.49402947923167495,47.2288421519478,none,0.0,40.07586788009291,110.47225094726859
292,4.7969680002011765,0.49029072439225757,0.6194342530803435,27.393851687032445,none,0.0,88.58870891384494,244.201675466422
293,7.07290424673446,0.3283247671085566,0.7222493035659349,32.86874778343376,none,0.0,49.72684289840969,137.07591521017008
294,6.125892200603571,0.3501632095659778,0.5647968017972536,47.331596838821376,none,0.0,56.78646583948752,156.53631565518805
295,4.892080848649048,0.4900881089651966,0.5956523362749815,46.86519757195815,none,0.0,93.6745755850602,258.22126303196836
296,5.0580410891475776,0.24361768923771931,0.5896002488960876,37.35008009618866,none,0.0,81.9538498116779,225.9121696289602
297,4.39977131457035,0.35383464601743064,0.7079252117487997,32.99672568186086,none,0.0,126.08064044049311,347.55110461486436
298,4.866874859668243,0.3135024404354172,0.5401878568402043,31.25673082767471,none,0.0,77.5682278340039,213.82286108406828
299,4.477965336797985,0.36323439261209045,0.3707851527363936,28.85221062391016,none,0.0,61.646606834384635,169.933672822535
300,4.67572263224865,0.291344909123151,0.7356952421791936,48.035745560235476,none,0.0,127.43687797294443,351.2896789965618
301,5.168289037058338,0.38089505408628543,0.3367330735912573,38.21261506603648,none,0.0,45.086591061855145,124.28469963493528
302,5.531233025574428,0.24585813439126852,0.5420403482802112,32.20144490429452,none,0.0,60.709976950758396,167.35177959159813
303,4.205731294886849,0.35296146305191434,0.5207882172064174,40.46231734607692,none,0.0,106.81796912067612,294.4520509322622
304,7.452808750635726,0.2501435904862953,0.5245538912695817,46.99111600657567,none,0.0,35.56785070272496,98.04555050950385
305,7.214998220891628,0.27107877228611593,0.4348509147503802,28.952947576973095,none,0.0,27.87370185228156,76.83602997649781
306,7.366380066080105,0.37241097360381764,0.3825883406766188,32.79603256869434,none,0.0,24.270701910981046,66.90408003554272
307,3.6801074300935954,0.43709405133078166,0.6792974702875618,47.536785238957044,none,0.0,189.45234217125278,522.2401358594717
308,3.33800752248403,0.40693204729907917,0.42363098461844384,33.699173691911675,none,0.0,131.77148221073963,363.2383531657838
309,7.4363216914005985,0.27625772659657283,0.3728039769501378,47.48221089979231,none,0.0,25.456603314929733,70.17310961545809
310,6.078566196856301,0.4410679602796403,0.39643987355224697,33.20787274658749,none,0.0,37.05005139634468,102.13135215659798
311,7.761071050627496,0.3596735192822679,0.5817315858221097,46.51495508085273,none,0.0,36.28114636409435,100.01180555202993
312,5.023519390911562,0.37120703333790805,0.6016500281571372,26.79077164203093,none,0.0,78.02389091993903,215.07893187923048
313,6.298141122603148,0.270638043074369,0.5088130051726317,26.659563480683914,none,0.0,41.92761989501606,115.57674958983698
314,5.393742880808437,0.23321801911417622,0.7857456565788523,39.54169435657067,none,0.0,97.42464928798537,268.55863326162813
315,3.009926374828426,0.43685987350358135,0.6502793438885104,30.41709462084406,none,0.0,242.4773455169724,668.4076872171455
316,6.820705231735838,0.4210193809034555,0.45713827646772354,37.2918447154675,none,0.0,34.92979316832607,96.28669522253148
317,4.5208356007552055,0.27515063279237295,0.560171519211909,32.08016056365652,none,0.0,93.83097994299354,258.652403830432
318,6.417670791625742,0.4901415247297195,0.40181199123157535,32.5056576197799,none,0.0,33.50898591123592,92.37012936600011
319,3.5696779861292582,0.2782896716520893,0.6851889758989448,40.66175557361561,none,0.0,195.32252922035485,538.4217636499573
320,3.70440221201412,0.49245913306226335,0.7025947468327187,35.96972375681546,none,0.0,180.3667281539106,497.1949332370137
321,6.046788717680852,0.2643067220380343,0.43293475133674486,39.588922812836685,none,0.0,42.723793157706695,117.77146319986737
322,7.7575815891663575,0.21094320657695717,0.36558969701475835,28.711177054918195,none,0.0,20.228212932145222,55.76064433451649
323,5.3890760016277,0.4152679284453306,0.4157757115323729,36.905178393437,none,0.0,50.758157480481174,139.91881416996998
324,4.203175600386251,0.4078833937367586,0.6153794810329758,43.53842419407065,none,0.0,128.70921517126015,354.7969755849832
325,4.157975768379067,0.3310437327589425,0.7397074100762544,38.314521480313786,none,0.0,153.12300227758757,422.0954811018649
326,4.20862201686346,0.3381072495140375,0.4099004342451543,40.84442543617507,none,0.0,84.15603268233976,231.9826582151777
327,7.606579040016128,0.23290544801089783,0.41826791921095585,41.23396749666212,none,0.0,26.350756945414464,72.63791373528221
328,7.980701704125416,0.2879995381201157,0.41682690966677943,48.76932984328609,none,0.0,24.877905379893072,68.57788368509055
329,7.479062219976947,0.2606973467562794,0.6830427566731296,32.31789878885776,none,0.0,41.881082652087166,115.4484660523401
330,3.1291726375292677,0.47235342425596427,0.39916575448186087,37.01844458572922,none,0.0,144.64462227551095,398.72416632053
331,5.909448806555423,0.45331212363802176,0.428437823235407,29.253624350744744,none,0.0,41.043302432523504,113.13905963619469
332,5.564549430353001,0.4221839411687415,0.6422041820161031,37.270861746009615,none,0.0,73.71553157685697,203.20260380865395
333,6.379105853460413,0.38950345840465184,0.340839403347963,36.25953631565248,none,0.0,29.56577471483526,81.50036060293752
334,3.508020651178725,0.36524057273056987,0.583186975429224,38.946879467196254,none,0.0,170.2963042844192,469.4350255360923
335,3.1148314897234406,0.48951890370977597,0.3440863727414396,32.878630060997004,none,0.0,122.16036209903446,336.7445520548622
336,7.696696426172803,0.2238392788569506,0.5802625034357223,28.463583463601275,none,0.0,32.54555705393133,89.71436269123055
337,6.765970634512243,0.3492881600916821,0.7700342082402638,43.88468569284844,none,0.0,62.27755771045956,171.67293804194534
338,4.086192671442378,0.264969620338159,0.7146876109572775,27.5081335803706,none,0.0,141.00917666225243,388.7027773461768
339,5.529132570927055,0.2728536324285319,0.5765516455384037,40.498638402498756,none,0.0,68.43650753447595,188.65056290452122
340,3.0405527820986746,0.21926232659921252,0.3682302142036384,46.58299920825106,none,0.0,149.68376950592625,412.61496810140216
341,3.175897121338026,0.42614777491060174,0.4472976122661908,38.82383646954851,none,0.0,159.23622156615284,438.9470461586087
342,7.868019209494979,0.4542655858921937,0.4693171983084492,37.85877233503559,none,0.0,27.050842823689763,74.56775498283974
343,5.730991676564173,0.36681910303974935,0.5648375971461486,39.66599387266665,none,0.0,62.08292204251328,171.1364096693393
344,5.677247217553441,0.3185128590913259,0.7015609609276722,41.946424782322026,none,0.0,79.68325431912795,219.6530963212283
345,3.4742815394039366,0.3250964101113993,0.31274423320811845,32.08338714169344,none,0.0,88.70188904328145,244.51366530947183
346,6.786735487456713,0.4068959600771158,0.4137157004993951,44.67248529277752,none,0.0,33.403633381960454,92.07971691422355
347,5.4301616847443235,0.20509548852542908,0.7418440209829982,32.226354368801765,none,0.0,86.22702380463622,237.69150653117705
348,7.356470826029579,0.46679401756626826,0.7783608820559456,42.423702019408545,none,0.0,52.80166671296198,145.55190652280118
349,6.829108503078373,0.34390842551421213,0.7117387586477417,46.40502305582106,none,0.0,57.29772276839062,157.9456351996364
350,7.729258306575243,0.33499368828292964,0.4936718746131064,44.58074454845766,none,0.0,30.71518213975607,84.66879168930878
351,7.554684394180545,0.46997139526981596,0.7250059378008514,49.59088094955427,none,0.0,48.491195412203524,133.66975667842107
352,5.890221161599165,0.29502921561055984,0.5971949968034735,28.6585341871636,none,0.0,57.28883275779643,157.92112918992856
353,7.905263075574139,0.26530566176487225,0.6458121774572014,39.07670176195694,none,0.0,37.166920058417034,102.45350972611104
354,7.2757572071765315,0.368745650440492,0.3316835130706132,37.65856830151128,none,0.0,22.32733880441739,61.54704828206019
355,5.128825269461595,0.32145170616105284,0.362757266023683,32.46344715452314,none,0.0,47.35136406079932,130.5277227897233
356,7.371064001617379,0.41946084931583155,0.5521517077941247,44.59935469928949,none,0.0,37.7775441948723,104.13674271445356
357,7.28370021692688,0.311555392710708,0.7990115525852426,26.161564824928384,none,0.0,48.99687541439078,135.06370298760567
358,6.439941373363027,0.21988424766586825,0.3422990300344978,46.25020219979675,none,0.0,30.961626906806746,85.34813587605184
359,5.314635492956414,0.24724842443237122,0.4478439705113933,35.85852339391738,none,0.0,55.81248864740412,153.8514716717658
360,6.149606065941027,0.232795088235625,0.3813077330279104,45.574472262677475,none,0.0,37.68469070647222,103.88078484420505
361,3.3146747929315126,0.37464314302852963,0.4061812585339507,26.203856509302547,none,0.0,120.31862379425787,331.6676569865826
362,6.158956684072169,0.414879813274839,0.39736656939655435,47.35318509242912,none,0.0,39.52918402338899,108.96527432132483
363,5.478559771951345,0.37250511568929945,0.6916086832040406,29.23257850784554,none,0.0,77.07223141485679,212.45560833540998
364,3.3479567850701386,0.2854562158434324,0.6843423843913625,47.36351408481356,none,0.0,230.3977607368208,635.1093709794166
365,4.2470487113105575,0.35494595233078297,0.5221361985382615,45.18066054900872,none,0.0,107.95704428834846,297.5920003599305
366,7.178911346858295,0.4200327146605315,0.7414275400421985,29.139761286644482,none,0.0,48.081339002806885,132.53995557228205
367,7.423796822034146,0.3271831126958388,0.4665105550513558,41.94010080350803,none,0.0,30.986334874737523,85.41624531854383
368,7.669821146061946,0.32335023522976347,0.6337467417336484,42.620765059043514,none,0.0,39.59625382015702,109.15015743550472
369,6.939272220851102,0.464400518510717,0.574252286564555,40.9793504451605,none,0.0,43.40299254157174,119.64372919101424
370,3.3742970565621424,0.20309331742452985,0.596067840561475,35.51476693523148,none,0.0,183.8378067999215,506.76323185901225
371,7.720603985032952,0.48469491665380515,0.3355031021497912,30.612758291008227,none,0.0,19.04465569204138,52.498076626465355
372,5.370172074380682,0.37525244388267676,0.4543232781969043,26.068148220449217,none,0.0,51.20585877426611,141.1529376584942
373,5.765586360450555,0.3203218242952426,0.5952619716894152,28.76968386046461,none,0.0,59.656596237777485,164.44805362799033
374,6.601906284993673,0.4349368934557128,0.5697753877275273,28.82781225338028,none,0.0,43.573397024873856,120.11346242176711
375,6.633880243018977,0.22490394130374936,0.3096048479464097,25.79645765193738,none,0.0,22.80688849817804,62.86896435956598
376,3.623646461731355,0.22724942376852572,0.5617105711511474,48.97116908779622,none,0.0,162.7832066371062,448.72458673764044
377,7.8313075080969785,0.2890254796157219,0.39864480747180253,44.4650118028039,none,0.0,24.144915093617097,66.55733887864591
378,3.0989552916953595,0.40062527301998085,0.643184218685522,37.697728445854864,none,0.0,238.71904965794673,658.0476519470529
379,6.434815459568999,0.49190439533404773,0.7863075961519963,38.59001944181455,none,0.0,68.08360611299716,187.6777626470552
380,7.941181117577403,0.4597470608645974,0.33651952907232763,47.41866211647725,none,0.0,20.14331374253405,55.526613104524834
381,4.043819737410262,0.2837824819432144,0.6906070528947457,26.42101329228261,none,0.0,137.73310062776295,379.67201863862846
382,7.289754290077524,0.3034726570297873,0.6366152777993412,49.79893936501392,none,0.0,45.778317070233754,126.19149624674935
383,7.287416267180153,0.3078294971803476,0.5273216780614205,47.829323974151976,none,0.0,37.56259205028436,103.54421039120173
384,3.933696314674554,0.3091252009871048,0.4080308211506302,39.30459799472358,none,0.0,94.97420660547749,261.80379716012374
385,6.1669657381956,0.3195759246928786,0.6669398649064304,43.13186370352985,none,0.0,64.64674831175192,178.2037964533988
386,6.36088752576762,0.47156079399775847,0.676793178813931,45.16040182742307,none,0.0,62.37542426175814,171.94271481163167
387,3.597810255379814,0.31517271956698545,0.6543115182781916,44.821343152484985,none,0.0,188.1407168770688,518.6245385852297
388,4.874495058951938,0.3947630727158659,0.4632940004562299,25.551973704251502,none,0.0,63.06044675959664,173.83103267675176
389,5.691783327754409,0.4285502068147211,0.7560595002627766,38.24277356436161,none,0.0,83.48339940450214,230.12849220541437
390,4.431668617271111,0.33733864835152705,0.31651837008891004,41.06742826461203,none,0.0,58.68704793632972,161.77541822705268
391,6.457014247520321,0.2900539068608927,0.44665314099992937,45.241534953704665,none,0.0,39.966374990546804,110.17042526913414
392,4.527537998944529,0.42275056854664655,0.6512654396020228,47.97859860540591,none,0.0,120.28161122404816,331.56562894996364
393,6.764079728827826,0.3133163386958967,0.4839818904827896,39.41479018611579,none,0.0,38.126769018337626,105.09940813912364
394,6.675344991701734,0.25981521631327764,0.4375008626310632,46.11772573319678,none,0.0,36.804589318854944,101.4547168220026
395,3.7935168349882127,0.393068565205737,0.5472663897276651,45.4144326241265,none,0.0,142.00928526409388,391.4596545983964
396,5.737322834336346,0.4535061194645793,0.544942559852248,43.20369165181766,none,0.0,61.054248369917495,168.30079057732442
397,3.0861728339492442,0.2717830200026227,0.33796746907836356,41.507850455462176,none,0.0,129.5598675081242,357.1418649817478
398,7.128417844128318,0.37835971203914925,0.609360979851333,35.18598892106092,none,0.0,42.01305929561135,115.81226995076678
399,6.259680131397648,0.4884824537753421,0.40586466863308157,42.21446073574484,none,0.0,37.97919877109261,104.69261925705935
400,7.611811191360497,0.28748599445953105,0.7988870485642576,27.11821271769974,none,0.0,45.2614178945261,124.76662341501199
401,7.30794123935264,0.28937237926365433,0.5668392468523101,47.989461686622114,none,0.0,40.18461497831672,110.77202079387598
402,3.3109500715835,0.33255674844067573,0.6347911608750116,30.48520174094636,none,0.0,195.72729709617434,539.537537795892
403,3.090380251094618,0.27266216819857764,0.4108608123681532,44.206557708880005,none,0.0,159.56810171272804,439.86189964909727
404,4.13499282370722,0.40004288326379445,0.5731676537045913,44.316344630751445,none,0.0,124.41612152916414,342.9627285949858
405,5.957986669877153,0.4378481085357513,0.7166983432105924,29.12425798329104,none,0.0,67.46904865930392,185.9836871630043
406,7.681007942243735,0.40332529241993703,0.4521047427985989,26.698426363162703,none,0.0,25.05691350145309,69.0713335154936
407,5.464674173621006,0.37045899512130853,0.7500867638208657,25.084484879851534,none,0.0,80.86075208735018,222.89896062224955
408,4.27226291263572,0.23003095980454846,0.509836168804744,42.70490130466416,none,0.0,102.71589471236288,283.14436335722655
409,4.227661075994584,0.27950766530322746,0.5866256874021658,47.74391820628081,none,0.0,124.10628815573617,342.10864877723196
410,7.9120757114363025,0.34499022120025546,0.6782552947657177,36.74832864607232,none,0.0,38.372955042998406,105.7780390910987
411,7.1046910412119955,0.3562536171889537,0.5894517617154154,31.460032829603115,none,0.0,39.78333552605719,109.66586272879911
412,6.085153991847682,0.3876197279394712,0.3679556615212297,39.52271554671926,none,0.0,35.83996366555311,98.7956510811413
413,7.042908786083138,0.3269864961903944,0.668676033605316,44.10498293501536,none,0.0,49.97318936805197,137.75498844094224
414,6.90129218420909,0.4481153328949492,0.6576001341162236,40.88304069324075,none,0.0,50.22158140205907,138.43970041951897
415,5.001396764049584,0.3184360749659644,0.4335361824543047,35.806575546762595,none,0.0,60.98695520138218,168.11529171890655
416,5.330137674017889,0.3061149002879948,0.30435860320765645,44.01476949044334,none,0.0,39.69281132982279,109.416325735374
417,4.813249106685583,0.35041325764605175,0.5694490332952102,49.05317569682356,none,0.0,93.57255487069742,257.9400349950923
418,7.172066721860499,0.2511871706741489,0.5298698602742468,39.225512404508656,none,0.0,37.08311893486191,102.22250540153064
419,6.240452708390423,0.3054558777251519,0.671187220310208,36.71227118641606,none,0.0,61.0264099693682,168.22405185927803
420,4.693758715120305,0.44831794940561415,0.3498751078563835,25.389267876032932,none,0.0,51.27876905324764,141.35392051222587
421,3.8781369268318233,0.2411761661470638,0.3690828541771699,36.28745602564756,none,0.0,86.64035965970619,238.83089901460528
422,4.574028926084475,0.4010604898162452,0.548368851436425,40.450723718747106,none,0.0,95.08457320993695,262.10803130716664
423,3.2379221249108676,0.39982634767822983,0.45922033802457585,31.02897424583934,none,0.0,148.70778093432756,409.92457959823594
424,7.503019116276876,0.21862047677414173,0.33733989561906186,27.21065136389805,none,0.0,19.687195673115344,54.26928812697383
425,5.70180356667229,0.4956015814735052,0.30910799155429347,25.04468147039228,none,0.0,30.596245136178467,84.34093257244085
426,6.18254344543727,0.4904013371253137,0.7749843653626654,25.65489687571419,none,0.0,65.63790011459064,180.93598358694052
427,6.891874101592455,0.20527159486894736,0.4518687011915602,49.271810140310166,none,0.0,36.25690617030193,99.94498557336847
428,5.545033369100183,0.24561164701635763,0.6392831132737229,40.56858172405385,none,0.0,75.48069388572227,208.0684111833971
429,7.412771905760279,0.27493936371597844,0.5527235865386011,44.859753371590955,none,0.0,37.446778980014926,103.22496263883511
430,7.93495924859853,0.3273779842108848,0.6855480136982353,31.986970639691922,none,0.0,37.247341127296686,102.67519666430583
431,5.955840658202998,0.4575944790043292,0.7987752873527564,49.93445749806741,none,0.0,86.10771937683674,237.362634587109
432,4.809948511938273,0.3134603563764635,0.5926758086187216,39.33290932721213,none,0.0,92.28452616613563,254.38948355685253
433,3.3454171570815925,0.3014742387383818,0.5126888985279744,39.402116100175334,none,0.0,165.09608070101274,455.10020425113856
434,4.700190491381903,0.2849784075209569,0.6130781178741969,45.52683941713687,none,0.0,103.69439802825039,285.8416839490881
435,6.522923833761675,0.4005769253694733,0.4598288029777504,37.97534570588354,none,0.0,38.59139818372488,106.38019461748473
436,7.610483305199909,0.28363644396459897,0.4155426675462175,39.7205698923442,none,0.0,25.908873998337853,71.41982897835477
437,3.2608731102981827,0.3723550467758877,0.3927265934646494,29.739987208538395,none,0.0,124.06841351143646,342.00424436209255
438,4.825186568841642,0.23171882476287808,0.7171084060647579,36.92851158919323,none,0.0,109.2195962666054,301.0723231971014
439,3.03643162116675,0.26420276537520665,0.49668285121872824,47.51731752077917,none,0.0,203.4551354758993,560.8399261488265
440,4.672779728253827,0.3694830865292617,0.42096470463942226,49.04924998840796,none,0.0,73.39334502659393,202.3144714833615
441,3.108133148949831,0.3992928695465815,0.5021683628217992,31.59104951930526,none,0.0,177.27384087700665,488.66914856324325
442,7.049779096531748,0.22071727454044093,0.37856995996387616,41.201879856628594,none,0.0,27.76054018381111,76.5240910279084
443,7.375615146653712,0.3685117824929671,0.558226922078706,36.69564895755914,none,0.0,36.33050618790312,100.1478697505069
444,7.4821454171770645,0.2137552607248208,0.5031089893628492,48.61276956289625,none,0.0,34.1350782082601,94.09600154325048
445,6.3680504764915025,0.36432034282701975,0.753123216036444,32.89872057044719,none,0.0,63.98104311346092,176.36872822971074
446,5.372922746263695,0.4850157929848228,0.6942782997840671,28.885949584420786,none,0.0,80.20244057574384,221.08427366960123
447,4.911905983948907,0.2937922255333075,0.490539162599137,49.37243612111351,none,0.0,77.5261569850244,213.70688951875232
448,7.11463896272636,0.42653110985475473,0.5103483672295445,46.53087483992739,none,0.0,37.87911505877618,104.4167307099447
449,3.9057186103243593,0.49167101658861506,0.43390761906904557,30.003151149744546,none,0.0,95.76142815354649,263.9738346743363
450,4.090649441018683,0.3259376453630357,0.3488108200346304,43.677553829420106,none,0.0,77.085647009184,212.49258946297522
451,3.2322087494060328,0.45633174118777836,0.39898765490787685,39.42960967631322,none,0.0,137.66381406088271,379.48102481848963
452,7.8909849414465905,0.3794913288516357,0.5666296053453506,37.221325311401685,none,0.0,32.33242760612629,89.12685476676646
453,7.8754284894835695,0.4605762937923015,0.6041950416816458,40.92045168095217,none,0.0,35.44193297212301,97.69844847934031
454,4.0787326305246925,0.4540527444016663,0.7495834676290962,29.411502338421837,none,0.0,150.93930640490436,416.0759533673432
455,7.5967867156530575,0.20745081874185872,0.689078557076982,28.936650025303937,none,0.0,39.835883590760936,109.810715565329
456,7.898770808104504,0.4495928149664514,0.622247385426913,37.512653403423286,none,0.0,35.505205012756626,97.87286278656872
457,3.208463858359604,0.3713506493419564,0.633921946577551,25.716981666762212,none,0.0,199.48029701492072,549.8829743610119
458,5.100915705893999,0.3196819115569678,0.6557971806461991,26.215873437180527,none,0.0,82.03852769721713,226.14559081479112
459,3.6549990531179017,0.46235680543389995,0.3032051262364503,46.75222111297667,none,0.0,85.37212411761784,235.33490895992517
460,7.5532797515203285,0.2898430017096406,0.5999742861457644,49.800491030960295,none,0.0,40.18587480751842,110.7754936089425
461,7.68805439166726,0.4998373360782302,0.6122789602729726,46.744653655616965,none,0.0,38.96305048389689,107.40468312519947
462,5.644312902339227,0.4788240356947694,0.46396155347911205,28.584118401225716,none,0.0,48.438931460336086,133.5256870192475
463,5.020832983917812,0.33672439068522875,0.4580250449680998,39.66667642824204,none,0.0,65.59151354353861,180.8081153935693
464,5.127960090557343,0.39747131075864367,0.5662915944855447,36.039476072232,none,0.0,75.90125949363639,209.22773302624606
465,7.500695925430768,0.32000064774768544,0.7256682869854845,25.49561022307198,none,0.0,41.692208439563,114.92781958375427
466,7.4689349546495585,0.38881400294562984,0.45767784442359105,49.95663449477225,none,0.0,31.375766986549745,86.48974526130515
467,7.6924524304517625,0.30761671629453385,0.32578279965389423,38.12966825797933,none,0.0,19.679669123130743,54.2485406026758
468,3.2383572981641464,0.47900149533032793,0.5580156488648724,29.160012930459764,none,0.0,177.86778678899364,490.30640674852714
469,3.689551449165462,0.3719679149925933,0.6034087861931325,38.745326855211985,none,0.0,159.08265970653449,438.52374093593454
470,4.012490828634405,0.31763633297200833,0.3149319461628945,29.435423548689037,none,0.0,65.54049344962407,180.66747453027378
471,3.457777416789203,0.25666693230030535,0.4526454623396847,39.13176073158309,none,0.0,136.20717148263236,375.46567609244113
472,6.945249131868464,0.35345537176614195,0.7894620220355746,32.53533882416648,none,0.0,56.227392172347606,154.99518555093186
473,4.405743364790305,0.26219788439885766,0.4476139397571105,41.59019165490732,none,0.0,84.2396327426735,232.21310829778398
474,3.6739068785650284,0.216572496895937,0.620155842203465,45.13287554175669,none,0.0,171.30550723659383,472.2169720745879
475,3.8856971211700686,0.4407978276544296,0.35285853464781064,42.48203835733952,none,0.0,85.82574753737946,236.58535724890947
476,5.537322389441341,0.34405553119719895,0.6657595247464614,34.49940169048033,none,0.0,75.69621836103482,208.66252118639707
477,3.820328746249646,0.28021069475152466,0.575164830555436,37.58184496520252,none,0.0,140.35855775280692,386.90929565591165
478,7.408493493018674,0.45464505063871996,0.775141660070292,35.29831007956159,none,0.0,49.5180202013547,136.5002791829546
479,7.823900022926272,0.47002751831777534,0.7427334288652366,44.05872376350073,none,0.0,44.967411421269205,123.95617167872219
480,6.509176560660563,0.22856997280878577,0.5909204611816707,44.95533611421945,none,0.0,51.948828668373736,143.20099203266264
481,5.081292640178876,0.32899540367506597,0.3789412979177391,31.93573825543575,none,0.0,50.18758366470693,138.34598301152315
482,5.3533026036618745,0.2753560821486794,0.764059331766425,49.38657996575688,none,0.0,101.66916550144452,280.2589727729329
483,5.142038919273519,0.423918948028434,0.7325480490298468,43.95747668586546,none,0.0,102.61884183040475,282.8768295229002
484,3.5192082959266595,0.44933965940425125,0.7829590723268651,31.89964540151961,none,0.0,216.12206185374913,595.7572952169984
485,7.774627349465207,0.4886545105598268,0.41209767828015753,34.83186110848894,none,0.0,23.825317523986502,65.67634328610976
486,3.716959307428861,0.4397074313331263,0.36879977528015784,41.02558689237027,none,0.0,97.18120019398569,267.88754687372955
487,7.849970231734708,0.3545075037527293,0.7415080118683199,35.583232901141535,none,0.0,42.276079121309934,116.53730458508198
488,4.348728301172039,0.22050297984274303,0.6731823496301971,41.17524408199003,none,0.0,129.70918771570103,357.5534777723609
489,7.417416127490504,0.3995921843860115,0.5775250351336991,32.60321809786826,none,0.0,36.08146536391397,99.46136932360054
490,7.000642105426353,0.21955827463901414,0.6545713596705798,27.45705350184095,none,0.0,43.97929398322041,121.23234899911755
491,6.467100383289057,0.3690924982692648,0.4072117032054927,30.101258513144792,none,0.0,32.805807570052124,90.43176350511202
492,6.095879218870726,0.20424901696339431,0.6177812976211796,49.67525451180229,none,0.0,63.489308631280046,175.01322382993288
493,5.948778125875734,0.44706310114466996,0.5539708654356279,44.739836836731655,none,0.0,58.238275225335975,160.53834129304204
494,5.879226796189816,0.26660574315996854,0.7287109756090397,38.77320630209851,none,0.0,75.6748092981518,208.60350543654732
495,3.9135673981109687,0.38486217994769906,0.3363580463028746,25.981319170016825,none,0.0,71.32224563971675,196.60532472586067
496,5.738968898980106,0.24520733295119188,0.5561236843318087,28.010892278411784,none,0.0,55.87774968036429,154.03136878704612
497,7.078354478966738,0.3374849401712757,0.6716519329515498,46.88604837339629,none,0.0,50.459632568895145,139.0959070021888
498,4.007767106753752,0.3544928755522634,0.7570874490636861,47.4853852443363,none,0.0,177.98549385621143,490.6308754259768
499,6.104524795999308,0.2261664953122495,0.4261923834332255,27.44566606739782,none,0.0,37.655110516374165,103.79924474364293
500,3.9002621133853226,0.39875536105078563,0.3015078374730733,34.669576711752356,none,0.0,69.18336390771796,190.70933066185736
501,3.8764735018911347,0.3400114907011773,0.37408512246819486,32.223819675266896,none,0.0,85.31876784630803,235.18782824968707
502,6.873078849776931,0.267031246606489,0.35699210458221176,30.90594505195905,none,0.0,25.631261922775447,70.6545696687825
503,3.8831003540158835,0.42025589225703824,0.3185976077046676,42.862317696377595,none,0.0,77.7692153537608,214.37689883862654
504,6.506200606118162,0.2603967956410622,0.6307309356489108,42.31355234997598,none,0.0,54.66541226870147,150.68946629241694
505,4.438914441668766,0.4870891333029196,0.3086643704407843,48.45626421460096,none,0.0,59.45302516637413,163.88689411449354
506,4.857572421128343,0.25496059280258315,0.41403161624078777,39.796851352965064,none,0.0,63.39582222035258,174.75552125474493
507,7.885782598033995,0.3790406484407558,0.6901630281013924,47.87070722185962,none,0.0,41.993596856333184,115.75862022327718
508,4.072758614567668,0.3281578719872317,0.5846499521002508,42.99347649528626,none,0.0,129.8293074894185,357.8845972736363
509,3.3167626595819857,0.33099777311793704,0.6292331045395314,43.235301299439264,none,0.0,210.98224915514078,581.5890012454468
510,7.382858654018917,0.3792212444415137,0.44622794082487227,41.22559031139774,none,0.0,29.840280173442466,82.25705628072109
511,5.608364991981077,0.2994957653886001,0.5007591770398289,25.737108435103515,none,0.0,51.582197346485074,142.19034424004187
512,6.92642209461132,0.3491663714169573,0.34433539209204056,39.12486474619715,none,0.0,25.821441957563867,71.17881574742995
513,3.510912486780793,0.3525157345378282,0.7732793497895468,37.49600167914371,none,0.0,223.30382742860226,615.5543913532113
514,4.64836992375702,0.23355251231635243,0.4704781797813089,37.491235654236114,none,0.0,77.50399386304653,213.64579515164587
515,5.171757639045934,0.46337341905867246,0.3949159893489059,28.97424415194925,none,0.0,49.275942578731744,135.83297336039405
516,7.2359605747990825,0.449106989448075,0.3889162645010615,40.18357387373498,none,0.0,26.901678913087505,74.15657304413664
517,3.3662352739379378,0.21804954547602962,0.5815234115346984,28.354597897045384,none,0.0,170.3482462428246,469.5782076126201
518,7.36786752104405,0.38991445246365825,0.49493501842185456,47.15391063924116,none,0.0,34.36746650856358,94.7365979911048
519,5.8633724548893085,0.24088135167052444,0.7764497665605465,47.14140775333276,none,0.0,85.12802518958826,234.66203127559842
520,3.867680270483483,0.39757998165694153,0.519719994177432,45.85682232117695,none,0.0,130.053728353729,358.50323087530217
521,6.578875312079323,0.27467365245718106,0.518107463694313,25.872092827899614,none,0.0,38.83541505851353,107.0528461355145
522,5.108805413749727,0.24195334907368618,0.6181064501835245,42.026228144008,none,0.0,86.73775540645607,239.0993779652783
523,4.742380082290598,0.4630786169178722,0.37318331812030936,40.58881124753305,none,0.0,60.246887066388034,166.0752362610805
524,7.034935034370771,0.39375053997760256,0.36464601032425986,42.4980127796357,none,0.0,27.06119448618782,74.5962901456182
525,7.293754815212188,0.20338692481866238,0.5120321759626076,27.492192439265576,none,0.0,31.703032026622726,87.39187683064974
526,5.200655779832653,0.3052289640807977,0.3210477355650154,35.283393267022745,none,0.0,41.61496186727219,114.71488338613709
527,5.301097436229664,0.3909837143448758,0.3485801387941809,33.5122229182514,none,0.0,42.93143418789056,118.34384186790751
528,4.80637014585284,0.3029386890581006,0.7703309792110872,49.558936096646214,none,0.0,127.27026646503967,350.8304013955455
529,6.597892376203632,0.297396043979161,0.3246486250930875,45.297997925431005,none,0.0,27.830844746222052,76.71789102696732
530,3.537876823052323,0.22529671900005024,0.4927867741979677,38.006725485529216,none,0.0,140.61843610736122,387.6256705691527
531,5.83103563178761,0.46476148322626437,0.7341101653765661,40.55560063430391,none,0.0,78.37653865517288,216.05103281024233
532,3.476517114537098,0.2494974795052874,0.653132980949974,41.052027921438196,none,0.0,196.76599597392715,542.4007921763688
533,5.318348650390748,0.30230714738249426,0.33408263010741035,26.228901467868518,none,0.0,38.450220551919955,105.99102748117944
534,7.277809030718274,0.43912260605613623,0.5683725405520113,40.69296439702015,none,0.0,38.98657933159507,107.4695422273483
535,5.566840825704672,0.40195656507517746,0.37720552073864877,35.051613343926704,none,0.0,42.60307624277867,117.43869761744965
536,7.701152567295837,0.31730707577559936,0.5721509430828934,27.83338109017364,none,0.0,31.87455850753973,87.8647029380942
537,4.803716515469735,0.45859067290946753,0.3098906283919825,28.53304850490893,none,0.0,44.64720422977145,123.07349561339264
538,5.193716355084259,0.3217200777078341,0.4663995982911514,34.00119283006736,none,0.0,60.059093578041264,165.55756889479775
539,6.5381701945329755,0.41977240761579593,0.6964309704130679,29.3163128503931,none,0.0,54.53138059133446,150.31999754071492
540,3.8792529731873815,0.44597347865438874,0.36160121083131636,48.15479081140006,none,0.0,91.05358945271773,250.99631062789814
541,6.2135343137775205,0.23947296590294725,0.6348510428118805,32.21311690862656,none,0.0,56.35158623441281,155.3375361484065
542,4.267786987132177,0.2582497487950665,0.3479303761189395,30.214521897391208,none,0.0,64.4235023707824,177.58840162987468
543,4.925828867792006,0.21148481982669212,0.7726080116761628,37.47028508150522,none,0.0,113.32502942815617,312.38926943674227
544,3.72431098625935,0.4403176087638949,0.5541238797064107,40.65025190350974,none,0.0,145.10565012144596,399.9950254810935
545,7.243692129965248,0.35060324069740023,0.5645269772408616,29.573815800617904,none,0.0,36.0906826689829,99.48677754411466
546,3.369122566515608,0.24338300214788045,0.6330302954412288,44.211798648756805,none,0.0,206.8611537270422,570.228880734145
547,6.1095609178094055,0.3979070401027993,0.5056474689911142,38.92030114663774,none,0.0,48.671576083828676,134.16699005291304
548,3.298798265742222,0.25629411514626677,0.5320670239944656,26.718200823204473,none,0.0,159.90430413057803,440.78866777949304
549,7.691554121142637,0.24404877570288935,0.6577902404703085,47.16947562957053,none,0.0,41.91582420022801,115.54423383743121
550,3.489802204388202,0.4382062948569329,0.6586842119030475,30.556783546501038,none,0.0,182.91783863397578,504.2272679671046
551,7.462794556859392,0.4561412365025347,0.658046989610561,41.51297786654033,none,0.0,43.142313415105846,118.9251468746857
552,5.841406181130065,0.3427895848506197,0.751666705777181,49.4545387323213,none,0.0,84.03216720708298,231.6412133912301
553,7.20687911375142,0.37055176239953713,0.767346273726909,45.215935338476896,none,0.0,55.109099749863155,151.91252539283454
554,7.968143301347776,0.2587070367812276,0.671675417825826,38.87237735460445,none,0.0,37.997846217072535,104.74402239489484
555,4.684408058521677,0.3946547549765166,0.5094306397199888,26.156749623200337,none,0.0,75.52227953726181,208.18304527185828
556,7.951836041026768,0.38757466923992945,0.7368824545984203,41.43277370268554,none,0.0,42.53073689536227,117.23928857724421
557,5.603268747780786,0.4771346269527423,0.7177768306904044,38.569537838394,none,0.0,81.9541898557843,225.9131069783244
558,6.978176631329719,0.3324050148620084,0.31637524758885116,43.84269777305812,none,0.0,24.048966772889127,66.29284985872637
559,5.666439215743259,0.45526798390311074,0.41477194263929895,27.645523561263943,none,0.0,42.60873391863965,117.4542934453833
560,3.1261718858574876,0.20009393692578106,0.5722718536032104,28.347878755711438,none,0.0,194.36154594357325,535.7727383988686
561,7.837690131180895,0.237180304045738,0.5306230172709059,39.23644206382973,none,0.0,31.098241647545745,85.72472505357489
562,3.4626864102757033,0.22326546166068306,0.7095776823945462,47.11023449549297,none,0.0,223.02623971889452,614.7891992182114
563,3.91270188673942,0.47754124805074444,0.3653389662291053,41.695650165715676,none,0.0,87.23056523113776,240.45784663863625
564,5.813483670705804,0.4151206327375744,0.35315688021972497,33.12975750940442,none,0.0,36.062252099870314,99.4084064640069
565,6.737169469320219,0.48410132880875517,0.7770902706181397,27.149226787882277,none,0.0,56.21593224208989,154.9635953643572
566,4.2740633180421455,0.4254873436207876,0.5618747467399534,34.84576935835449,none,0.0,107.49757006871485,296.32542387223236
567,6.440460947719371,0.23861306381731215,0.6902285086638063,34.719896338922894,none,0.0,58.10414550230646,160.16860226492335
568,6.003742382840934,0.21361575449985473,0.39452182436895383,34.116363081702644,none,0.0,38.05144383620365,104.8917684034434
569,3.4040730161720036,0.22987837306902026,0.4350232756848697,45.94459668595664,none,0.0,140.59727201424127,387.5673301206691
570,7.685966295868279,0.47328118957718784,0.7984434960623468,30.29413518587883,none,0.0,45.61318505592437,125.73629699290753
571,6.6013260674246474,0.26309064170546614,0.30801866187362875,32.9519649137535,none,0.0,24.360629808014682,67.15197328611026
572,6.23633367511557,0.33887076884565703,0.4658379883038115,41.84409846261034,none,0.0,43.821606057014215,120.79766995015466
573,5.795649129992977,0.3574692371514576,0.6202834791426389,48.43300396984425,none,0.0,70.07690588635171,193.1724487165235
574,6.877119196888497,0.29359568247749435,0.47499919044370376,36.95225420760116,none,0.0,35.61996785214816,98.18921549080115
575,5.631751877071418,0.2309243496952273,0.4984213933015626,29.045949622920325,none,0.0,52.4788812238619,144.6621231861449
576,4.957606439295585,0.299067535633289,0.43191304763096905,46.94640707535716,none,0.0,66.16926985456287,182.4007456580221
577,6.514003053533266,0.2812101879919499,0.5010008317637793,39.99101047258431,none,0.0,42.71069601243066,117.73535989779923
578,5.641025527545564,0.22828192938042333,0.780774646587679,43.630937724845424,none,0.0,90.71137125758254,250.05295952969882
579,6.001375771447289,0.2883235923946579,0.6165839518761951,43.742339620148186,none,0.0,63.331474682648796,174.57814226416386
580,3.4182790125945886,0.22779330219868682,0.48409945440284496,49.9826643556633,none,0.0,158.4630277710295,436.81567724854995
581,4.506228784005975,0.2578013970256923,0.31379850673208587,27.265015685488233,none,0.0,50.79598179894289,140.023079849503
582,4.187377265552007,0.4925502001709207,0.7459032602837995,37.40519387268159,none,0.0,151.33341215912156,417.1623365554228
583,7.068622062733509,0.46148614194485577,0.30309526789235974,49.12758531792963,none,0.0,23.10173032184804,63.681718809747196
584,3.800219605932862,0.4218630428393643,0.5734053757334844,36.45775716712494,none,0.0,140.34449487883123,386.87053024412984
585,5.649716134853147,0.3594930861837534,0.3188786865180002,33.06426616692732,none,0.0,34.460016603405535,94.99171953625925
586,6.960460424516347,0.4671933601720957,0.4993562420332653,48.19303724834907,none,0.0,39.06466850669565,107.6848011259822
587,6.464851785428249,0.4686976243493543,0.4846572851978363,34.68455308189044,none,0.0,40.48136506479034,111.59003551306105
588,3.804608827518247,0.4717451726682142,0.45626229263280327,38.04337062061476,none,0.0,112.60763203535511,310.4117076609746
589,3.069185169497549,0.2968499339159339,0.5685018180100834,37.75708225369375,none,0.0,215.19828473800027,593.2108316475679
590,3.7869488267687568,0.24149482502543962,0.5594203918717378,49.434280543133895,none,0.0,148.78871656312018,410.14768496785916
591,4.38222464339066,0.2794314785380634,0.36062278045295726,26.904845210071986,none,0.0,61.52123307191074,169.58807027530412
592,7.146055698227502,0.32564785567898424,0.5505896286783094,32.86394251373436,none,0.0,37.13459324898438,102.36439835615485
593,3.626157532312715,0.2788749147108345,0.7199391587921858,29.39041715435055,none,0.0,183.38230284823183,505.5075997460702
594,4.82021315949666,0.30153978806081666,0.6696443689290676,29.585884505548258,none,0.0,96.69107652234284,266.5364827987665
595,4.61692055588667,0.3547762464327948,0.3054748999009438,25.80826152285722,none,0.0,46.46371583603305,128.0808513337046
596,3.631587916101906,0.23892377486516966,0.760668802277993,46.5996259973127,none,0.0,216.77121448892268,597.5467350080119
597,6.6887532150682,0.20169281378341591,0.3642346445291827,46.1603660393131,none,0.0,30.525426480212555,84.14571543339743
598,3.5460679926712206,0.3387989065278889,0.49540080177464574,43.76673962809883,none,0.0,145.76463178586152,401.8115597615411
599,7.3362373042952695,0.41768105087228125,0.4658126790178744,25.320372869834166,none,0.0,27.927728306419215,76.98495810554928
600,3.8356725915010665,0.31082077291628296,0.39370782112106323,40.250895487543374,none,0.0,96.95905936375702,267.2751983626801
601,6.398657045502763,0.4795752732916921,0.5570740204325206,30.78918823367422,none,0.0,46.10396967868494,127.08918302518899
602,4.536117024367414,0.282806805563077,0.7445530173491555,36.54187841322291,none,0.0,127.97595168808009,352.77567767094934
603,5.7876384791054685,0.3322462562426646,0.6024188140966806,44.1991059411873,none,0.0,66.70411556699662,183.87508952228262
604,4.427938830009122,0.3928472363639396,0.3143221042824778,46.25890448392242,none,0.0,60.1414724593755,165.78465269227934
605,6.624793593863427,0.22868020192535832,0.6442057797960101,32.54919221215176,none,0.0,50.4334282204468,139.0236726780313
606,6.163499536500641,0.4353274299029277,0.4093218965238152,36.577567941155955,none,0.0,38.116891139023814,105.07217899444412
607,3.972280619096381,0.344124265056726,0.7103619670245851,27.585680411973556,none,0.0,148.41380740241803,409.1142186684986
608,4.484023039507882,0.48486775366814183,0.548550454389695,26.100358570128076,none,0.0,88.70458120400751,244.52108646379784
609,5.889020797032451,0.4053335655131566,0.6667604786596334,37.702032326585474,none,0.0,68.5296300041936,188.90726223429579
610,7.965003887679435,0.40128396106759323,0.645632932453416,39.14550468534446,none,0.0,36.61741547440638,100.93875754349445
611,4.715864374337897,0.41504284302154937,0.6268251543253793,46.213297696197245,none,0.0,105.710728623893,291.39985626302155
612,7.565695036229891,0.2057414808648695,0.5607237776730386,35.077331533091645,none,0.0,34.2934730244687,94.53262918933163
613,3.9772640879944317,0.28092097568446106,0.40706253989421926,35.112187436145526,none,0.0,90.10736191450935,248.38796073745263
614,7.713989672618521,0.3773898806633247,0.7372878072432123,34.78727166849451,none,0.0,43.28501385936145,119.31851177181541
615,3.8052116879743307,0.4226320948443712,0.33198493198692136,49.18673104207963,none,0.0,87.34262529663009,240.76674892446724
616,3.752963770020605,0.20512659834402114,0.30719542652458187,40.178387864395084,none,0.0,78.9891884240643,217.73984962707095
617,5.807347728983747,0.38696614085567893,0.6227589583298064,25.834465763718207,none,0.0,59.8849533178196,165.07753770438998
618,6.453794466115054,0.2555480246340304,0.49360529460229197,34.33291350218093,none,0.0,41.26489427173196,113.74989479498484
619,3.924761654331123,0.24918069748104607,0.4904377694094569,45.6254654696077,none,0.0,119.03171285500237,328.12018675454317
620,6.632491411008569,0.2424765159836741,0.6429823749770898,29.01384745396164,none,0.0,48.797832264137355,134.51502504048085
621,4.901973782274082,0.25976166572065895,0.5730379156989962,35.92664412519894,none,0.0,83.98448748419143,231.50978051094737
622,4.076481965383835,0.4566391340247373,0.3348401506561048,48.55498218270914,none,0.0,76.51180557099889,210.9107508496878
623,7.751581759851661,0.4804076697309742,0.7228527222864045,26.57064882127326,none,0.0,39.2892030521051,108.30374807737084
624,5.385746244799426,0.3154788258897224,0.6765300915407426,34.2791783330134,none,0.0,81.1813871237083,223.78281606547844
625,4.333276870341429,0.3674316985043551,0.4530082506216996,47.918090412580455,none,0.0,91.30648687487435,251.69344207738376
626,3.959538003099649,0.34799466749150665,0.7030099414312436,32.692191143959334,none,0.0,154.23643046666507,425.16473261272296
627,5.917445974467145,0.43183576825883285,0.6535895666565481,30.371501955274177,none,0.0,63.03134844017994,173.7508208950182
628,7.456467585940119,0.3766903247101639,0.7919612113088873,40.86802799377995,none,0.0,51.80683800943757,142.80958372051072
629,7.814756946165441,0.45567733013480854,0.6555752309901131,36.198207239849346,none,0.0,37.87624131491604,104.4088090131337
630,6.018061322192137,0.3093436683758302,0.6156053177881672,35.436448672618,none,0.0,59.656149193908725,164.4468213144285
631,4.641812991099319,0.4440849006868565,0.6750144277233645,29.75914591693814,none,0.0,105.25589172465172,290.14606294697137
632,6.595284854027774,0.31743687140826937,0.667229975557089,42.16133989450053,none,0.0,56.22643621595534,154.9925503813429
633,4.49051584074797,0.3169983517799404,0.7536736512368065,31.478453301987788,none,0.0,127.34964428310326,351.049212544809
634,5.2986975569343295,0.31786227181609383,0.6799979337976807,46.2707522111677,none,0.0,90.86559894636036,250.47810015696783
635,6.942488016467807,0.46945630107116887,0.5136100471576397,49.49791811593492,none,0.0,40.65870007456703,112.07887328590907
636,3.9391207585425048,0.4786624721860307,0.3916716780194917,40.106892272435275,none,0.0,91.3759394100308,251.8848934038373
637,4.8144672240539546,0.40417060395290755,0.6574094484706273,46.02917266452522,none,0.0,106.26770167892357,292.93519588307197
638,4.047260432557627,0.2302049998229426,0.6196191298190843,36.55256023692287,none,0.0,133.7936458898166,368.8126048341172
639,6.286624932994991,0.2903737611527266,0.3754227133786672,37.09974171009599,none,0.0,33.72342591292398,92.96124993026699
640,4.770637217565744,0.3446321689391598,0.7245422113808604,26.71236187912631,none,0.0,104.11001373896144,286.9873610307002
641,7.5039934255583685,0.4970603934748722,0.3001597911612489,46.707500401201884,none,0.0,20.045542046118655,55.25709780791167
642,7.913908340126331,0.3983004444700414,0.3134973661268061,46.52035347085978,none,0.0,18.80468830077513,51.83658782276635
643,7.880414985411862,0.39541732251719863,0.5004091325164629,47.0781673668318,none,0.0,30.36235548874491,83.69619754825672
644,5.133838791757876,0.3167141033750307,0.7289796184104662,46.375615148364375,none,0.0,103.82617995573385,286.2049511001373
645,3.103289970994081,0.49341638002490423,0.7473205432622401,26.915044764903293,none,0.0,254.25207425886393,700.8656439966927
646,3.628326843089365,0.4310554743294464,0.6616109401288804,34.66528339240428,none,0.0,175.41514471213787,483.5455078529699
647,6.974248183065328,0.4208597629116828,0.6072053898278835,32.484223914116086,none,0.0,42.87088697031684,118.17693874446375
648,5.845579054580388,0.3934875589611273,0.7161174348675483,34.7257223475264,none,0.0,73.18052420302044,201.7278143161035
649,7.428185442511653,0.4935593144160609,0.47600958256346104,40.03374445965442,none,0.0,31.214781361432223,86.04597584853434
650,3.2276479947049186,0.22873326031119012,0.7499238757336077,48.418721162171366,none,0.0,273.15031324564677,752.9601115766803
651,5.336614031115512,0.3626855842851079,0.3923976335327427,28.189728731146307,none,0.0,45.66895133473667,125.8900210848394
652,3.295556579501218,0.23556487770725387,0.7621855590736453,41.893172838453665,none,0.0,256.8280817746424,707.966609353214
653,3.1808452703332186,0.39022271049129054,0.7786214770189608,41.66254783519324,none,0.0,281.2427078935904,775.2674276458359
654,6.021337529913561,0.4607139113831479,0.6080294887305719,32.15914875276326,none,0.0,57.44713264387325,158.35749515176394
655,5.255204205031293,0.3982040403737941,0.32162861062806136,31.43390146424337,none,0.0,39.66692881662515,109.34497856721393
656,5.23571464468108,0.3546577504916082,0.7307399376840054,49.238811647027916,none,0.0,101.57604993706153,280.0022924681501
657,3.884519078321732,0.3156758685662023,0.5643195953350905,36.32919529252377,none,0.0,132.07422802802785,364.07289558951567
658,3.8685203972071434,0.3476369848030726,0.6957465040612074,47.82142839234791,none,0.0,175.86135284207725,484.77551529781636
659,6.577559330622805,0.20157907226524283,0.5096961773538011,30.415013475305987,none,0.0,39.79764323148321,109.70530303181314
660,3.1188056287387877,0.4185240014988504,0.6477375218263287,27.609475613542042,none,0.0,219.5788464705042,605.2861912554232
661,3.619514916079249,0.46401183827787573,0.5300450982567335,37.55167708476865,none,0.0,144.06979514533475,397.1396105694751
662,6.9638923671507875,0.31291536569830103,0.689501150189547,28.91316530954563,none,0.0,47.42510789584929,130.73100341201524
663,6.558643473860483,0.4918255420240482,0.4417578549723813,40.8089420916689,none,0.0,37.337788459413645,102.92452178275417
664,7.036009290117379,0.35764345340837234,0.6001490096071682,33.56478520671612,none,0.0,41.97404042262739,115.70471139069168
665,6.500265506382444,0.3003603447277171,0.42760098598509744,28.81461682484841,none,0.0,33.727429350776056,92.97228571930214
666,7.7391806494428375,0.48021941830386494,0.528850805980371,42.69108237973296,none,0.0,32.466166888891706,89.49551751294364
667,3.1623752987812663,0.2268532726632108,0.3585642863582547,37.72960603594243,none,0.0,127.82455908139619,352.35835216236416
668,3.271002258631911,0.20075281192875707,0.4797363334785406,33.07082513990807,none,0.0,154.6698642494438,426.35952659336584
669,5.870879759248299,0.2811182164690042,0.3010423920014603,39.50548851254849,none,0.0,31.49844880979048,86.82792726163024
670,6.098665704804141,0.3157146349330996,0.47197441796577094,44.17014431281891,none,0.0,47.058115397226544,129.7193600088012
671,5.736191146677335,0.2861260827678073,0.7557935357784402,40.31940497063189,none,0.0,83.26030452383428,229.51351378541716
672,6.681241458906571,0.43994888562365697,0.34250855892201393,41.355155770512866,none,0.0,27.989364123767704,77.15486203866203
673,3.481873769190061,0.22530130554187963,0.7433541915251991,30.74861778308564,none,0.0,207.69673649590746,572.5322297075435
674,7.518633902967442,0.40729678506048994,0.5017677830193834,42.642743888555685,none,0.0,32.62794370333141,89.94146790408129
675,3.8571854129787333,0.38154672595726624,0.6547686893291529,41.534897525446084,none,0.0,160.7139891388538,443.02062757328457
676,5.217150735993419,0.26045315946803843,0.3271845859437984,44.41475043318485,none,0.0,44.63868532550191,123.05001258469157
677,6.243049347484735,0.20963571962356664,0.7561713342762164,25.78127286188911,none,0.0,62.886335154387936,173.35108048595941
678,3.7729172160351103,0.2338860501152038,0.5378565727407878,41.0231133538299,none,0.0,137.55380399480418,379.1777734864457
679,3.195828035788792,0.4737009127521998,0.492997976516513,45.070362615912416,none,0.0,179.90971607540436,495.9351438339903
680,7.787479518262158,0.417419255262359,0.7852741197434079,42.93824715534251,none,0.0,47.68063720502081,131.4353898534028
681,7.0163867700323355,0.33842591847683645,0.5102025485151354,46.440527805660174,none,0.0,38.91736175941969,107.27873860081152
682,4.551010904876686,0.45491070950046375,0.6334995487877206,45.47251034107815,none,0.0,114.2539736146532,314.9499764417534
683,5.379074929524912,0.404866590614034,0.3161213258018037,34.34616635429247,none,0.0,38.04623595931812,104.87741249200961
684,5.053030794819817,0.4373470374759041,0.4198822173464478,42.59520587539476,none,0.0,60.43204564094866,166.58564029603156
685,7.593178151115236,0.25371555913858346,0.3864708370270854,33.97695989999491,none,0.0,23.279261634957702,64.171097701862
686,4.10273239148204,0.30812172386519443,0.5106322878494325,45.1234444824692,none,0.0,113.10087787077406,311.7713782225598
687,5.720838290256305,0.45119670639853016,0.39162911711020293,41.668966564565125,none,0.0,43.73330866307021,120.55427130928899
688,6.3919376942028245,0.3515919214636062,0.48201965371509364,30.710020689966225,none,0.0,39.95059305326206,110.12692112644862
689,7.430217192840488,0.2547301571445421,0.6947209744887843,40.62062422305546,none,0.0,45.69803906757572,125.97020368104617
690,4.855578687959181,0.3559080890335433,0.7768165796664306,45.622368629351286,none,0.0,123.17837584367149,339.55078621638637
691,7.209879241710674,0.2502055194828056,0.49159245575566674,34.377705462744366,none,0.0,32.939876943248805,90.80133617470553
692,4.223598133225826,0.4289008999751923,0.4429730362570346,28.25167072828568,none,0.0,82.3524776906101,227.0110184115753
693,6.173520961836439,0.4815951124623149,0.7352076515733024,42.913710622323364,none,0.0,71.02262243885198,195.77939004736317
694,4.8939190053475485,0.21474859518039613,0.5232900429579855,40.7655398219833,none,0.0,79.41558486921161,218.91524462129667
695,3.8431384212781845,0.44468966771422913,0.638727034993311,43.513738242905006,none,0.0,159.77299131761205,440.42669381191075
696,6.9446389442696566,0.26403081149072943,0.6510521917390389,40.67050693089703,none,0.0,49.038805368087495,135.17928617576635
697,5.018441736971891,0.4532614585768559,0.3510273561714551,45.6160405049339,none,0.0,52.105804976219396,143.63370944893794
698,6.660433614843269,0.4819011552586168,0.6181922336306187,34.970169460672416,none,0.0,48.74684291778434,134.37446894194468
699,6.790622056559455,0.3124646710450563,0.33038675246362365,46.68524670514016,none,0.0,26.94026994710055,74.26295223450718
700,7.681669619198137,0.30265075370829997,0.30065644932237107,44.58670118374391,none,0.0,18.939309157523173,52.2076806974407
701,5.689801626416696,0.33347552349564435,0.390278536681449,40.802241417723764,none,0.0,43.82833233660012,120.81621146646106
702,4.639693653126869,0.34098342470531573,0.42332583929291684,39.967723000530384,none,0.0,71.12577973339046,196.0637511543778
703,7.8171774909594065,0.33019600535343824,0.7406619512823936,38.02034438086271,none,0.0,43.293991139682895,119.34325833918467
704,4.176195775997855,0.21824032736495683,0.3239275659707198,31.72563906198075,none,0.0,63.407747551080355,174.78839436568077
705,4.041186984975065,0.24693208546315612,0.5389909909480636,45.79203449554842,none,0.0,123.4993360401329,340.43553799934216
706,6.923365404220153,0.4251260925370983,0.3214224645880727,27.081500054672272,none,0.0,22.004597134246882,60.65738573169719
707,5.043645806099587,0.3932263645902853,0.5902963409934066,36.14623987254869,none,0.0,81.84652314114935,225.61631529811444
708,4.225895335103639,0.28251735894500274,0.7728860258859443,33.886306937137164,none,0.0,150.20609834852928,414.0548082452566
709,4.877250287629061,0.48337295299206173,0.6284380481233618,34.88295281428803,none,0.0,92.35687256808451,254.5889120431055
710,3.9736884314403134,0.346056700178483,0.4744269602738187,26.497955364458885,none,0.0,98.0592011298343,270.3078248357885
711,3.316317621197568,0.2342412178070431,0.6316279078307994,30.124464926236953,none,0.0,193.54521197783367,533.5224502475605
712,3.0270541543066987,0.44586235305655936,0.3417699607360168,33.438072347654035,none,0.0,129.020089443222,355.65392471193616
713,3.37197492529432,0.495267916310406,0.5672069939647904,47.192170459660176,none,0.0,188.08056266054638,518.4587188277986
714,4.155565219673459,0.2783568318918823,0.41587536837947553,32.32951752191874,none,0.0,82.6049974134436,227.70710870104475
715,3.2293092878814864,0.23734747168364273,0.4341137129441984,48.12413124819767,none,0.0,157.71698636971288,434.75915602096234
716,5.517641913324123,0.2743876143118871,0.48276492642107405,37.26202555232322,none,0.0,56.35712427295395,155.3528021833574
717,5.776782148031324,0.45749637776689545,0.541563090265583,26.112852206777916,none,0.0,52.770860827463665,145.46698769713808
718,5.6199662314529935,0.4313750451824061,0.5886469191246075,46.79819338211891,none,0.0,70.12102538709938,193.2940675538507
719,3.8245423829275653,0.3732598693664618,0.5382451601010851,49.324991750050614,none,0.0,140.27861054771347,386.68891496433656
720,3.691396884398952,0.31229064336143914,0.4105750544334562,49.48059104274665,none,0.0,114.95379654138085,316.87909284824065
721,5.139086003773276,0.20247781766978254,0.31932929510765207,31.77548860915608,none,0.0,41.29462943009853,113.83186207233784
722,4.514819486464685,0.3739873141252038,0.6146422421955817,47.60015602896672,none,0.0,113.93239841585266,314.06352936199767
723,7.23063723293305,0.42943897100482964,0.7230022169664135,31.340929676922713,none,0.0,47.067157872689776,129.74428629298345
724,6.013375831845764,0.47997959868534457,0.757562821416073,47.96316597028914,none,0.0,79.30716782879276,218.616384610815
725,3.951026746977538,0.2600068756671521,0.7746417953785933,41.44169109157437,none,0.0,181.11060291361377,499.24548192871885
726,4.749368124898181,0.47763512250961115,0.37450534887808606,41.22451999124684,none,0.0,60.51719407841387,166.82035859641016
727,3.0251285593951245,0.22794321886146457,0.33088260052017043,31.90709013180095,none,0.0,123.61227000178812,340.7468492710202
728,5.962444354281948,0.46583264862852747,0.7395906254487687,27.040375123515783,none,0.0,68.24163458847029,188.1133804447188
729,7.489593134874857,0.36821456072090064,0.38732758816786117,43.36075948267966,none,0.0,25.48823269100949,70.26029845419387
730,5.163334349939142,0.46629925170038933,0.46463982571953,42.73604879749256,none,0.0,64.10000292960532,176.69665022410592
731,6.016566681942358,0.30374102100161443,0.5012193333160732,44.50343211376571,none,0.0,51.44370570248406,141.80858123894433
732,4.612724692161631,0.28343027177040137,0.795567617595331,35.44826969023255,none,0.0,131.2394226836572,361.7716896487922
733,7.102394774094025,0.4055118092782861,0.7752221944523849,30.01273507077172,none,0.0,51.74239158954412,142.63193214968635
734,6.584464026495217,0.26119141137905627,0.32379256214454016,39.641573443724276,none,0.0,26.956732795545967,74.30833336183694
735,4.600022290137458,0.31617775177478713,0.6861975206762191,37.79859462598496,none,0.0,115.66493244265492,318.8393943482957
736,5.679527331417324,0.39115817226807714,0.35977926572264307,45.026680409893665,none,0.0,41.56068997297422,114.56527868637328
737,7.941737177653308,0.22881247055163492,0.37480773702217535,31.92686092769709,none,0.0,20.319831601269478,56.01319832831221
738,3.3297534218111586,0.4603086618893438,0.7000803535707218,44.18053015759953,none,0.0,234.1720167255137,645.5134015753214
739,5.749738290837777,0.4791988190911821,0.34145867550138986,45.36738316613932,none,0.0,38.559505152471836,106.29227899376289
740,6.962004563012879,0.3089030206292249,0.4414832064131464,38.37839851047079,none,0.0,32.6115030697778,89.89614801669445
741,7.387904749209949,0.49874570582942274,0.48644659085240605,49.905971120414634,none,0.0,34.074872523259415,93.9300398857965
742,4.450710257829959,0.3047816681838131,0.4532551444271713,48.66957656445797,none,0.0,86.93647199321424,239.6471557186252
743,4.373119696544696,0.4364069405729123,0.6845823792167576,48.10150393356763,none,0.0,135.6082695504162,373.81475627417865
744,6.113910157615631,0.25252899990587774,0.35088064484316783,31.60937416752449,none,0.0,32.01686498992484,88.25698184163502
745,6.055643990941588,0.24597217828482787,0.4009834150595224,30.853281244837916,none,0.0,37.07102568886204,102.18916942913759
746,5.414889411993716,0.27037587065483104,0.727823215469233,48.17042593675828,none,0.0,94.06874844686108,259.3078312247668
747,7.211399436458429,0.45963895926805665,0.38203485581152274,35.31815099399357,none,0.0,25.761247973053045,71.01288634106204
748,3.464484094153104,0.4838451045467306,0.5355728315399856,45.07939260681538,none,0.0,166.31806801336444,458.4687074387612
749,4.988908143514292,0.3680789912876177,0.6673367927934022,41.174182668107576,none,0.0,97.69983362218348,269.31720029711744
750,7.7852846314313275,0.3728405904013049,0.4449591908754677,49.785452708327824,none,0.0,28.051127992637127,77.3251189534396
751,3.2365258651738715,0.3584225582165551,0.7140683357962929,39.44907708068003,none,0.0,245.75046376095415,677.4302925629238
752,6.0665341573948455,0.39142491636665633,0.4296178440155827,26.267589151243605,none,0.0,38.015402548728154,104.79241779195593
753,7.878729878298283,0.3973301809755282,0.4101202323245611,31.03575879567482,none,0.0,22.431994396111097,61.8355395697821
754,5.113419753859142,0.3163908440165629,0.6504456395596661,28.57304439778782,none,0.0,82.7333802942803,228.06100611252742
755,4.949344583109332,0.3850257667345146,0.6787542929030959,28.36191057828233,none,0.0,91.98237112617197,253.5565696640777
756,4.201143075186536,0.42498587107329133,0.4507888443918437,35.50116933082298,none,0.0,89.68140491928692,247.21377710352425
757,6.063995971729744,0.46156220113268026,0.3950350156697107,34.99112952139621,none,0.0,37.584674911577046,103.6050835138915
758,4.541243514853463,0.37717698968459423,0.464335772572972,29.45244917848006,none,0.0,75.45124991303568,207.98724658392422
759,7.775637023439352,0.43209950150347054,0.6363026149996517,48.13637048922523,none,0.0,39.876185570215036,109.92181111168257
760,3.419367134455864,0.3216075719616321,0.793039212630143,49.637938466059964,none,0.0,258.97637815329165,713.8885556190513
761,4.9620841417041035,0.25040245956761736,0.6300898365292165,40.33631228426759,none,0.0,92.76876959329901,255.72433827492816
762,6.733468892308231,0.2072751325337964,0.4896855736810556,29.599187127443557,none,0.0,36.23790337691766,99.8926028916228
763,6.7972525863823545,0.43142171618449443,0.6735642322967912,33.72087054329873,none,0.0,50.53478442149052,139.30306894252826
764,3.1489710881667907,0.46208483362912206,0.5109640715482783,27.41441750546703,none,0.0,169.60993822909484,467.5430040374089
765,3.497337034432283,0.4436558098926255,0.7742925873595856,48.259309922232134,none,0.0,240.009773947102,661.6056340069119
766,4.4343767969328445,0.298755396828077,0.6252650498205752,48.84848380870603,none,0.0,120.92476794587289,333.3385405392708
767,6.050447288307616,0.2721551541737731,0.5074972904816846,29.241966552480335,none,0.0,46.372865351795035,127.83041489285942
768,5.005307060647341,0.2557276440645908,0.7101884846882469,45.109109939553285,none,0.0,105.67731322292735,291.30774412535254
769,5.6811041838226926,0.32643890413215837,0.5587318653651323,44.98110583609324,none,0.0,64.49098173555517,177.7744137517109
770,7.084630079580921,0.2918886092745181,0.40689011430068056,31.96849234174141,none,0.0,27.728529767729835,76.43585182007007
771,7.623731745034139,0.2958683724622815,0.42979912335825576,47.79621988184621,none,0.0,27.969340305481193,77.09966482204636
772,7.895755310899599,0.28520809128720315,0.38535419614095434,36.15069951390582,none,0.0,21.802456544251587,60.10016945385068
773,6.218582896024774,0.2372035418795564,0.3804224166671385,35.04960438752139,none,0.0,34.43162718303582,94.91346188564373
774,6.396527396613086,0.29296097238582275,0.7204570521514545,36.390250495071996,none,0.0,62.21131084792661,171.49032341525327
775,4.993411327042486,0.26878045804115896,0.5558401034546141,33.77699300966399,none,0.0,77.30613529549899,213.10038258734198
776,5.605598423879791,0.40203239810399105,0.4077780876127235,48.661279774682846,none,0.0,49.303678719273044,135.90943019203254
777,4.984688846469531,0.26520622945674643,0.6692830344433399,34.08120677906422,none,0.0,93.6194256306193,258.069237883919
778,7.33214806200301,0.3109343551281934,0.7302581168469429,39.88639628137757,none,0.0,49.10476796500309,135.36111720480852
779,5.5597341782137315,0.48353266716925986,0.41495489821746745,48.87272636686103,none,0.0,51.05790665451173,140.74509611048856
780,5.094729700108427,0.3295667622864964,0.5236114581566147,31.07121517490248,none,0.0,68.51094046304242,188.85574306180504
781,3.071349300825556,0.3336806992463841,0.47624304357138947,37.440592688294416,none,0.0,179.6426383511471,495.1989232849537
782,3.5088518383200187,0.24630560528741374,0.6934288673963893,42.88415745572374,none,0.0,207.3240098477757,571.5047796690078
783,5.763169472348124,0.41199570423726245,0.6280464385204143,46.47699148689182,none,0.0,71.0202179647331,195.77276191806678
784,4.14026156959839,0.21329431823216,0.43887051549084055,49.896862177226694,none,0.0,97.88196464734392,269.81925865292317
785,4.634494437278863,0.3470826976078657,0.6873339973741495,48.74946947008901,none,0.0,121.63514909861803,335.2967615203149
786,3.7086216533089864,0.4488360505564509,0.561377486592623,39.16906902400065,none,0.0,146.88223349111058,404.89231588572886
787,3.611902609191545,0.4411816207930144,0.4143331958971942,34.6200122625913,none,0.0,110.81868543726885,305.480337047992
788,7.199410235601127,0.2960876212668883,0.6493023102076493,37.39723542239618,none,0.0,44.562187678999464,122.83914086444875
789,7.439882944381855,0.37749430867978717,0.5000139956241946,49.16406581042206,none,0.0,34.408475105684865,94.84964138428809
790,7.903362948837545,0.355403563299167,0.5258095714529455,31.019042297475863,none,0.0,28.576909101729047,78.77447552580735
791,6.542331991851455,0.47103093529268947,0.36998396816666423,45.95676199934471,none,0.0,32.374914269433546,89.2439725641114
792,7.071538935564249,0.21113958657947832,0.6741689014873584,33.502733462186185,none,0.0,46.65674370402949,128.6129476765746
793,6.780482064108297,0.4526015414958457,0.6092203314076381,34.199665153561426,none,0.0,46.09589291706107,127.06691880589037
794,4.355221657331906,0.29596353217096216,0.4878326060630809,33.95410638185366,none,0.0,89.30523087957064,246.17682405719765
795,7.091771641665206,0.29647426693128054,0.3369180811378245,34.05688519260181,none,0.0,23.279282336907684,64.17115476922734
796,3.253237178880556,0.2065919455053287,0.7493788315156731,41.90113271274382,none,0.0,259.1373009515276,714.3321518641127
797,6.843094501934579,0.34617116814321897,0.7936341617553926,25.90810953519228,none,0.0,55.00190513060108,151.61703507805248
798,3.312410947716855,0.24513000778298624,0.5637253537531859,47.25509955377248,none,0.0,193.77370304031734,534.1523036580497
799,3.2590749829234333,0.4984905900693364,0.7834742827135462,33.35890171150373,none,0.0,255.00136153373649,702.9311127389046
800,3.4237308204203,0.2697077260904175,0.5843472199525834,45.3362550615241,none,0.0,186.0744274105272,512.9286507441003
801,5.15845293558648,0.26675832958969176,0.6186660639592025,26.832811907367947,none,0.0,76.11800876474679,209.82521927797336
802,4.318150854457166,0.2647904646546817,0.41294138293485827,33.460822743274086,none,0.0,76.61793876800905,211.20331526848577
803,5.843682251989,0.4784409786725656,0.3063089273042405,44.31876748664877,none,0.0,33.291771821226334,91.77136180712613
804,4.559408663468104,0.28789870066513285,0.3074532352299112,43.86391166204883,none,0.0,54.75104210099354,150.92551159911704
805,3.2262095907746366,0.4742188129846812,0.5307066789337342,34.93587039974656,none,0.0,178.31620486373222,491.5425060905864
806,4.416434991535813,0.24711921660902939,0.6647204706730561,45.690043019279315,none,0.0,127.4542389160822,351.33753578473244
807,7.108919843449531,0.22625164883589965,0.5809267749896907,32.0740656403044,none,0.0,39.35103733854147,108.47419910286037
808,4.154136159540258,0.42769000681910274,0.43930595776879094,32.17389544738104,none,0.0,87.21377261120001,240.41155647298626
809,6.041743152868216,0.3657715135309556,0.557274132612734,37.92231599494753,none,0.0,54.49687553915092,150.22488167877404
810,5.716836249258037,0.2619437034088665,0.3161801400168444,39.714167292451435,none,0.0,34.935178808564054,96.30154115642603
811,7.794808608875946,0.39164437815472763,0.715609077168035,34.893317443054244,none,0.0,41.17693500704775,113.50742822813059
812,4.486867627651813,0.2310527426489093,0.7860047734959857,36.99539155828046,none,0.0,138.50935264124942,381.81181774335647
813,4.687881799344356,0.40395110244846555,0.7069937816179328,41.418299990331136,none,0.0,117.3988597319639,323.61909993894983
814,3.2231642749152427,0.3221691251511497,0.5872391139088324,48.22464187395294,none,0.0,214.27468682127207,590.6648620555885
815,7.029867805168031,0.36693038836423875,0.7966547038178231,44.00435764278127,none,0.0,59.72460039013638,164.63551236423515
816,6.0394355072776325,0.23967719205920437,0.5678018701836893,31.993638239218896,none,0.0,53.25661426886862,146.8060048911855
817,5.673414096344749,0.3953859820257797,0.5550067197968043,44.22837697913771,none,0.0,63.964358439985794,176.32273562856994
818,4.460597232657728,0.31012900736218574,0.3572159801849409,27.734834907431786,none,0.0,59.26588541753774,163.37102881997632
819,5.2725275522477535,0.26924666414124854,0.4652793621662561,34.14078952005181,none,0.0,58.19665012302994,160.42359845532062
820,4.753892266348456,0.25369663900308137,0.6356207274914861,35.89088141779628,none,0.0,99.02593101099646,272.9726910344426
821,5.673015454737795,0.21413612690871028,0.3898952538949658,34.913157875725034,none,0.0,42.36145040297378,116.77263716770064
822,5.034849713372518,0.4536566626083541,0.43527454252135694,33.21066284039287,none,0.0,59.29432825061495,163.44943369986797
823,6.239034955653002,0.47825084342326635,0.5267521696529491,26.02528085927283,none,0.0,43.96670046320444,121.1976339777598
824,4.772072842963827,0.205350302043954,0.6127534628978518,46.62477934082246,none,0.0,101.14149437608359,278.8044062027006
825,6.6034291512278,0.31926808260282324,0.4602906768196865,27.12500492562177,none,0.0,34.65286228196277,95.5233136642272
826,4.980468850547492,0.43309526362267003,0.554989685753829,31.874787486966998,none,0.0,76.47329501506368,210.80459349600363
827,4.390667301834146,0.40429284354999384,0.5150111019405258,46.99219244549981,none,0.0,100.61563693164506,277.35483921030516
828,7.707423243222086,0.33163833610686044,0.5601180175997458,25.566133562146597,none,0.0,30.498670834518805,84.07196141071984
829,6.847104232591347,0.2266898214011251,0.7754857403931635,27.322406474089966,none,0.0,54.39928583479252,149.9558680511885
830,7.274979223900271,0.48555659643842436,0.46804871984831997,48.15998875890482,none,0.0,33.512178780524806,92.37893075703485
831,7.648992821160335,0.35521531257968864,0.7182655829660388,38.30126023262449,none,0.0,43.93223916841805,121.10263874123538
832,6.704155877815836,0.48277769638720014,0.7821759757255565,49.50604190938469,none,0.0,66.40248615356899,183.04362455409864
833,6.7432896641930204,0.2289757325957045,0.5634388854064571,35.00540541930592,none,0.0,43.35512933090309,119.51179052102088
834,4.995792220817594,0.3442116873117964,0.430617943628815,27.670660244933675,none,0.0,56.92352570412448,156.91413184400287
835,5.89609976841052,0.37331782269406266,0.6776403997477852,47.515804081097414,none,0.0,73.61777485326854,202.93312977936756
836,7.197495007911271,0.23333281124142347,0.5453674124664849,31.378419792892455,none,0.0,35.84162811920987,98.80023927793498
837,6.550376917064469,0.4837607289941439,0.5843278553882889,44.70736583910082,none,0.0,50.65499797909664,139.63444697178173
838,7.266602128997952,0.4283671056349524,0.30041741810978856,47.1220306876362,none,0.0,21.442324702593833,59.107437986386934
839,7.625732334208223,0.38785193908515075,0.4418870095330226,45.78610864863697,none,0.0,28.43381127324291,78.38001521780843
840,3.6144698930881525,0.3511653785544639,0.5610691420297265,43.461696396100905,none,0.0,158.61978323036982,437.2477858726819
841,5.5278088334772715,0.48686696821142245,0.7898843258311357,42.09460490980936,none,0.0,94.714745640722,261.08857280001524
842,5.618108248658867,0.21835589581203246,0.3790178823202149,32.82469745269913,none,0.0,41.34597151039061,113.97339052093523
843,6.31857472675586,0.43448368218429356,0.6790821252279231,45.37979719642564,none,0.0,63.50431089784514,175.05457874486575
844,3.776649784437764,0.40040846030629107,0.6870908457954443,33.258714431026995,none,0.0,166.41046050778752,458.72339454461155
845,5.467855426831701,0.4305133724226584,0.3741796017376674,37.21202639653025,none,0.0,44.46521692561674,122.57183344281285
846,6.354662203686887,0.47623147525678944,0.36657517032224507,45.47546225278456,none,0.0,33.90985318192739,93.47515121476283
847,3.2692678798969825,0.25167314863523604,0.6104769521664176,38.552511386927605,none,0.0,204.7316321316601,564.35868859527
848,4.660043150635032,0.37969716562294287,0.39520992577420366,43.267275580312,none,0.0,67.14155226456798,185.08091784888887
849,7.703208697442954,0.44338898299548934,0.7138846738169251,39.21126697186753,none,0.0,43.30529207318724,119.37441024556637
850,4.546551954307806,0.3753165577247849,0.3550794293586925,33.70910668855553,none,0.0,59.53899927211408,164.12388842400765
851,7.831870015198345,0.44411874922309497,0.48224735018395926,45.097902411318756,none,0.0,29.30768511743434,80.78891652868595
852,6.1791567074934814,0.23618991886221982,0.5362235256419211,41.12388352317309,none,0.0,51.15811080361406,141.02131665867984
853,5.884148045062499,0.21389456180258332,0.5386167479182875,39.85639932949442,none,0.0,56.226455906893186,154.99260465994604
854,6.893966614095481,0.3127213213287977,0.32249044950757655,43.89291430262371,none,0.0,25.123528433276473,69.25496276530433
855,4.685232053841743,0.3966657730925712,0.7435568326556716,45.88831155806914,none,0.0,126.81802917793782,349.5837740900737
856,5.8297430151963505,0.2793471337581437,0.4703189400542497,42.1843460653717,none,0.0,50.73235236744231,139.8476803675854
857,6.18345951706765,0.28761783868629887,0.697572911979874,30.170353345073956,none,0.0,61.507090851358896,169.5490861384986
858,6.393358987705666,0.2764752098310169,0.4321540086056824,26.436983825636656,none,0.0,34.485526715686525,95.0620401478125
859,7.437785357336983,0.4211677661227192,0.32483215244097163,49.29503133825377,none,0.0,22.380822217418146,61.694479471098354
860,7.706226610496207,0.3083812141451807,0.5066599280114346,25.5302969868627,none,0.0,27.58674720821712,76.04501715368606
861,7.9502017185460225,0.29776633291924026,0.44388682096498006,43.70202877530498,none,0.0,25.974361321893852,71.60034988360039
862,7.652786498651349,0.2349178359264988,0.4440513533900555,30.878672981427492,none,0.0,25.71059832592744,70.87326664162458
863,3.048331679226582,0.31009649092340774,0.7811681890259823,29.40181430063747,none,0.0,281.58996009260284,776.2246553709113
864,3.798437391235378,0.2149097696795082,0.5408299261694762,27.72673460591841,none,0.0,123.73112860019215,341.07449224516984
865,4.905914757093314,0.44632104417959995,0.5024988807026394,30.13926500582333,none,0.0,70.36906659155282,193.97781244239934
866,5.552081127040348,0.46082069792113983,0.5477300475664643,28.480822865087948,none,0.0,59.04683390184983,162.76719625982435
867,7.234482729014521,0.48720332360363583,0.6232601313034609,41.437940620414636,none,0.0,43.461773329273214,119.8057630108111
868,3.2040794454162653,0.20585904976631358,0.33007455473923375,35.938063871476935,none,0.0,113.23943305729011,312.1533163786481
869,7.051955475133997,0.2405090948980202,0.4498446482900308,30.82029753161809,none,0.0,30.658871470424746,84.51356694073999
870,5.494263085737559,0.24902947599412084,0.444693612734784,32.27864181464945,none,0.0,50.50964607218245,139.23377312027463
871,7.04383336496363,0.3943250270649279,0.3375539343705471,48.81044888703559,none,0.0,25.86763659149847,71.30615485023422
872,3.93631892444574,0.4402501625452978,0.7885686219075658,39.424979350576194,none,0.0,183.44476695450095,505.6797869008934
873,6.431906729151978,0.2039389975491555,0.5418118106113836,42.226530357728535,none,0.0,48.025164853702236,132.38510715416146
874,5.188804905055932,0.29662417004565367,0.7071013262563564,47.83454831244421,none,0.0,99.35412671983987,273.8773880714343
875,4.834309954029779,0.40254294908470545,0.5899998929493834,27.27795939071102,none,0.0,82.99261360093222,228.77560290564233
876,5.977136373679787,0.2901432890634511,0.7132505735304928,31.959917196052402,none,0.0,68.2827077024147,188.22660168108666
877,3.7605310454713914,0.392172192596028,0.6493401544436532,48.235772773381704,none,0.0,174.0683194302419,479.8328790623956
878,4.755020101785146,0.33580287386837315,0.5270135150461983,46.927038570489785,none,0.0,87.7559047730247,241.90598598662461
879,5.460650951052505,0.3333827829336317,0.5564094414304294,33.93528852898005,none,0.0,64.78464245619013,178.58391240625645
880,3.2507985714021572,0.29331317608715946,0.589148390683468,37.93849216376626,none,0.0,199.02980377511147,548.641154672874
881,3.4541567259690105,0.49035676747041307,0.6038152355753631,27.465387264216297,none,0.0,166.65561240361083,459.39917483611373
882,5.336937304511908,0.49835156157407984,0.7484918795955412,45.024862572841855,none,0.0,97.91957348077068,269.9229303379235
883,7.220877540996677,0.47658356212740755,0.32821581234233344,34.385038971145605,none,0.0,21.926809508465258,60.442958083705825
884,7.644619505485905,0.27734078230551185,0.7854742592260857,40.04747014457005,none,0.0,48.637081119041014,134.0719019933631
885,3.520185340843031,0.32524559019085175,0.6038523518841427,36.339789601631836,none,0.0,172.10711598434787,474.4266690387377
886,4.4261166260945854,0.4088529047861543,0.5937533199874676,44.708352933606804,none,0.0,112.73558825085438,310.76442893021243
887,5.764809257801715,0.47061480349643986,0.37302271966009637,33.02039001140385,none,0.0,38.704768334776595,106.69270827025437
888,3.636093271386235,0.27354807738957115,0.6399512553825322,26.360007437929667,none,0.0,157.76721910888418,434.8976264685685
889,4.354169534735483,0.49910741578211226,0.31572955144260734,43.58738067222404,none,0.0,61.55286595853657,169.6752687862246
890,5.417148217743371,0.392049606703557,0.4776825822749301,42.38179628365928,none,0.0,59.74428004991991,164.68976088159766
891,6.983377752193757,0.4611187809448149,0.7066898777730226,44.48764243473025,none,0.0,53.834560476026354,148.39915862929107
892,3.1036046640844375,0.43966932259164226,0.7290396753035726,31.248829582013425,none,0.0,257.41291582442744,709.5787499534274
893,7.256154913473396,0.20565542673366405,0.5962796133803094,41.48844152403646,none,0.0,41.34492157810706,113.97049630261242
894,6.73529982542536,0.2934743324107858,0.49137578647130753,41.70771906609073,none,0.0,39.59656551560123,109.15101664953708
895,3.402057101487475,0.348620797675717,0.7690997168707496,44.25231268480694,none,0.0,246.53976075660987,679.6060511921994
896,5.621808102660426,0.36301992870264455,0.5762682589149338,41.345964887381,none,0.0,66.50962065373146,183.3389491448154
897,4.96370107075869,0.4898707405410151,0.5515326862099486,26.755599407145326,none,0.0,73.23475142682983,201.87729588204436
898,4.885323349029358,0.3800913199556649,0.35832593378384825,25.641686037938584,none,0.0,48.5994977248847,133.96830043907045
899,6.083550904794609,0.2054117152496534,0.6393414533420656,37.15468069742155,none,0.0,61.35154126699795,169.1203016000562
900,4.106188607408867,0.20988699750049822,0.35224979847774357,28.164832930662694,none,0.0,69.23142706279468,190.84182048325135
901,4.845107415238768,0.23369959968375573,0.33930946721037614,48.51461270122431,none,0.0,54.873267674617374,151.26243591207353
902,5.521335072147345,0.490777422156342,0.5255573253991564,27.072270732680725,none,0.0,56.567447205437794,155.93257373180285
903,4.233974959363494,0.33471097420663537,0.3357329072057457,31.510878893405945,none,0.0,63.82869907894458,175.94878003058218
904,4.437724161169631,0.33278402615323777,0.746446569322925,25.92529764459413,none,0.0,123.03044057528712,339.14299113134564
905,4.7089636476925785,0.4190722488880566,0.360924847455473,49.3347040580214,none,0.0,62.05228248716463,171.05194934141548
906,7.2422192607154905,0.49264393471592705,0.6426858061872277,35.986063003564865,none,0.0,43.17103665456868,119.00432472894671
907,4.945595450448682,0.4182810231862789,0.4348156018861646,47.77529048235785,none,0.0,67.23142239492584,185.32865185793548
908,5.362335236049833,0.48105843165908535,0.514235163196515,41.83281823365773,none,0.0,65.42393349506656,180.34616793140628
909,7.348629787876827,0.29157833544644357,0.5435325756656136,30.645546846306136,none,0.0,34.06498538912534,93.90278523001747
910,4.8612057133105715,0.4578969790051758,0.7275306944407789,33.68186283215442,none,0.0,106.68807284037923,294.0939817247328
911,3.1832469914739336,0.3852244122269174,0.39344165946293785,37.53842221662007,none,0.0,138.24906262270332,381.09430803806697
912,7.984588220687866,0.47331408215213033,0.4884504450789823,38.76491506191874,none,0.0,27.49974675608262,75.80519363037871
913,7.997817917122774,0.45297968504248326,0.4331137241298658,43.07430886480943,none,0.0,24.952669992490353,68.78397816580772
914,4.983069116618134,0.4408582947116604,0.5481867555240684,41.73285591044398,none,0.0,80.71565326532266,222.49898441247083
915,4.456312208822067,0.21160916543244584,0.52901833088764,39.0610045763892,none,0.0,95.79853690305318,264.0761278363803
916,6.232932544076508,0.2831580189438944,0.4497981298342603,28.848928429090623,none,0.0,38.598349697782766,106.39935700455524
917,5.769366669342476,0.31024241783949297,0.6554400112207559,29.63657646207945,none,0.0,66.09022011563044,182.18283889977985
918,4.377839575441034,0.23086541494722393,0.5227015544013925,44.72601404390922,none,0.0,101.45598641793562,279.6713280219846
919,6.339463276530782,0.3874428484198655,0.4294536396193513,26.999555544652438,none,0.0,35.03918400695301,96.58823958907432
920,3.558770238031066,0.3857828996516764,0.5849290479127088,48.87927462088851,none,0.0,175.66611655876073,484.2373312958948
921,7.769692547359702,0.21909054446493367,0.5282753311642214,29.825397617437083,none,0.0,29.417295765588378,81.0910668137516
922,5.772308107350019,0.2263618589771597,0.4049935148632043,35.944997722655074,none,0.0,42.811672893926705,118.01371053153683
923,6.036512903931774,0.33144574559289525,0.5045413415819547,44.27980345543088,none,0.0,51.37826508614728,141.6281890793149
924,3.662834314175306,0.3622952615766183,0.7279958703541397,48.57974977858629,none,0.0,206.06854703435732,568.043998670633
925,5.826861091215495,0.3489755937221207,0.6044043240823697,41.68596411816934,none,0.0,65.06676554383685,179.36160666082435
926,3.274898616887498,0.4359846899624197,0.7634447872010968,32.78608255688209,none,0.0,245.02354533076448,675.4264852932039
927,7.014268274812954,0.44862658049317816,0.7233554003557378,33.010346897695015,none,0.0,50.69358772882049,139.74082262274266
928,7.745012921321145,0.3454245638931268,0.6248579701341654,34.80973028034612,none,0.0,36.39700999723648,100.3311926799177
929,3.7221162237295333,0.3827198198183344,0.7870108861286887,42.26270660517895,none,0.0,208.3501078278517,574.3332986779152
930,3.543936188293479,0.4557485060278427,0.5630248271688013,44.429738669976075,none,0.0,166.48600104965706,458.93162795179495
931,4.720300455381425,0.3938200645424943,0.6633396856497719,27.722925660839522,none,0.0,98.26751699579825,270.8820637384455
932,5.153817300816857,0.2869243080502353,0.7888439535845325,41.10077581318287,none,0.0,108.16807250618996,298.17371605774156
933,7.239044123563819,0.3950420846814136,0.35013878479526594,46.35020864414646,none,0.0,25.078076279146547,69.12967035871648
934,3.734574970895494,0.3033275263781549,0.35153403416586576,33.387989870794904,none,0.0,87.15375531728324,240.24611412787033
935,5.707981343799952,0.378081103961578,0.6961905839998497,40.08741036261043,none,0.0,77.34256636842255,213.2008076866454
936,6.323183105029936,0.4380282980527237,0.5262916381578658,36.30936337707708,none,0.0,46.479680618986535,128.12485949214312
937,5.907817380356617,0.39777997291699096,0.5959858569260742,40.01240390719469,none,0.0,61.77802407618556,170.29593467663344
938,7.547582104020303,0.4209248687855397,0.48025589956880116,41.25546820025896,none,0.0,30.734837373835074,84.7229728711924
939,3.326230575140612,0.29107218532545304,0.6380120253496954,28.798624344982603,none,0.0,192.16337624638496,529.7133124261167
940,3.738353039292405,0.3206673080544808,0.7371519349607637,39.8729275801601,none,0.0,190.6643243898542,525.581059240189
941,7.406569309367409,0.3958209970230836,0.3144145745145765,32.63052511150944,none,0.0,19.705071977594297,54.318565548831955
942,7.723896583992281,0.38973693534740494,0.648510021318462,40.70865616236043,none,0.0,39.49744522084817,108.87778383637621
943,3.197198860373891,0.3543182184072756,0.3140345958166108,48.8042391372275,none,0.0,116.80356700604213,321.9781291934033
944,3.0038259028532774,0.38059217409923163,0.43970699648614164,29.441984724940063,none,0.0,163.28983635280372,450.1211510301122
945,4.53319170874479,0.2844163884215408,0.30401116999555844,40.38978175925165,none,0.0,53.64790523024457,147.8846289023937
946,6.6157919813539845,0.2500072141774537,0.31967329566591285,33.85726764679707,none,0.0,25.343067214928368,69.86013851354849
947,3.439418326290741,0.47523018553588486,0.7541297402501024,38.097293578094714,none,0.0,227.82591355564773,628.0198739079696
948,3.8816278482333253,0.3155846478319069,0.502906278417597,38.96122424944747,none,0.0,119.95571377902863,330.667267266933
949,7.790585146948173,0.3984221639529222,0.5157641197643769,39.29772091069799,none,0.0,30.605983036433265,84.36777584884845
950,3.018307365499929,0.49617933701739475,0.4482812686979663,46.74018160952933,none,0.0,185.07586474122576,510.17603499960506
951,5.869966425880839,0.3553842552391335,0.47355565007440537,36.20308678819606,none,0.0,48.49419020472458,133.67801205490122
952,4.3134405272676695,0.20472018317086027,0.5900720406471931,27.44052036377089,none,0.0,104.414068112687,287.8255105817178
953,3.555726546968458,0.2217938404939086,0.5922615191837648,40.30508117809211,none,0.0,169.7853761048533,468.0266122131276
954,6.830953643651062,0.28737201740816054,0.6152190282587293,37.98465879610585,none,0.0,47.08392547029108,129.7905074863326
955,5.860385805012335,0.4167372247904209,0.6137436092001112,32.0247409651666,none,0.0,61.15183546881117,168.56979701184497
956,6.400461776668847,0.20844550170604215,0.655954876491556,43.30560131634289,none,0.0,59.0868570698292,162.87752323884388
957,6.51510732202255,0.3220375637754883,0.777587347927557,49.57815898550243,none,0.0,69.92494915804659,192.75356816023734
958,4.36764376279169,0.2037529817726797,0.6991182817905488,39.82966788916173,none,0.0,132.43764073462927,365.07467101595483
959,3.435524012945937,0.4464960058074913,0.6498674954321173,47.23930850382616,none,0.0,207.64345397343985,572.3853522986547
960,7.617195733677613,0.376835727468532,0.37572456199180976,31.503265592364535,none,0.0,22.068447023038225,60.833392922941925
961,6.690068163603217,0.44764916558373047,0.30137794681408075,30.844121255573043,none,0.0,22.826903765150504,62.92413800055892
962,4.569606220704536,0.4311716694160813,0.7765959971503071,46.58935251724614,none,0.0,139.76962034958413,385.28584382581965
963,4.726055428168451,0.42736090393860715,0.7880660225731769,32.13150091631054,none,0.0,120.8373681962697,333.0976163117683
964,7.650326180223539,0.42055624636432287,0.31804895931471944,42.524321312656326,none,0.0,19.96167338345678,55.025907307123916
965,5.9158833910097925,0.2923971780467823,0.39538734833469735,33.83046908269169,none,0.0,39.19350348937455,108.03994478420283
966,3.326751245309824,0.2620675875785399,0.7049060323503304,25.681188436869213,none,0.0,206.25185979146778,568.5493145275262
967,7.513966478951755,0.3648532957649867,0.751604895289749,49.106635922091,none,0.0,50.692027573697004,139.7365219330936
968,3.428147464426714,0.4016880120866043,0.4581668266637491,31.054897410609524,none,0.0,132.38558489563775,364.9311750417884
969,4.213330117153545,0.3036047071209374,0.658663336679295,42.95484511562037,none,0.0,136.6372387225846,376.65118992488084
970,4.798804204023382,0.44560854007556283,0.483714518951428,38.729469785375834,none,0.0,75.37667443545935,207.7816734585687
971,7.498375929935026,0.22259606806169668,0.7953355179662436,45.38458840373576,none,0.0,52.81369840047728,145.58507280448762
972,5.14345178330479,0.45457452275759025,0.48630959032128596,48.411139039338565,none,0.0,69.74985941689403,192.27091964419228
973,7.217473567603357,0.3767476832039256,0.43167923013691945,46.22816599244456,none,0.0,31.082857573256877,85.68231765162867
974,5.381148226941493,0.4692599933443582,0.6263110840274846,32.45673071633104,none,0.0,74.26255781763784,204.71052423906158
975,7.293094416549651,0.27791897086587886,0.5110491877553379,49.07891379151991,none,0.0,36.58190259677129,100.84086352759758
976,6.496042720277287,0.2585331505709676,0.546864515775384,31.550989723202736,none,0.0,44.1813283883096,121.78927257330511
977,3.3207549729529893,0.463118011487818,0.3759147823410979,25.454378915923435,none,0.0,110.14375795466532,303.61984687164386
978,3.4468909469072964,0.42626136260637354,0.5534340145534932,44.155792405455955,none,0.0,172.72738766017417,476.13649619354715
979,7.492468830452842,0.23484551499663106,0.5392232564757816,46.12974581408242,none,0.0,36.009535019212116,99.2630877242867
980,3.0446369378468607,0.3531133157937586,0.7036089998554602,27.10897547150133,none,0.0,249.13925480073524,686.7717589922604
981,4.219654411111622,0.3826439942523764,0.41657723081774506,48.85976126793394,none,0.0,88.97809827081544,245.27505754758926
982,5.213101914355415,0.47610900628270825,0.4709114286379713,37.47844908846738,none,0.0,61.67309245099103,170.00668248712586
983,5.587483056177837,0.3614963975093164,0.4765838182230322,26.472803752811025,none,0.0,49.80929125283542,137.30319051991435
984,4.33109551969937,0.2859350898400813,0.7375837171450876,33.0992231815611,none,0.0,135.6668589834405,373.9762626244637
985,3.1248782645420636,0.20038143423043828,0.5813015191422379,38.75326416035857,none,0.0,213.6563705461173,588.9604251036644
986,3.019703642559924,0.30621182805767255,0.3611317065565644,37.18257390462145,none,0.0,140.67773262580988,387.7891260644708
987,4.235207089972734,0.33027046724239234,0.640429096228361,27.05867478013323,none,0.0,117.13910634928253,322.9030695324061
988,3.9634260513014037,0.44392850831107356,0.4636551768413779,36.83672216562157,none,0.0,104.59895881209646,288.33517620480774
989,4.015018203441596,0.4861053083771576,0.44448233291791334,26.188366939140913,none,0.0,89.72430306184046,247.3320291792794
990,6.331140772090162,0.4564870271893095,0.7300508669481252,43.547717930297,none,0.0,67.30294281570646,185.52580347538745
991,7.157758556994791,0.4083909641123299,0.36008367207353686,32.9070152678029,none,0.0,24.2144709814055,66.74907509813605
992,5.887613182627367,0.47548566577778967,0.6638410250183416,38.632125145556685,none,0.0,68.67935736992987,189.3199973901851
993,6.897463521410249,0.23668030201746812,0.4711539396994212,47.27331409484299,none,0.0,37.35438045480037,102.97025890805098
994,3.9532420431543493,0.38568606026168795,0.6659177526403728,47.019568203991184,none,0.0,160.50440798419945,442.4429007823587
995,3.3331877669748806,0.3350558981376096,0.6029031254961911,32.53138145269824,none,0.0,186.42627686539572,513.898551155024
996,6.382713202647473,0.48819281651302665,0.37929664481996117,48.90444372561734,none,0.0,35.41676940683735,97.62908315428999
997,7.855015929701791,0.2709003734937061,0.3398367297198126,45.463140946780825,none,0.0,20.57285465503539,56.71067608361247
998,6.153198866035975,0.20146764265627506,0.7661270476041049,46.566548945209085,none,0.0,76.03629182544914,209.59996017007958
999,7.869841277316186,0.2804546808064951,0.7262767229226992,31.31516371898638,none,0.0,39.90362708761938,109.9974557882498
1000,7.677139833382235,0.3243642884404103,0.5348580220240422,28.472991856997808,none,0.0,30.154449950152937,83.12308973441996
1001,3.2641026775165223,0.2996815860782851,0.47941744989726903,44.407062779091845,none,0.0,167.09088112866,460.5990269867463
1002,7.551397368959381,0.2932387776622958,0.5199560356596373,29.60689693977863,none,0.0,30.595934416956755,84.34007605238094
1003,4.773450386249775,0.371795699674926,0.711405808647884,42.25376446798472,none,0.0,114.5044739029892,315.6404999941271
1004,3.9162489852093283,0.3536547228254887,0.7044853770361529,33.2856560821173,none,0.0,158.7081377111621,437.4913418851159
1005,6.994630504752705,0.20698066146401736,0.7916141869202871,37.417480250664475,none,0.0,57.56469012847526,158.68155151764256
1006,6.710339222252861,0.26460531077088667,0.7062246729423278,33.444475654074736,none,0.0,54.254848680374394,149.55771579098845
1007,4.785866615000956,0.4509094813676633,0.7509148538084549,30.388707832743375,none,0.0,110.72637850987122,305.22588581180986
1008,7.345599374983471,0.4421453860506599,0.6244793300307817,37.0467272882174,none,0.0,41.072825133135694,113.22044126211324
1009,6.906144457648176,0.2089153166224989,0.37010352624050447,37.668153706394676,none,0.0,27.65343037671467,76.22883450233368
1010,4.149262684010165,0.3837246499436554,0.6171441196785814,49.75062791483618,none,0.0,136.94554205024693,377.5010520771967
1011,6.282532400182001,0.3695740201754374,0.6017930850656059,33.90612435592854,none,0.0,52.92377078277486,145.88849589795294
1012,6.751055459711803,0.3451282480467325,0.3176750661595165,45.8444246880823,none,0.0,26.089450523385626,71.91760222837958
1013,4.34575472288176,0.30465514021919826,0.6001953009221603,33.417919523312946,none,0.0,109.91590612433644,302.9917555557812
1014,3.676178270542612,0.3566046579751347,0.7656008141061322,32.234999349423404,none,0.0,194.1756192015447,535.2602168504509
1015,4.125055300203196,0.30572963418991445,0.5511397415455914,46.87011552537355,none,0.0,121.90729846480181,336.046962437172
1016,6.118135371461507,0.4878210857960131,0.354286447471021,48.7525398764745,none,0.0,35.976524819471614,99.17209253945931
1017,7.69348318387645,0.45158189901493295,0.7591011903602332,37.03627401009939,none,0.0,45.51075076625624,125.45392889752819
1018,4.239300569011984,0.21028251810583753,0.6563284880643052,33.996611682135814,none,0.0,126.85140101729746,349.67576618544865
1019,7.770584651622364,0.31794260157918475,0.7539739597933732,34.51291088796777,none,0.0,43.53593494158944,120.01019527330719
1020,7.917717548256364,0.3257725797597707,0.42587845479268993,26.46408623308311,none,0.0,22.1642688035452,61.097533125953255
1021,5.182433096746111,0.41300767764647306,0.7390767873362911,27.936524809081995,none,0.0,91.00573720437218,250.86440218775272
1022,7.384877923356388,0.3413821865856258,0.6129831748001169,29.610293225430368,none,0.0,37.71604221086826,103.96720770313077
1023,7.956940131531805,0.32358135447068054,0.6481301213748462,43.56397327258756,none,0.0,37.831661779499456,104.28592204881942
1024,6.20901487063841,0.24453782038062,0.37738554100690974,48.27579006036488,none,0.0,37.117244468559925,102.31657508894216
1025,7.842841599765839,0.26613412410107934,0.6967400461923703,49.1724513563299,none,0.0,43.14772214431607,118.94005646433065
1026,6.221820974689011,0.31869045165880405,0.5460479998288613,46.63560105239148,none,0.0,53.024760666598524,146.16688237827216
1027,3.72014112245385,0.35794814194076485,0.42444639627696346,48.976435494417835,none,0.0,116.70899708771469,321.71743984799764
1028,5.165381982863613,0.23784996843855805,0.44553869043739436,29.547767703316023,none,0.0,56.0035077054818,154.37803058242332
1029,6.260684156115994,0.3432134816545212,0.41278033591589725,27.92930375014641,none,0.0,34.82522741030214,95.99845156797275
1030,7.575081591909712,0.4228201788158028,0.5846854934966116,44.65512294115925,none,0.0,37.88951394681335,104.44539605476236
1031,4.716672491233942,0.20948474343953163,0.37508020490279725,25.287672721814197,none,0.0,54.38553940259184,149.91797493845482
1032,4.640335946348666,0.43310913822274855,0.46871147677051533,41.32810986469892,none,0.0,79.39106903385789,218.84766482396654
1033,3.255954284681919,0.22594896740829243,0.3970817832811292,25.616496929385963,none,0.0,121.21512800492354,334.13894065306965
1034,4.08249492365862,0.24271440291998259,0.5268817876648096,30.310035761482293,none,0.0,106.69940935172124,294.1252316968086
1035,5.432682525017053,0.4584471026763087,0.4866610860718338,35.87180835048192,none,0.0,58.04834052295522,160.0147714965212
1036,6.645875973258512,0.2375744791100401,0.4621614598368349,32.68591326576018,none,0.0,35.990090698163556,99.20948794258452
1037,5.524274853748585,0.42745843218068874,0.6247916688743286,42.10385141334169,none,0.0,75.01854774268777,206.7944693432824
1038,3.4509366220312154,0.4471526015526971,0.7047365214419272,48.116613961273,none,0.0,224.19715604006598,618.0169212215645
1039,3.0301538401607693,0.3043928912603055,0.376591512542114,40.79827189270634,none,0.0,149.10943914763098,411.0317817568094
1040,4.85079369605105,0.3671719769891203,0.5715233322503228,47.471697001383646,none,0.0,91.71081825863371,252.80801302241596
1041,7.637268740740385,0.2364751120271852,0.6784967656415843,44.554965378869895,none,0.0,43.231388732985856,119.17068992765849
1042,5.264105855850737,0.2805540452848738,0.3305063309393635,31.844109673551284,none,0.0,40.75598144742196,112.3470369633578
1043,4.663340550332291,0.4757704939909686,0.6258684911200655,37.59537034610378,none,0.0,102.51229088171615,282.5831135353436
1044,3.305647066075919,0.41620141467995575,0.7683910021333749,43.60084319256386,none,0.0,259.9240999916745,716.501024707261
1045,7.327123749608801,0.4635872613878275,0.7615500960482796,39.20429737009429,none,0.0,51.058536917717156,140.74683348225116
1046,3.1351353366783625,0.496419316555281,0.5871493108853988,32.05721736963622,none,0.0,204.4659279575001,563.6262543595265
1047,3.0782173149970022,0.40515067551252554,0.6741532047067987,29.935636013861878,none,0.0,239.39258552456465,659.9043060142094
1048,5.675746069030916,0.32111641149824466,0.44512003403522143,36.045673826798655,none,0.0,48.70213919538537,134.25123964778732
1049,5.794804200523482,0.26811153899973494,0.4216374991729517,38.43248031457208,none,0.0,44.97175361453009,123.96814126576126
1050,6.852991582335795,0.47381937685112774,0.6021490309120525,40.64487977087635,none,0.0,46.56917871343419,128.3715679607281
1051,4.828756364498975,0.4829248918839517,0.6324683231855652,25.88281980001352,none,0.0,88.00849859215592,242.6022805254772
1052,3.1792519893603797,0.27257975146547553,0.7133834548651643,40.31369422666954,none,0.0,255.82312617186847,705.1963709359227
1053,5.855917743431611,0.2534886515066898,0.7724054082855752,28.1234539650864,none,0.0,74.61498533943147,205.6820181515399
1054,7.673868357231808,0.36069288311774517,0.6700040175679531,29.710962275178453,none,0.0,38.21038555780952,105.32990363824213
1055,4.341363784053646,0.36669859053545384,0.4256109228512991,49.33205988946623,none,0.0,86.08871842400002,237.31025697709117
1056,3.8496359811114673,0.3376127249741562,0.3330661325566582,41.990196186224765,none,0.0,82.29655268072287,226.85685677467004
1057,7.415738900998854,0.3142744219346575,0.4976706331892736,37.32472702308114,none,0.0,32.176280302591245,88.69642256671514
1058,5.893779469296387,0.4400227002973809,0.5976554728726737,32.3569010886314,none,0.0,59.028043815136385,162.71539992109112
1059,4.63602615556816,0.4290131845173471,0.5457438333435969,37.76120577624994,none,0.0,90.54449867619259,249.5929622681794
1060,5.120361645274238,0.47091718772116625,0.45408728590948605,27.57909339051022,none,0.0,57.09348983297969,157.38265119781576
1061,7.530469990238187,0.4866736657641264,0.6171909183772724,30.458160109796033,none,0.0,36.77941371815392,101.38531831944826
1062,4.1780070473296504,0.29561998000569634,0.5231099569646845,26.990418059727563,none,0.0,98.25633845623454,270.8512492357726
1063,4.669688742073815,0.2077469243598064,0.5246923030784425,47.057744577368574,none,0.0,90.65465848683858,249.89662635802816
1064,6.6066158651514595,0.2423534831864163,0.5496739687641577,37.822674918304884,none,0.0,44.92505748375722,123.83941974504799
1065,6.203401382434889,0.292011231882341,0.4212861441539354,33.543192099464534,none,0.0,37.89850086099092,104.47016918545656
1066,7.958856887829052,0.31914881776110954,0.44459618064282613,29.09320414370062,none,0.0,23.448536822933026,64.63771793831933
1067,3.355344867612175,0.33642430636640575,0.4303336240081308,37.07101239615882,none,0.0,135.67289341771416,373.9928970000416
1068,4.480321795036967,0.25241375216330164,0.35029806623642434,48.79131611298289,none,0.0,66.34504306384666,182.88527820050535
1069,6.02765875266302,0.25721432633155633,0.4201184827864676,45.5358332487161,none,0.0,43.20821434325588,119.10680792411526
1070,3.033321086434893,0.256564463556768,0.7985640805508736,28.707252023416064,none,0.0,288.984421760453,796.6080648551133
1071,4.053505655146421,0.4138843726022883,0.5718483677424993,32.514863422427645,none,0.0,119.54827828846499,329.54413960416343
1072,6.36167620221014,0.41313952512867047,0.4399859425175936,47.207789356379344,none,0.0,40.99233138753104,112.9985539813001
1073,6.2532084638395675,0.3959410107252709,0.5153650701329454,37.77997531048524,none,0.0,47.0032736545963,129.5681844727731
1074,3.9375919404011968,0.38664107122963354,0.3007444932325356,27.20259948555749,none,0.0,63.72243954520213,175.65586735132422
1075,6.794213690466394,0.4196286139314936,0.6408337815429088,40.130414184647925,none,0.0,50.26190290214704,138.55084978182688
1076,4.863312974228474,0.4203874374954448,0.5947410809691689,39.922131185107126,none,0.0,90.92230812063956,250.6344234214554
1077,3.173433362343825,0.49093725539098926,0.5544132741356724,40.410016337489395,none,0.0,199.66439801029105,550.3904631155123
1078,7.586235683548251,0.4104180261459718,0.7731661564825226,45.98650268864887,none,0.0,50.32471132650974,138.7239860919399
1079,4.43510873808159,0.4996212140047966,0.7083577276346421,47.55502537754023,none,0.0,136.0337653413669,374.98766856894326
1080,3.1686262684231665,0.46464491683349696,0.7348969099605829,34.657842372172205,none,0.0,255.46904725662407,704.2203248669726
1081,4.731330747171376,0.26444490355844863,0.34915686649036276,27.2521546099451,none,0.0,51.26343502903953,141.31165108610105
1082,7.753599904985797,0.38540796376387054,0.7896497052568033,35.17550233126648,none,0.0,46.01413935336804,126.84155873863575
1083,7.3515539666539516,0.42775259437840724,0.6423599581632287,28.50774740717863,none,0.0,39.50612289254712,108.90170451170535
1084,6.693302948211685,0.42129750522812937,0.41358145496009396,31.326570027128362,none,0.0,31.41679128574211,86.60283193812248
1085,3.219787622214879,0.3225875389745921,0.450905242190825,27.489714203326567,none,0.0,143.2606478038262,394.90913289303916
1086,4.062116310441425,0.3410050364611823,0.3333723277655666,42.31769020528017,none,0.0,74.12400052919467,204.3285802883187
1087,5.515800689904047,0.38021676806957827,0.47330284946933554,27.71609710091337,none,0.0,51.3462263540758,141.53987182797528
1088,7.215573411483126,0.2083948047496242,0.55185125309681,33.22757038210744,none,0.0,36.60652497053187,100.9087370180305
1089,3.6600796654576517,0.28816861133436866,0.7485856402817997,28.16881924695796,none,0.0,185.18512501728165,510.47721944664687
1090,6.3179287016908985,0.28894581511798884,0.7425567554541657,47.40850992787961,none,0.0,70.21789592995232,193.5610987508281
1091,3.045425494509596,0.47858818691497207,0.7849207777581028,33.911760243475086,none,0.0,293.7791525201644,809.8251136486604
1092,3.729755628095226,0.2442568033943019,0.6329526656972774,44.33234310381448,none,0.0,168.88620301813745,465.5479715897268
1093,6.150813263444228,0.23658343669189877,0.4245682437652357,28.898585858897984,none,0.0,37.428730216729974,103.17520981837684
1094,6.443794008460662,0.378980475837697,0.629683952483204,39.466448255362096,none,0.0,54.67639371728611,150.7197375147474
1095,3.1641300043549236,0.28156798952341133,0.7227958205790376,25.179403310173623,none,0.0,232.63329722534527,641.2718014709316
1096,3.3335966341061263,0.45770847227944733,0.518949458563642,31.532047969815874,none,0.0,159.1807450041352,438.7941206872049
1097,4.738799765920723,0.26454180012745443,0.6927998306418871,37.14366420176594,none,0.0,109.55842123061554,302.0063206047072
1098,4.849135115941263,0.25683466048004927,0.514940110161006,32.04634085365581,none,0.0,74.95080223428278,206.6077235733698
1099,6.0596994298360425,0.4074243484132355,0.677807164779308,26.810180811710406,none,0.0,60.42024026181761,166.5530978510032
1100,5.4386699869085255,0.4448253399035945,0.7479967628686568,49.314390556561605,none,0.0,96.39649538069868,265.7244469416326
1101,7.844219437095346,0.29284044556212835,0.45434679631677183,30.955203283565595,none,0.0,25.053876925909808,69.06296295845021
1102,3.92020829446871,0.45628365707118634,0.6959381199187485,47.54956431657649,none,0.0,171.05764852449934,471.53373024989645
1103,7.580429184514907,0.2952849347242567,0.4684571633307253,32.31020638956505,none,0.0,27.958943110330548,77.07100414551283
1104,5.485775472137629,0.20449860272805817,0.7074996274658755,48.370744494735504,none,0.0,89.18655212819013,245.8496768484811
1105,4.151158407477085,0.38108196885540047,0.5897310676770473,39.81476302940236,none,0.0,123.66020204625325,340.8789776646384
1106,4.387346321417192,0.2508620734049414,0.4123022089637217,35.77384912718443,none,0.0,75.35407925129076,207.71938808019019
1107,6.472938565661455,0.20419701678919872,0.5914486455063273,49.91748371091515,none,0.0,53.97352286076965,148.7822192556191
1108,5.411947729790195,0.377762799624328,0.763070694396903,43.04527199534155,none,0.0,95.99364333981498,264.613953919354
1109,5.690285437434676,0.2574763709898483,0.7997839354185345,29.064151788052122,none,0.0,82.49877665205439,227.41430291257177
1110,5.00493188335038,0.4191685312136711,0.5336870143705686,36.392400102936904,none,0.0,75.27425936020947,207.49935833234846
1111,4.558150607757053,0.27565419414583814,0.48260310851640204,28.720922006694806,none,0.0,77.35099254514137,213.22403509218896
1112,6.002408800793235,0.4929979741239982,0.40019295962534646,29.050219466056888,none,0.0,37.09447091920874,102.25379803293245
1113,7.363910991979994,0.48393395477615064,0.31874533669036154,27.522214388235714,none,0.0,19.366500217219937,53.385266123157756
1114,3.481418370293034,0.2704415936657304,0.5831591764327484,30.776462478602568,none,0.0,163.01699326976154,449.3690378126801
1115,3.3442984805008824,0.33655852457758384,0.7122788048569206,39.99192205092751,none,0.0,230.37563781389895,635.0483874582237
1116,7.858041805078716,0.3542848692178525,0.4378057447497425,28.61117893764291,none,0.0,23.5879526578818,65.02202854685191
1117,3.4833468411354507,0.2780764524829598,0.6508490637671553,43.2893448620066,none,0.0,197.91814922254503,545.576792326695
1118,5.588920166799791,0.4626959501048067,0.6302507243375706,32.70287858361434,none,0.0,69.40768506844445,191.32768940704307
1119,3.0674394670379623,0.35227621646151186,0.6758619171752887,48.33358219573968,none,0.0,272.4405464232086,751.00358406426
1120,4.065901339840513,0.4653364080734811,0.5577015977886091,26.639654257828152,none,0.0,110.24880364145926,303.90941349024615
1121,7.073559249363452,0.28457197990946903,0.49253736153274746,33.43239917306311,none,0.0,34.04933209391353,93.85963570147429
1122,6.774519355494309,0.332346638006606,0.3172458463173826,41.517913073462616,none,0.0,25.240698581159766,69.57795139781948
1123,5.121673121237269,0.278789278915414,0.7579547686445292,42.763686681581476,none,0.0,106.28987174862989,292.9963094006914
1124,3.150868469320317,0.40915060902568456,0.5740239674894753,30.58524533914346,none,0.0,195.59195730600413,539.1644631506123
1125,7.258301914034937,0.2586544978239417,0.355396987693626,43.42949670344089,none,0.0,24.91112876295081,68.66946652984106
1126,7.153115591239957,0.42966025259163093,0.43459805738414503,44.373435700646255,none,0.0,31.534182853291416,86.9264309353668
1127,3.0887394881425485,0.30076785993198574,0.6834018354515718,31.27070224849201,none,0.0,243.6696905245168,671.6944790885818
1128,3.808537621534639,0.4809877985068137,0.6911476228319577,48.07249733609064,none,0.0,180.48121777831975,497.51053278819154
1129,6.210947975053124,0.41937014577512477,0.5123728021529341,39.82295611797409,none,0.0,47.99623624203292,132.30536317929582
1130,5.906525375428712,0.2839586200190116,0.34603777011864356,31.567911983803445,none,0.0,33.820057668819295,93.2276228952935
1131,4.467111091919394,0.34964421133215007,0.7755459680497085,46.91932175387247,none,0.0,146.31723742551944,403.33486023138556
1132,3.5812760556125083,0.20354492411077968,0.6420382317778937,44.605690661151044,none,0.0,186.0957187440677,512.9873419741189
1133,5.480576711422138,0.45485185195724814,0.4035828068581758,38.17424954135181,none,0.0,48.04257587012098,132.433101971756
1134,4.407222971391158,0.30921343129646456,0.7438097614519956,43.346949119481536,none,0.0,141.3432211877664,389.6235971021518
1135,4.626585554241932,0.2747970368114024,0.44950172358388807,28.429221070764115,none,0.0,69.75172132346842,192.27605214307016
1136,7.3927408016356075,0.38197251229233753,0.6540033312258424,35.58956457678732,none,0.0,42.04391921902079,115.89733773346924
1137,7.223790486007103,0.3833716241904194,0.4619882517491072,25.34430602821235,none,0.0,28.574212668732745,78.76704259853071
1138,3.764997281920617,0.302032425148844,0.325458270566835,40.168782464732736,none,0.0,83.14605886219232,229.19858673091687
1139,3.437050416387749,0.21942758927611825,0.6613292527597554,29.669135528169633,none,0.0,187.94279200370408,518.0789432560273
1140,6.225016423976574,0.3918757374631474,0.7932876269046292,33.68488727875349,none,0.0,70.94339616837503,195.56099665323242
1141,7.389732671991573,0.37823394163244956,0.38304082893708324,28.516356994484838,none,0.0,23.3165690944774,64.27393861773726
1142,3.1390770631762246,0.4017424122741464,0.6781160928504346,36.41769712775502,none,0.0,243.18217521482214,670.3506051568593
1143,7.533062083801167,0.4879635805290494,0.5553585552188087,42.60674464369495,none,0.0,35.96693950820597,99.1456698812728
1144,4.453631043106121,0.2185920930822632,0.378418461822135,44.16603891114629,none,0.0,70.74886562342415,195.0247580661892
1145,4.417203494024898,0.22452093985109445,0.3780250235752922,39.09182281457713,none,0.0,69.68683470127527,192.09718710996594
1146,5.353879973796167,0.254323093808616,0.4500823736202798,38.325727192490156,none,0.0,56.199295034211275,154.9177335914453
1147,6.215593736029668,0.2484116448593749,0.363127424663831,45.27086051849402,none,0.0,35.071312522610334,96.67680434371033
1148,4.977116968464894,0.4949797278245437,0.7361314433677897,43.350182977163286,none,0.0,109.68593226525502,302.357814697166
1149,3.3776089827321045,0.25318181845470766,0.3447780893530031,31.221688532097783,none,0.0,102.76341695341755,283.275362119369
1150,5.8189615245708834,0.47730769853409527,0.7613355683206797,28.31123584367574,none,0.0,74.60679409820804,205.65943836071386
1151,4.248833462732004,0.4059678170830303,0.3918571402340919,47.9315183472065,none,0.0,82.15749077652062,226.4735217963385
1152,3.9031560322511485,0.26550267440099024,0.5876893102205298,45.73080295721218,none,0.0,144.30178225336485,397.7791011032223
1153,6.965541382139365,0.34835329816425864,0.6107794786323091,47.639276881577004,none,0.0,47.57398120926929,131.14138430189857
1154,5.719773287591298,0.3482450681917724,0.7960922338849804,26.920731779830835,none,0.0,79.7316947159736,219.78662603482152
1155,6.421307738054201,0.4383061389329227,0.33372690146727824,38.66750332785514,none,0.0,29.0324913024809,80.0303233432458
1156,7.716484548056613,0.20273771490341438,0.6828584230302259,32.97224232683488,none,0.0,39.5305023019982,108.96890825696266
1157,7.05134142805144,0.27727349786941946,0.7451211777122084,40.36294000862564,none,0.0,54.33537146093167,149.77968310925175
1158,5.579456727328701,0.4953728725927292,0.7407252479502658,35.14122473023607,none,0.0,83.33569602758234,229.72133634264083
1159,7.766099393703101,0.22643102480340596,0.4966373583751198,47.014825601148225,none,0.0,31.016709790999272,85.49997614102443
1160,6.6963322222909785,0.3082999073893269,0.6254210387080281,35.399675343421535,none,0.0,48.93863426832742,134.90315673450996
1161,7.8045451003137085,0.3208005196575408,0.46501360063143493,26.25654103493203,none,0.0,24.858983564388453,68.52572422829705
1162,3.9094833292801434,0.4188536295417731,0.7100259310755568,35.75164461715506,none,0.0,163.40412212272275,450.4361886422148
1163,5.836456264272389,0.3113875551151652,0.4225972112910177,49.242749205086554,none,0.0,47.2734449567324,130.31293270759667
1164,5.565196525001507,0.3612892634150313,0.7477376171186724,39.282036040023954,none,0.0,86.9441246834582,239.66825096337195
1165,7.240523117816662,0.2868083566752071,0.7470908717845874,42.87430764354423,none,0.0,52.45493389629854,144.59611051071144
1166,3.9940345763401757,0.24005914833298642,0.682031516874611,31.538830462800615,none,0.0,145.74569069081267,401.75934715910597
1167,5.58020850466588,0.4697726299592365,0.46947374706068523,36.70577933018901,none,0.0,53.38233834862338,147.15257310535046
1168,6.6866084736802955,0.42847187540331255,0.5700566470610197,39.84048097517869,none,0.0,46.07771047537675,127.0167974910127
1169,3.9448143917120224,0.24798676147087456,0.5086537413876231,34.70104470490131,none,0.0,114.11907843560257,314.5781273799962
1170,5.5850931414741725,0.39419534388482713,0.42720665470307606,44.24385706877736,none,0.0,50.80938486501341,140.06002645191865
1171,3.49167181762565,0.2271652129338279,0.42661908183471825,43.712890982326584,none,0.0,129.42832983165118,356.77927113587634
1172,3.0619057080380845,0.3686271406357462,0.5432547293643387,37.96462864297261,none,0.0,206.9036742620156,570.3460919167381
1173,5.570454973764553,0.3321145473131958,0.4676000081281554,29.911095121284824,none,0.0,50.69379161217645,139.74138464501323
1174,5.4226663132980395,0.48135215065618586,0.7757458482700075,26.143535618216482,none,0.0,85.81007898316179,236.542165664757
1175,6.351704156693119,0.4027555633837362,0.4011096141656254,45.5635534082794,none,0.0,37.156985058437456,102.42612312192304
1176,6.4381101848843745,0.4719703061262182,0.6191522587644551,34.37143421447351,none,0.0,52.02757548120228,143.4180637569919
1177,7.628054404551148,0.44796535932540255,0.696867737041768,38.339617269578426,none,0.0,42.86849738683253,118.17035167757653
1178,6.55231350896443,0.41650988185807514,0.5202388451354951,25.990051728226895,none,0.0,39.356706492133405,108.48982657274807
1179,5.014425389676724,0.3107409630792816,0.30124889814337336,32.498761501364356,none,0.0,41.148437175086066,113.42887173771157
1180,5.355922006092182,0.38814569333050897,0.6987887778809238,49.2032296207055,none,0.0,92.80670615500986,255.82891335879225
1181,3.919883066500858,0.26376633929664345,0.6235326205278704,25.36450595999243,none,0.0,131.0005382617533,361.11318612179724
1182,5.323991371916661,0.429558997028629,0.35261392330959745,35.99236556926741,none,0.0,43.83095080588881,120.82342948011406
1183,6.316094563803199,0.4685763324098513,0.4788484497807266,29.293783797033868,none,0.0,40.16966682422685,110.73081503900111
1184,5.13719700047717,0.31109504650579334,0.605644799173214,45.01134716696825,none,0.0,85.5065880940491,235.70556938287586
1185,3.111317611939123,0.251977436201437,0.5248701435807761,32.18095062542636,none,0.0,185.76607918058056,512.0786648369693
1186,6.986547354496413,0.49929635680526907,0.5327594703354591,29.261523928519296,none,0.0,36.51604406840897,100.6593193662214
1187,4.8802185246110135,0.28328891956049673,0.641800554528952,36.73725166157577,none,0.0,95.43369488151757,263.07041238612766
1188,4.494393152729597,0.4959517462548754,0.7800126458918359,36.61212590288446,none,0.0,136.63730361468393,376.6513688258521
1189,3.2343081323156464,0.46100105600933,0.3038224640550167,37.68389905459691,none,0.0,103.51411586495226,285.34472213961976
1190,7.057497230263224,0.3066496243662233,0.7096796726109662,37.58743896683672,none,0.0,50.74872552997766,139.89281426862166
1191,7.089269321515783,0.2601727511407883,0.6822235305388638,45.445252957575164,none,0.0,50.699000531719186,139.75574343372995
1192,6.327976090938421,0.3638290587084939,0.7718926521904439,30.288355550964944,none,0.0,65.05035849944724,179.3163793673724
1193,6.4999926651301605,0.2486553418849824,0.6449989903138116,46.65770834592251,none,0.0,57.39415624809501,158.21146159037778
1194,7.112615650162532,0.3069918080115815,0.33362072242770213,35.902870905262006,none,0.0,23.22095911446558,64.01038226291057
1195,6.622818974428984,0.29070023514058785,0.6796806163276807,36.67012241746178,none,0.0,54.85304344089266,151.20668623699652
1196,3.925055088102275,0.2622131982705568,0.4919468502468599,30.985420031283454,none,0.0,108.37261212253824,298.737545447998
1197,5.92977194702666,0.4920315448575621,0.41108481969558425,28.066526450506228,none,0.0,38.708482614185854,106.70294697243448
1198,7.846209616962683,0.48870446177825955,0.6167806947524852,40.75682121287249,none,0.0,36.41367888659892,100.37714177353293
1199,6.309687447589047,0.4684520786735358,0.5888595584598882,25.293683318623888,none,0.0,47.7147417393374,131.52940165610676
1200,5.38427191332077,0.4525791273116563,0.3169923225166496,44.97114474733765,none,0.0,40.73162943629047,112.27990874745875
1201,7.93530870775247,0.4840270318006406,0.6515985665387287,37.99504414440069,none,0.0,36.95623567616965,101.87274181606361
1202,6.650939589131756,0.388042098389021,0.7042470824592677,28.78599194499896,none,0.0,53.04663907872946,146.2271919228192
1203,6.3641538185941116,0.23580593890018325,0.7329286619697364,41.466534030808006,none,0.0,66.05540005524439,182.08685468878375
1204,7.9646060441076525,0.31214993931418933,0.6372432380246852,26.287063460089065,none,0.0,32.720179620681364,90.19572339658065
1205,3.5338090798362165,0.23137253518573825,0.7355558493868264,49.869133064390674,none,0.0,225.1598582271106,620.670684804255
1206,4.835981198745632,0.4942597830900854,0.5981368458690572,36.16321677186454,none,0.0,90.21975334481031,248.69777647393448
1207,7.098688639513822,0.413509102699445,0.621734397801447,48.62250524713872,none,0.0,46.8663893546133,129.19085223844544
1208,3.087196183802234,0.2449259853791304,0.39327796453686986,46.80977876782092,none,0.0,155.25972986127232,427.98553709872795
1209,6.554877173613103,0.38939892462824,0.6826461715378946,25.673699930434772,none,0.0,51.444882631838105,141.81182553940417
1210,6.936868451611754,0.3540575018297779,0.5259541780513383,25.954757707366777,none,0.0,35.48777407522898,97.82481304930035
1211,4.404341931845499,0.2658698538332012,0.6446436834029313,39.70286737115022,none,0.0,119.99597159222151,330.77824108910795
1212,6.586438992662035,0.40802245755473276,0.4139663853311199,29.893905239107223,none,0.0,32.09688724965635,88.4775694265834
1213,6.470324023157174,0.27918746739902256,0.7523188757052853,33.60042022691122,none,0.0,62.235702877375296,171.55756194432328
1214,7.982561588655413,0.21213697645050272,0.5051627899266464,42.4143440818287,none,0.0,29.102380124352344,80.22297732327768
1215,5.3074910039090675,0.25631137816866106,0.7841214267637393,46.87687340566785,none,0.0,104.7726600861821,288.81399729713456
1216,6.760562978452902,0.24738847292321944,0.7962844374712013,40.98968446636301,none,0.0,63.41246989159965,174.80141186318164
1217,6.067595787354044,0.23983646657569524,0.38009443004074855,28.872962195202067,none,0.0,34.42584283837235,94.89751688488691
1218,4.930506868719619,0.4098415528905288,0.7219134476820974,45.81204650335462,none,0.0,111.1348945587233,306.3519921107422
1219,5.87463016558951,0.31503195689389074,0.37526874991074355,36.180304434835584,none,0.0,38.36214793636799,105.74824844909755
1220,3.0980837763195552,0.360940316266545,0.7298995559315755,37.63883082796944,none,0.0,270.9501143382727,746.8950919416494
1221,4.5485669165718905,0.38341545421012846,0.6473151576155862,41.627541346768254,none,0.0,114.31818308231814,315.1269748473731
1222,7.397676942073025,0.3172000285148937,0.39046249606171923,26.897662298288214,none,0.0,23.37333911229675,64.43042959303321
1223,5.497596489509074,0.24927312848513195,0.7482180011056022,43.729325765731815,none,0.0,91.57546864647799,252.43491127851135
1224,5.659631868608584,0.36344936259305133,0.7715185353722724,40.96839670294292,none,0.0,87.65683034257634,241.63287960706185
1225,6.902501951792622,0.2447711507396858,0.6149700189225495,41.61768014269011,none,0.0,47.15892072835517,129.99723775536637
1226,3.5654830550991687,0.49654278366968524,0.7940200942256743,48.39065258093855,none,0.0,236.96741575361378,653.2191366926119
1227,3.60052918452333,0.3234783287687587,0.6364799037598307,48.94611992908328,none,0.0,186.80354571857183,514.9385221447072
1228,7.246021011783726,0.49100588263906747,0.3686126700755413,37.62654248117457,none,0.0,25.011986288767115,68.94748815537889
1229,3.335418621665886,0.3509332076129942,0.6831799332545067,26.52993396171349,none,0.0,200.48042235542945,552.6398977792095
1230,5.102683881356695,0.2955839052576419,0.6591207063207508,27.792668529532826,none,0.0,83.60913151394148,230.4750825522578
1231,7.450876029778482,0.41496586466778096,0.795963981324153,27.595958664581303,none,0.0,47.27087431979233,130.30584655271173
1232,7.025472224382559,0.2596713307974543,0.7662070472465312,44.89475176854396,none,0.0,57.80261901590398,159.3374210192286
1233,7.5286873957291,0.4406749090371125,0.3667281619758778,37.87371887267093,none,0.0,23.088394953828107,63.644958831064194
1234,6.477727005029726,0.32662756399051573,0.5528947219357366,29.906767827288853,none,0.0,44.324419272417614,122.18371373887689
1235,7.295236095546512,0.33569466490176547,0.7695674640519139,41.97513482916474,none,0.0,52.9443405318754,145.94519801835432
1236,3.845780825446929,0.22091993281800407,0.5595674698378018,32.64347426404231,none,0.0,130.08763439355687,358.59669552525634
1237,7.447240676441075,0.4217308867985462,0.35179536480815227,36.18548482572022,none,0.0,22.378782540787217,61.68885694643742
1238,6.541270150188893,0.26120193597248575,0.38396203546817315,25.439694299970018,none,0.0,28.989826036163556,79.91271321654621
1239,4.143568878132527,0.4094757014138037,0.48560651620108475,25.260711331990176,none,0.0,91.21164700624095,251.43200859257774
1240,3.0514020856996753,0.35238409282451727,0.6939189402627889,47.84796919371473,none,0.0,281.9546520683905,777.2299572135911
1241,3.7379405700740516,0.3588990761078582,0.48610492506813363,48.08068124537818,none,0.0,131.78361389149757,363.2717950703737
1242,7.268281406981956,0.20603787668217866,0.49006222413633277,45.50774332940189,none,0.0,34.65872702802483,95.53948029178602
1243,5.759471597395152,0.21621271944680048,0.6270696388219592,43.396566877299904,none,0.0,69.7939629260194,192.3924944057986
1244,6.835891496785893,0.2943791720005564,0.723698019749882,26.609049960787907,none,0.0,50.59736823176462,139.47558609106642
1245,5.775148893262917,0.32197760656083074,0.3907815432887039,26.340328143543253,none,0.0,38.18268730365026,105.25355124509886
1246,3.0661546647772795,0.33416671946278775,0.6203944823771559,36.68175294682043,none,0.0,233.61238005704323,643.97071951673
1247,7.57346767179272,0.2848896900529915,0.5239988536648276,27.384542123928078,none,0.0,30.06219441207487,82.86878015693921
1248,6.740493716987057,0.3407644640129644,0.7727340833823483,42.148137132493005,none,0.0,62.33683826688175,171.83634951465916
1249,4.069719350585591,0.32775288508648615,0.4764411353617132,32.63653974957887,none,0.0,98.90309410980537,272.6340815479987
1250,6.139636418025731,0.366133707229944,0.5265388564132829,36.96527803214143,none,0.0,49.54469236886503,136.5738030899398
1251,3.896593569527637,0.35105604126246986,0.4415376626523346,36.63624350137022,none,0.0,102.91502706102114,283.69328719270123
1252,4.117163530465976,0.3503597160660007,0.37979417574245783,43.06223517630596,none,0.0,82.56190995554647,227.58833477366633
1253,3.2013260571770847,0.44162737713030153,0.7286338389240067,45.80590613944405,none,0.0,266.0623424123063,733.4215679726044
1254,5.847489092036128,0.47305132900658564,0.4753998584372655,44.78802129499583,none,0.0,51.73854358992955,142.6213248390592
1255,5.4034675444858165,0.27771600659058027,0.3075201477581272,40.2364206952383,none,0.0,38.158108474221294,105.18579778543979
1256,6.428941653473565,0.3605390801316284,0.4302608526409297,42.02231578332444,none,0.0,38.126451228312206,105.09853212391263
1257,3.302346661854252,0.46179744681628615,0.48366542392809597,33.57623631811419,none,0.0,153.5717191019104,423.3324039677173
1258,3.841589293258704,0.22744752048496666,0.6133975020395084,32.40668190641981,none,0.0,142.65345779277692,393.23536634736655
1259,7.146840448602892,0.44898099042282513,0.5408525808354389,34.80197508108889,none,0.0,36.996039034065625,101.98246287060542
1260,6.999598761744126,0.2806849255833724,0.5186139612149689,47.61335041194775,none,0.0,39.997571303326076,110.25642033238573
1261,5.834590358872502,0.20320011084512457,0.5059617246106267,27.63474470977514,none,0.0,49.0189846641125,135.1246488533885
1262,3.246401470421516,0.2080019755374724,0.7377957460902862,31.75481926204347,none,0.0,239.04938373457819,658.95824357884
1263,6.1540690598887196,0.47968797142848435,0.36403052998875346,31.189377620560993,none,0.0,32.67520169931797,90.07173825088212
1264,3.745751216830664,0.4139450366189307,0.4237328932246124,38.0828709501123,none,0.0,107.91958414289545,297.4887385325145
1265,7.076385635396948,0.47698388077570764,0.7891163247900974,34.24879238202618,none,0.0,54.838160985974675,151.16566159098693
1266,5.6267967977987094,0.2468487045549489,0.5352294041420496,38.663687598538345,none,0.0,60.63827558966368,167.15412921177438
1267,4.852872923098277,0.4763496822829768,0.31195094617086083,35.01380295061892,none,0.0,46.35022139761912,127.76799506553124
1268,5.709245415209549,0.3041494266312816,0.43950261433136967,40.53980564509865,none,0.0,48.941579099111365,134.91127439145677
1269,7.120853373058529,0.3288850488260511,0.6949416667945487,25.035689077344113,none,0.0,44.098891765848016,121.56202960210412
1270,5.178042563093732,0.44494186486924503,0.7969305498294054,45.232903503796635,none,0.0,110.88080828572183,305.6515834969756
1271,6.981778207930869,0.41155863968597073,0.5158693455773748,34.12153072092724,none,0.0,36.793260424306254,101.4234878402988
1272,5.983437732797369,0.3357709529665571,0.6869312948917187,32.93534279799784,none,0.0,66.11969179558332,182.26407987850644
1273,5.886093887807865,0.2972635642928665,0.6623341961377642,42.637036545619246,none,0.0,70.27050648537022,193.7061238407506
1274,3.575517699243883,0.34693565377658464,0.3350286793088072,35.19281812417132,none,0.0,91.8165891376594,253.09957868562125
1275,5.475727906445883,0.41207054439250335,0.6734961999587374,27.87821330624113,none,0.0,74.24567975941667,204.66399855507262
1276,5.203624218611224,0.3404549460194488,0.4609725489765848,38.89759931605887,none,0.0,61.157177499134534,168.5845227388771
1277,5.815816685117481,0.44381633187810227,0.5471380411423219,42.928232084369085,none,0.0,59.56138211214046,164.18558847050733
1278,7.758744385643416,0.4024063952479665,0.3179805493847202,34.567280069715295,none,0.0,18.42415133328696,50.78760803651426
1279,5.4456642207747095,0.24952332984125677,0.6101577042150719,33.45411543203633,none,0.0,71.17972266971019,196.21244906157932
1280,6.490628950543199,0.34476931661601273,0.6407613916319831,31.32038084887267,none,0.0,51.75866336996756,142.67678657235712
1281,3.459079086767045,0.4704958138474593,0.3094267530389035,43.0982181820434,none,0.0,95.31367802702943,262.7395765699069
1282,4.868472174869858,0.43540234200098765,0.496950058850608,40.23187345502291,none,0.0,75.95798741835893,209.38410797659046
1283,7.031300826415086,0.3625522247744647,0.6075209157334811,42.729166364875525,none,0.0,45.19334678864884,124.57898010922342
1284,4.571574346563808,0.3942960114397287,0.7174621015090628,44.71797690601993,none,0.0,127.70016286309864,352.015444301131
1285,4.472297532404108,0.3883437042146214,0.7564468384012362,38.35058812162461,none,0.0,135.38282280921263,373.1932947843554
1286,6.3727813695917295,0.25091650555873474,0.41918401608033734,26.5959722082232,none,0.0,33.71740681841172,92.94465783024488
1287,4.5968428512175326,0.3348723196712609,0.44205692776230276,34.68260030209563,none,0.0,73.02815398505965,201.30779393435114
1288,4.872543442976513,0.2912782668197842,0.6744895394536783,45.31663562076602,none,0.0,106.03072153504728,292.28194164748635
1289,6.677792079805933,0.4473410469405463,0.49925746160872475,32.980818589179,none,0.0,38.594699122030256,106.38929391108893
1290,6.75168133328204,0.268206047496002,0.677312391115527,26.979874104777764,none,0.0,48.71118010880413,134.2761616276058
1291,7.203918588443344,0.23052665092024702,0.6857722713075151,40.610447651560534,none,0.0,47.98497750737848,132.2743275999424
1292,5.509793083311815,0.3535668187374742,0.45288059447070733,28.861452643414495,none,0.0,49.73890298498252,137.10915977620303
1293,7.221937982975231,0.4638953142977333,0.6644709347136961,40.7329292118144,none,0.0,46.297593033052415,127.62292088412993
1294,6.7196798096262516,0.3873995717189367,0.6125826316163869,37.028930713370265,none,0.0,48.14002770870986,132.70173554690834
1295,3.6222368470309902,0.2618615087552799,0.7721661320515525,43.9610509070466,none,0.0,217.98549716069022,600.8939997789894
1296,6.558242848187087,0.37561338295691826,0.730496224335382,26.120579373972863,none,0.0,55.23218334676058,152.25181491704194
1297,4.970175136862691,0.3390427510424211,0.3578985972089093,44.82765324293052,none,0.0,53.9270464836849,148.65410351232714
1298,5.754795985253783,0.39363250728991894,0.5965199408529979,41.28354815972637,none,0.0,65.67693534617173,181.0435872395981
1299,5.782594913334402,0.21056554951483225,0.4583744483974006,38.19547604759921,none,0.0,49.02090960138098,135.12995509442425
1300,4.956237825575908,0.449482784211503,0.3711382949499012,45.42117352469495,none,0.0,56.42214636257832,155.53204063930104
1301,6.254716459323974,0.3436980281055989,0.45382465187083837,27.467250962133726,none,0.0,38.20147671354581,105.30534571489297
1302,4.1832117310980665,0.4760926819309419,0.5042581352590777,46.00629083098055,none,0.0,107.9545740480052,297.58519093816517
1303,7.746728843579713,0.38820890141605024,0.47459920945855477,27.2879272373382,none,0.0,26.000785056835166,71.673188969769
1304,7.579374810578208,0.3955962133883357,0.7129511921934575,38.19064438775323,none,0.0,44.37984703858802,122.33650469566122
1305,6.649829382783308,0.31604391384270636,0.5504835391903811,41.54914223896837,none,0.0,45.46397146910612,125.32497811757769
1306,7.319199143808635,0.47455577176348773,0.40881039420247794,27.241629591459926,none,0.0,25.078790975579075,69.1316404769728
1307,7.86301170926372,0.3734764107745818,0.7490332919260652,48.084038013745605,none,0.0,45.89094830498526,126.50197302283067
1308,6.869323426004187,0.2488594973273499,0.7573812531193733,37.54477564986912,none,0.0,57.15148552097042,157.54252083980793
1309,6.136359766355511,0.2969892310877704,0.7392603980182242,32.37862643030698,none,0.0,67.36649351754518,185.70098592315935
1310,6.419768820661401,0.4462706726506592,0.49528234283392825,32.6811558483248,none,0.0,41.33252547070147,113.93632546243553
1311,3.770898731222847,0.358134693641568,0.7865817683527307,48.18165452864794,none,0.0,209.6419001859948,577.8942248937694
1312,6.779828434921587,0.25181781295371014,0.4559201158862137,46.89948217346556,none,0.0,37.33764146931331,102.92411658864765
1313,5.989569797500584,0.23211959662216158,0.47370804561253776,31.57603486139252,none,0.0,45.0259020107276,124.11740553691769
1314,4.032329853623331,0.2404577094065642,0.6719288941670742,31.740049999629225,none,0.0,141.09662943988585,388.9438477421449
1315,4.870582001730803,0.4688414931243907,0.6571408559314286,35.62595280899962,none,0.0,97.35133131623591,268.35652656185533
1316,7.161052552994483,0.49689502612344794,0.7747786865132034,43.5010845273774,none,0.0,55.81520028585493,153.85894651226343
1317,4.701805072356897,0.369950960158274,0.7143406100099877,38.5260396515899,none,0.0,115.80257454981462,319.2188155319229
1318,5.315291282138168,0.31651402899353176,0.6637696874313052,37.452029425493706,none,0.0,83.60565219977781,230.4654915449431
1319,5.5957044349948735,0.42422803159982597,0.35497036898206985,34.40223838406854,none,0.0,39.49414954123334,108.86869904035633
1320,4.350070679276342,0.4973697336677619,0.7003356397793408,27.53018019987662,none,0.0,121.94651339357765,336.1550614483501
1321,6.771333794171632,0.37578877137701994,0.3287025063477853,47.21204312166353,none,0.0,27.031571315085834,74.51463156524757
1322,3.3078214478438968,0.3582391549630206,0.41811131646869315,27.229597018688928,none,0.0,125.56587607875144,346.13211656367946
1323,6.126895559790412,0.22233318335231408,0.5573729330267159,39.93680422040442,none,0.0,53.69227062680135,148.00692557083377
1324,4.421681003251857,0.3018758589933709,0.7816229514732136,34.524228675510514,none,0.0,139.3981490527627,384.26185427365976
1325,3.5474099674965487,0.26983866407635915,0.5467123397378502,35.272204617283755,none,0.0,152.2992577560042,419.82476517703395
1326,6.591646238663558,0.45883677704629117,0.3611668840845799,44.947545422051746,none,0.0,30.959943348072898,85.3434950184503
1327,5.823026775912552,0.31537182330421737,0.7817624307542038,32.5729090589254,none,0.0,79.23095326383638,218.40629322318884
1328,6.672755066624387,0.23703617932614207,0.4951091620021929,30.87169950879347,none,0.0,37.70372448442736,103.93325293276848
1329,5.883266614562001,0.3988082057498377,0.6689321856733476,27.805598804033043,none,0.0,63.838344889270736,175.97536946461014
1330,3.081522526339591,0.30673658167846046,0.541856029174956,35.78299038999956,none,0.0,200.75940385611244,553.4089320074446
1331,5.0930912125543895,0.4232853610171114,0.33823295419077537,47.37565641247735,none,0.0,49.20909112414736,135.64869212239591
1332,6.302603719388224,0.22416561935518062,0.36237235988573385,48.99381192448537,none,0.0,34.71793551220517,95.70269309705029
1333,3.211255406434538,0.3565839173637692,0.7364403649945974,49.28520330506478,none,0.0,272.1889866948283,750.3101400785031
1334,4.097174894350141,0.46613341462936436,0.6681950952399728,34.61435724739715,none,0.0,138.88388886439043,382.8442560229284
1335,3.5427671937908842,0.49889576605493907,0.7511885423706994,40.24514641887565,none,0.0,216.84310994333603,597.7449204406132
1336,5.572836462846861,0.37889305834685505,0.7803794317494729,38.91042718733709,none,0.0,90.27619368783206,248.85335866465445
1337,4.000556368913141,0.4159796219029053,0.4133477973235819,36.84372368317483,none,0.0,91.53121801704829,252.3129309773984
1338,3.85057040612736,0.4871349056076578,0.6483492737166514,37.11726410722419,none,0.0,155.25886378465626,427.983149694285
1339,3.5323406043033163,0.3224583330589037,0.5331060443367401,47.44317434299099,none,0.0,161.3003899297837,444.6370870326142
1340,5.077258991100276,0.24309227339697465,0.6603096356644975,48.09249845087413,none,0.0,97.03130180948297,267.47434030396204
1341,3.5385258364198258,0.22810481675513025,0.47842869150544526,43.47679949243633,none,0.0,141.1368399259467,389.05469106954513
1342,6.705286291621143,0.2222684303094162,0.32314244371479545,41.300024780319674,none,0.0,26.20900026577328,72.24715040704169
1343,6.024949634660414,0.49814026640812886,0.7385582979543031,36.68598508881692,none,0.0,72.02885476573597,198.55314781452861
1344,7.262907287093385,0.3665278420755701,0.6102972667394531,41.56809134786874,none,0.0,42.258489387245426,116.48881711586027
1345,3.751301472209859,0.2025303293970924,0.5628694310856943,32.72342545207948,none,0.0,137.61378527163578,379.34311654048184
1346,5.771270022520612,0.22692208962612656,0.42898566683806083,35.84841032539611,none,0.0,45.33368178864588,124.9658244652742
1347,6.83757411515635,0.4333069818071255,0.5495730203608511,45.330102684598266,none,0.0,43.87544247254272,120.94607421783911
1348,4.358369382962962,0.48855362886937787,0.3087610441710521,25.46323629735927,none,0.0,52.52382600520699,144.78601697394552
1349,3.2811463665456553,0.4125674305190262,0.7253853604900118,49.974659703355485,none,0.0,257.6965254497313,710.3605420158287
1350,7.385530305457256,0.47497987955018744,0.6621026319994658,33.63211217522866,none,0.0,42.04883850377887,115.91089812229322
1351,6.070745414926545,0.3651270649555048,0.6617742240706572,44.12363819518717,none,0.0,66.57285131757229,183.51324939306963
1352,3.0529558240301147,0.32131818870814743,0.69795539187749,26.85187747839157,none,0.0,245.20753617995913,675.9336703830478
1353,6.31278133432199,0.4303811267445657,0.6710454485733954,35.91276212475437,none,0.0,59.29610515418533,163.4543318817457
1354,7.619947871247875,0.24530400575806557,0.4038087077591546,28.69705494186289,none,0.0,23.154453474598707,63.82705428601016
1355,4.466025342275007,0.3105510570100742,0.3182024259962776,49.72494924766937,none,0.0,60.9408111121146,167.98809194309518
1356,3.2467792132477733,0.2126354010539797,0.3493415585201418,31.151521753854862,none,0.0,112.62066294772107,310.44762838325266
1357,4.231786936303195,0.3197398999449065,0.5756071151695205,30.271309049474056,none,0.0,108.45258052708233,298.95798458508324
1358,6.66556994614936,0.44125730681402336,0.3638780545360887,31.65756793319933,none,0.0,27.945005136364685,77.03258303259345
1359,4.710283355585025,0.24647958113603582,0.4163426753984125,26.348703785000524,none,0.0,61.157566762580146,168.585595772262
1360,5.751451393006496,0.3989188123889412,0.30219688302871617,28.06884367150099,none,0.0,30.247865025721488,83.38059566330512
1361,6.4017324492268255,0.3345729460371315,0.5991955585435016,48.597066328916306,none,0.0,55.53024413023685,153.07344268185741
1362,3.2757710022907176,0.38655543999702985,0.777499024996221,32.11187948172051,none,0.0,248.10912614289205,683.932129134866
1363,5.755420823520394,0.2938825447616425,0.40651139068968445,25.47058000383818,none,0.0,39.65808903333788,109.32061101759527
1364,3.3247029233280814,0.2560354052429083,0.7884680128819141,32.41613722209754,none,0.0,244.83428149931004,674.9047647799784
1365,3.6438578079293014,0.4409889305116695,0.4913156304252706,49.81050047030682,none,0.0,141.40718840004837,389.7999276990989
1366,5.20324132961132,0.3985190230820952,0.5692006418735587,46.69882172143269,none,0.0,79.05829545796679,217.93034853774736
1367,6.745802698921205,0.4389903374509031,0.7802279047967023,33.574475583225244,none,0.0,59.36904208401182,163.65538820519356
1368,6.640092531906129,0.41797922692646305,0.3310528508906752,32.37393090479686,none,0.0,25.763297658122152,71.01853645725008
1369,3.8329840059194553,0.31255490503511163,0.32407115064310976,43.79167613966341,none,0.0,81.6239809190572,225.00286032856047
1370,5.268290122953182,0.4472999685580356,0.7317749388175475,49.41361536360165,none,0.0,100.55492487843925,277.18748171035656
1371,3.7835269379398357,0.4049087417452303,0.4511865791706068,32.248806843745946,none,0.0,108.04245596895402,297.82744428816613
1372,5.7476464919413655,0.3210254114837705,0.3407812314887026,43.336139683095745,none,0.0,38.072522192167995,104.94987253577987
1373,5.646271428561349,0.49366765807420393,0.5018565950584419,27.789579091365926,none,0.0,51.991236627799324,143.31789287680346
1374,3.7783927931885253,0.2513693740439063,0.7846627453150294,42.36454249246832,none,0.0,201.70793263563715,556.0236254597557
1375,4.516381325096261,0.45434931730337824,0.6954812139889454,42.05311625935629,none,0.0,124.89851264195751,344.29247727681025
1376,5.710208501549072,0.36296374811181964,0.5201385845467824,26.73833312503513,none,0.0,52.17978008054081,143.83762759048514
1377,6.517023388630916,0.47434085123259206,0.6279831427977787,26.095523440380607,none,0.0,48.07225036929908,132.51490204375298
1378,5.067553191030907,0.37456728877439793,0.5329816399006577,29.8001574005365,none,0.0,69.75474886157197,192.28439777572817
1379,4.164706594466844,0.23458072571092092,0.7826424028846496,37.611915058010844,none,0.0,160.74202583532536,443.09791290706966
1380,4.644260550709196,0.24297504428179736,0.6174284294361632,34.31938731790782,none,0.0,99.66481717563178,274.73383050145486
1381,6.161197165780836,0.28600847542239693,0.3636156089604704,40.531681841409814,none,0.0,34.766781109181125,95.8373397864273
1382,4.723409053588545,0.2708189439389882,0.5916094770625261,40.051321401240465,none,0.0,95.95812256491925,264.5160381309524
1383,4.022468642918077,0.2988653247501739,0.6225267314017435,42.54373195777613,none,0.0,141.34650986135705,389.63266258947925
1384,5.932836875262261,0.20633933214847422,0.3496051016294134,29.18332456689533,none,0.0,33.2078042906189,91.53989877106436
1385,3.4850636404309996,0.4691450370923927,0.4705669278997223,48.56166757145269,none,0.0,147.12175462897474,405.5525745584743
1386,3.765748930898634,0.4915709952155226,0.39983807064584864,45.96981942989571,none,0.0,105.609537993275,291.12091641043423
1387,4.167215131065744,0.2909545207242683,0.4089520230999182,31.232797091815208,none,0.0,80.08234121276489,220.75321041963656
1388,5.042749616339053,0.27748239025707316,0.5797229852886239,41.59267496762665,none,0.0,83.2805234097006,229.569248717071
1389,4.691162075236257,0.20096671173745861,0.5447216059160285,34.64875607138132,none,0.0,86.38516380535023,238.12743176670398
1390,5.396784270955537,0.43406361532189747,0.6828164667590122,34.89021096662566,none,0.0,81.96214048720223,225.9350235122404
1391,7.296778756539988,0.2953752880711631,0.770889621866028,43.38203195647051,none,0.0,53.45161576635593,147.34354170395298
1392,5.584676497179419,0.47741207617811005,0.4536419944633162,49.3665104117772,none,0.0,55.45986904498866,152.87944827789377
1393,5.259164611350789,0.3237137273186737,0.7649456681590974,43.173931981077956,none,0.0,101.97788124961293,281.1099717575301
1394,4.491696281950724,0.36963232613705105,0.3063582182280086,37.13539884773059,none,0.0,53.92117110946313,148.63790757762942
1395,6.543836262876685,0.21776154359328692,0.7226126100011327,25.269025345034212,none,0.0,54.42410973818334,150.0242970765101
1396,7.560472144986372,0.2835049411615951,0.34273855669702524,48.13087815745177,none,0.0,22.718235523463502,62.62458553176952
1397,3.735850785334449,0.35893862861832737,0.4372622117000705,30.91007389063867,none,0.0,106.26529145709821,292.9285519202971
1398,5.554025644646307,0.22999905642723725,0.653238360018628,48.58638663511715,none,0.0,80.4244485828882,221.69625603457285
1399,5.933474564580759,0.2738586278326336,0.4394042553901214,28.03770835457738,none,0.0,41.312857978949,113.88211049482953
1400,3.3824472392858853,0.2542932695929331,0.5598504527220778,41.07574656383474,none,0.0,178.20088687614398,491.22462306566086
1401,3.3007532339835954,0.3455443444484279,0.38465707399400934,47.22001707905733,none,0.0,133.13206450547972,366.9889042202858
1402,7.6142847470168675,0.24742909563697657,0.5038254791805674,44.90240926931058,none,0.0,32.35883168032703,89.19963965274529
1403,4.139521843626946,0.4559348294669547,0.555728812337448,29.8147763209614,none,0.0,109.0119148809192,300.49983328989646
1404,7.777599246091306,0.2584164366740947,0.44023240139273423,30.132760514150178,none,0.0,24.527547955826474,67.61209616107779
1405,5.575928485281132,0.22046882285412223,0.48989305905351477,26.411545300489205,none,0.0,51.3829308166218,141.64105052856874
1406,5.0133160031641495,0.29223923044905814,0.7335441917243358,40.826927249729984,none,0.0,106.12466171640588,292.5408950829223
1407,4.97490170704935,0.272369634158289,0.5067631210732414,35.64016856910171,none,0.0,71.96551765786815,198.3785541435832
1408,6.935965443548058,0.47469288704641743,0.6048144637861654,25.54442754364297,none,0.0,40.6570527953034,112.07433243145583
1409,7.8895623792314,0.42472885941525207,0.46715864857866385,49.83697747455797,none,0.0,28.684680152580967,79.07155482462981
1410,7.639347585560689,0.28872030286080846,0.5507026747366324,29.780203669646188,none,0.0,31.70955034222686,87.40984507942335
1411,6.912295476643187,0.34437724511311807,0.4982365988606366,29.707656127550436,none,0.0,35.019638401722986,96.53436060894673
1412,5.115942326193135,0.2684817272318462,0.5315194364696514,42.662959159850274,none,0.0,74.65933846475724,205.80428099414607
1413,5.482348710418938,0.299563961813967,0.5791185431607934,45.03997566847448,none,0.0,71.80211207607636,197.92811392485277
1414,7.333480214028888,0.2924200534217573,0.7281444564759282,31.760443959364235,none,0.0,46.23517039222954,127.45084801045927
1415,3.8876357820382723,0.26079846033450393,0.6035786054466039,42.440582946332626,none,0.0,146.62619140443653,404.1865159489632
1416,6.081316776144844,0.2049303959038576,0.4539571429938098,35.692567598317986,none,0.0,43.1586222164694,118.97010336294196
1417,7.748904717069293,0.3360167716515089,0.609064135076945,38.176092920074815,none,0.0,36.26884939397512,99.97790799436548
1418,7.054397192208297,0.4693450859423114,0.3329140182665926,25.959135077432684,none,0.0,21.7214264995578,59.876803828061234
1419,7.993058474318986,0.23014219392368135,0.4047075948009622,46.73024958532889,none,0.0,23.824205275943765,65.67327728871878
1420,6.580220697458973,0.2974626985232922,0.33780444854001734,29.336799597038294,none,0.0,26.11807419531086,71.99650561339894
1421,5.419299053316604,0.4272984809895318,0.6753216935679178,33.15670602349828,none,0.0,79.37264153053285,218.79686797347046
1422,7.003717783400803,0.4050107960483966,0.3897423931876643,37.89912028781238,none,0.0,28.358364308973186,78.17203978466303
1423,6.862442635079597,0.3710144394539403,0.37670842039514624,31.49757418196919,none,0.0,27.259674993398317,75.14341712105315
1424,6.546460182317853,0.31470993183002377,0.402024318542228,38.349552371957124,none,0.0,33.58016771228399,92.5663475457204
1425,6.300293875850293,0.4711902787362215,0.44932278606109965,28.26034499252378,none,0.0,37.54349642064703,103.49157179325366
1426,3.155772815630125,0.43195854519759097,0.5653493563006706,35.47633913689943,none,0.0,199.29374261120515,549.3687226194622
1427,7.3215706275474215,0.23813839127580588,0.6085379554327988,30.053745911835207,none,0.0,38.23466895646846,105.39684271812571
1428,6.898361657501539,0.4071313952495353,0.3243159761645505,35.340014183233336,none,0.0,23.90268165992397,65.88960355330146
1429,5.911956257298002,0.31390032433268555,0.600483610122188,31.29916392235129,none,0.0,58.45550828535222,161.1371611416973
1430,7.458727688243095,0.33179356457182835,0.7676552399806558,42.46759319597492,none,0.0,50.6704370764403,139.67700604427813
1431,6.188665916979469,0.33441184368001353,0.6930582477663112,46.53897886315051,none,0.0,67.98817665399227,187.4147039109439
1432,6.975156144682779,0.23127012764750257,0.7106207481934241,34.77594666317339,none,0.0,51.021506606422356,140.6447565443364
1433,5.9955319623458445,0.2902104327915291,0.6414740164517909,41.450397526685286,none,0.0,65.13423585818411,179.5475938355845
1434,5.975645429738833,0.20553319649559068,0.4321809899032789,38.72182705854421,none,0.0,43.42986731626775,119.71781160217503
1435,7.46046737500884,0.3382359659378875,0.539368707880189,33.36752547673472,none,0.0,33.503347268421166,92.35458600826266
1436,4.802199898574283,0.4067932360445497,0.3266361432756917,25.375383515147774,none,0.0,45.72886763857811,126.05518504092267
1437,5.363385582544371,0.4513032586686302,0.7384938667666,35.40514626526709,none,0.0,90.08219783964499,248.31859400662486
1438,3.1404005454933532,0.22752471141963423,0.5171523485158417,27.428254259274254,none,0.0,172.6241200299066,475.85183093390293
1439,4.316428550635765,0.3397506790667132,0.6676267190498598,39.69122365690221,none,0.0,129.37838967861475,356.6416072209177
1440,4.123199967624123,0.486008910705027,0.5310425590059664,48.64223480015189,none,0.0,118.66357690463111,327.10539133805776
1441,6.2308833501127765,0.21515867075010472,0.613273598784583,29.853197440866232,none,0.0,53.11366421096878,146.4119519281182
1442,4.646080734355047,0.2817253726766018,0.7928664471122974,48.83436796172142,none,0.0,139.67267505873073,385.01860660022743
1443,4.596261998449592,0.3885472977950708,0.3421294258972117,26.22468703480483,none,0.0,52.718370378962064,145.32229369589788
1444,5.965486957826384,0.4057451018726065,0.4238793454534078,30.932603142404943,none,0.0,40.40713832804246,111.38542373525678
1445,5.546674123034896,0.2255005651433053,0.5429225000290827,39.7344495107068,none,0.0,63.733513558428186,175.68639373056877
1446,5.981260719073657,0.3372262433838777,0.4405201290238644,33.409877781115995,none,0.0,42.58459641472157,117.3877565292403
1447,4.008647043202932,0.4351536973367911,0.42069666834203684,41.394244126558156,none,0.0,95.52387844155164,263.3190103827191
1448,7.62977924766976,0.24418858155959355,0.5295380129773443,42.62812113259356,none,0.0,33.43495683674591,92.16606246140682
1449,4.944134373138015,0.34640927382091513,0.48922340160718814,31.56336544379093,none,0.0,68.23796090325857,188.1032536386332
1450,6.567643446986374,0.24063947556391824,0.6118732874525523,31.086963722442093,none,0.0,48.18262523089284,132.8191589474882
1451,7.932485398529635,0.3811273099297346,0.4168824559083488,41.75141377632822,none,0.0,24.225144456460658,66.77849736573502
1452,5.428229080356204,0.36592450478679184,0.6737477065915081,28.75771089066639,none,0.0,76.16809022175896,209.96327271966385
1453,7.708868316619717,0.2001283459805998,0.30207939547174256,36.34338500851959,none,0.0,17.953524391552097,49.49028821813051
1454,4.5828329198189515,0.43817980927814687,0.36477487767470945,26.2465829123892,none,0.0,56.549476364146685,155.8830357055322
1455,6.35550677732933,0.2095154480062122,0.42054651363498685,25.831883437007754,none,0.0,33.764179913091304,93.07359150633407
1456,7.812722971525333,0.24218415862865522,0.7602188793000737,28.539598567681526,none,0.0,41.40943344132962,114.14832826795346
1457,7.467457688445247,0.23472081701568054,0.6402215101208464,41.11418021674446,none,0.0,41.82020450576453,115.28065070836546
1458,4.2711118887489725,0.3013346635713397,0.7034084220417767,34.632530054271086,none,0.0,134.55512518219157,370.9116818072489
1459,7.533543347351211,0.3326487386751946,0.31025443983113377,28.990013005528063,none,0.0,18.246730079664516,50.298532531375905
1460,3.986038343635049,0.2144667175137685,0.604954877386195,46.303604945211276,none,0.0,142.87204545712143,393.83792027501806
1461,6.812562874399532,0.4293110802314685,0.7273431093371587,37.43150438808976,none,0.0,55.76107339996691,153.7097415373121
1462,3.7781664909520547,0.3743214662448512,0.7871675230993935,34.21780333275122,none,0.0,191.85430044771093,528.8613209120381
1463,3.399960504329802,0.39697487364492934,0.3403261096204931,42.04316017185799,none,0.0,107.83876017713258,297.26594097872345
1464,7.780697655039513,0.2615486281458833,0.5552409250196673,35.1062295728442,none,0.0,32.113967229512355,88.52465172607684
1465,6.287330602718102,0.2803969333021536,0.4547256647126715,44.07721305141518,none,0.0,42.63575194762883,117.52877074365999
1466,3.1122116228938137,0.2711667882481688,0.4000289561808121,28.077370466690688,none,0.0,136.75582048420816,376.97806980344455
1467,3.1547861711284595,0.4286804855779462,0.6960604819311369,30.672588198887034,none,0.0,236.75450414003765,652.6322292530049
1468,6.801467611764257,0.216984503100685,0.6291390638032432,25.571018409109847,none,0.0,43.992831206951344,121.2696654139393
1469,7.445654357577618,0.21728235977251456,0.3570479172316061,26.02265822827082,none,0.0,20.92484253628623,57.680958091246694
1470,7.381147403102677,0.3906776501378926,0.7378691323106761,37.20033488472553,none,0.0,48.11403960114842,132.63009731291677
1471,3.9408458335855365,0.2038957969358568,0.6136232384472624,34.92368291424068,none,0.0,138.1676717529312,380.86994778963464
1472,6.6819287295252465,0.3366915146012567,0.6950055872932186,42.07009571852813,none,0.0,57.02713006068613,157.19972532396272
1473,6.594137100354876,0.38601526493775806,0.32099540872978477,40.21019039375494,none,0.0,26.740555886102598,73.71242487114449
1474,7.696472326590719,0.400815922190106,0.7214118039634603,41.099490588313664,none,0.0,44.3570292869607,122.27360578434252
1475,5.5902779249353305,0.48069726858829287,0.6088102715511844,37.835018128968116,none,0.0,69.50118049273115,191.58541682963752
1476,3.5958918814602367,0.36491186112956453,0.47556076178786816,48.794803927046914,none,0.0,139.8265624552614,385.4428092077255
1477,4.52951294148978,0.37958663194764486,0.3618398046015172,44.815793352590475,none,0.0,65.6409149294343,180.94429416143652
1478,5.304118315666544,0.4237727431409165,0.659289309889403,28.878378448172477,none,0.0,78.14412843316475,215.410375939987
1479,3.813670109804702,0.26792228205171686,0.5920218663851344,43.855892477184064,none,0.0,150.68222107902022,415.3672776354612
1480,3.1442237476971417,0.447499066542678,0.5302088570628106,25.58914714073215,none,0.0,173.5152167897973,478.3082085419691
1481,3.782397510777883,0.44678306997179806,0.6388634334154777,39.95152273150602,none,0.0,161.49554643839537,445.1750511405669
1482,7.771870911808745,0.2897954063002893,0.7423345902150376,45.15626850487967,none,0.0,45.82807079817825,126.32864627700697
1483,5.724484277189921,0.22027506642708097,0.6664554112169389,29.562061155365804,none,0.0,68.21589249794474,188.0424203677464
1484,7.874600315759493,0.26256062286885995,0.7270573989029261,29.35136644830352,none,0.0,39.257465956133665,108.21626230539401
1485,5.442178764166222,0.2678405677155213,0.5994753785729099,49.851532369987154,none,0.0,77.36577762117385,213.26479131224025
1486,6.489937875186678,0.33517358083367643,0.46049049018051136,26.552771425203463,none,0.0,35.700193821600976,98.41036462372972
1487,7.497719381529011,0.24023479515167953,0.46177549484011604,29.512868827243338,none,0.0,27.54094883228311,75.91877036193797
1488,4.400903398316389,0.4241954419346332,0.346594962245609,28.01965779697404,none,0.0,59.22537295905479,163.2593530748323
1489,7.434089912923208,0.2075924716233722,0.5398886573357189,27.089092810375707,none,0.0,32.059055459615685,88.3732831524389
1490,3.7149759419953683,0.4066844404442916,0.34825040672378055,29.655746652841415,none,0.0,84.70525608668916,233.49663531016893
1491,4.050509361643744,0.4223759346524434,0.38937120063858743,41.96427935682172,none,0.0,86.88964266598016,239.51806703218267
1492,3.2872985604873595,0.2998200783619749,0.318435740645226,27.10794329215154,none,0.0,96.72108778865324,266.6192111923616
1493,4.5907742574649015,0.21200045909384557,0.5500051680222705,32.93149148171713,none,0.0,89.9293114200537,247.89715067761088
1494,6.565407172484294,0.49896550481681795,0.46013995458663615,27.027784044161645,none,0.0,35.01246984873981,96.51459992907895
1495,7.3091652187841225,0.49464607694423446,0.7086954345562941,46.29719546936761,none,0.0,49.77557333704304,137.21024445697282
1496,4.577221508734073,0.24376338085330373,0.5238262126839033,34.09684987410553,none,0.0,86.90914038058798,239.57181400720165
1497,6.748416609227993,0.23825167375179118,0.5828152949271939,38.6942681097552,none,0.0,45.91370625640277,126.56470708630422
1498,3.5300610344171357,0.45200920547534557,0.6264046731936986,38.29686432713043,none,0.0,179.88083191402038,495.85552238991613
1499,6.347365537219151,0.4767184068937801,0.4023564604429969,46.84317630095882,none,0.0,37.582794288031806,103.59989942855698
1500,4.9292408727025965,0.349488114201043,0.3344051377622102,35.26536309309972,corrosion,25.593855490392617,37.073432921983205,102.1958051484019
1501,7.8415650694435035,0.2559501332166571,0.46855743775832553,28.02621543911328,corrosion,11.569347166948042,22.766778636256838,62.75839840145425
1502,7.3603619407434095,0.37691427594872434,0.7365399885381965,43.05247300502578,corrosion,16.629307678442636,42.9169328205223,118.3038677198821
1503,5.953316437384766,0.2409373897688191,0.55797991969931,43.40784444056389,corrosion,23.310630059235116,46.02993329141124,126.88509595863148
1504,5.8247393130798235,0.40901767078385587,0.44670935843448334,33.55042689662329,corrosion,27.984218258269877,33.874192290054744,93.37684918650723
1505,3.4483683729022494,0.2352106716013626,0.3244778456581705,35.35101347715896,corrosion,7.9471768427511975,89.41910944841639,246.49073922091256
1506,3.7952689381086855,0.34801289141401404,0.32014138573048057,49.932360068101886,corrosion,22.744891592638147,67.78166257131976,186.8454317606449
1507,5.110126985200694,0.4388826173350866,0.7627718963781596,29.521200126254215,corrosion,25.755905824561598,75.09691355744931,207.01049081961486
1508,4.064792595786951,0.30719793657119676,0.7480009849217054,28.15102785629304,corrosion,5.591334498447796,143.13691982966571,394.5680671101293
1509,7.023479436784416,0.2911715436930728,0.3226299830712091,37.10478444534854,corrosion,17.328364306867577,19.740311246343577,54.41570533927259
1510,3.165911134385037,0.20109944005611358,0.7092034578145734,31.27502777468215,corrosion,22.673093297910594,192.1430289336566,529.6572234549128
1511,6.784118848549829,0.30966117413049876,0.5254345413511298,49.43253269056524,corrosion,8.85083656548429,40.34409067421198,111.21162796990399
1512,4.214556396969393,0.4321497867211365,0.4124280253331442,35.66212471045214,corrosion,24.841112972390075,63.35683701714119,174.64805551103981
1513,3.855251557252271,0.48677747576973,0.6703287226365156,48.64134812128931,corrosion,26.889139809885098,129.32680051963442,356.4993976788275
1514,4.648109718657822,0.21574295170151958,0.7936986358649937,36.567609950506,corrosion,20.488933986096125,106.54238171371708,293.6923727698133
1515,7.633941477996709,0.4851596856747549,0.7683075808819739,37.646654847171305,corrosion,16.715816425929255,40.20594880334513,110.83082914450317
1516,5.624445974776821,0.4687129974119143,0.6314188801037649,25.023115034167045,corrosion,9.846455682732929,58.94143801639866,162.47666428597887
1517,7.126185331555307,0.38718635298354576,0.5366802357584884,25.16624711794803,corrosion,20.41091027448865,27.94179301771444,77.02372857774581
1518,5.658311922919073,0.2428817011066473,0.3975315209970149,32.42063777677807,corrosion,21.08248375648873,34.694347893746894,95.63767198677775
1519,5.097290261187705,0.43156422683245843,0.48048855366907517,29.0678653486459,corrosion,23.493261726922437,48.7967540731321,134.5120529266393
1520,4.748013509546458,0.35959669407994554,0.41440454931067777,45.04930592316346,corrosion,19.487893463387895,56.830505528790404,156.65771448704524
1521,6.9281737302469,0.3533199622968518,0.33708473173511366,40.7479874295646,corrosion,14.472935967863148,22.37353548167892,61.67439302284243
1522,7.676085622627735,0.49862707590211564,0.6238222743092072,28.449029328200556,corrosion,14.380517131425457,30.861860949601336,85.07312324875696
1523,5.615639563275016,0.4883393028265533,0.5805045896359108,41.6552120876562,corrosion,14.77786413084204,58.782492338018066,162.03851814709898
1524,7.311558203954704,0.417746246256515,0.7993936088647063,28.99883664345178,corrosion,17.149032263371126,42.519948153342185,117.20954856430335
1525,3.362411896710775,0.29058022328783417,0.6053592116570198,42.584706987535135,corrosion,23.957485539820016,154.5106004977803,425.9205036614644
1526,6.94928395150667,0.4357033256809487,0.34733670435425834,33.1239229075921,corrosion,26.160204439380518,18.926083841919766,52.17122408563072
1527,3.2410538103252793,0.41723996785299533,0.5613191936984031,25.080144537468215,corrosion,26.876814027585787,129.86730009515747,357.98932685711964
1528,6.9195647131933065,0.33680479497790333,0.5747647356961947,47.893644409512106,corrosion,15.65529004566159,39.32745354279601,108.40918853985517
1529,5.41102215772748,0.34178681879295814,0.4031894747449732,33.54166319235914,corrosion,24.949688326528996,36.95021735935081,101.856151856909
1530,7.999906765210042,0.2117635615594103,0.5168855169574136,49.84715246420591,corrosion,29.51581597724183,22.425957133591186,61.81889738697142
1531,7.019889478637298,0.4928682159966266,0.43279250319016827,46.80828816833485,corrosion,15.570151401186717,28.634391643552156,78.93293063149345
1532,4.322441996811365,0.36468833540852563,0.6179520839518672,35.97799008474814,corrosion,9.269397378309387,107.53501080294612,296.42863218112353
1533,3.748791473851962,0.2533736544373144,0.6661118010548224,49.15627575634894,corrosion,17.90165759467097,152.504330794452,420.3900649812479
1534,3.55340518566614,0.31718094802730123,0.6148028032327277,28.287958039201403,corrosion,20.434242365119292,132.51793117753297,365.2959978729946
1535,5.1930178227346655,0.3042843291543714,0.7261506867437164,28.777998572932432,corrosion,20.056525948841934,73.93009245794994,203.7940575844258
1536,4.788979862908497,0.4248349837108122,0.5995377833319984,30.147280349893396,corrosion,26.205513994806665,67.14696854626848,185.09584824708458
1537,4.733469293777313,0.49992667953889314,0.7576992152352364,49.827325315301444,corrosion,13.989996811638779,113.86330063606714,313.87305594779343
1538,3.3910692405909457,0.35677169675119375,0.5680962471550701,38.41585808032889,corrosion,14.813513869782122,154.53875712945393,425.998119611088
1539,7.807581199164057,0.37649568590169047,0.6944993423399954,43.250570842171044,corrosion,19.654189701874536,34.798015341113825,95.9234393780194
1540,7.55551777189902,0.3006438153052934,0.7874431496600961,29.020245516544293,corrosion,6.2678808963238755,43.683935415436636,120.41817010365354
1541,7.97851404037277,0.24673476198660563,0.5862329196670077,47.29616496247524,corrosion,26.97593657094112,26.19132621039791,72.19843049799523
1542,7.911090504948915,0.39173014528860783,0.7443365031764974,35.204793685887324,corrosion,7.2915116045281545,39.16638650230253,107.96519469454778
1543,5.47267965799331,0.37225718865276347,0.758429076005325,49.98341146022193,corrosion,26.04928715953213,73.96698558155975,203.8957563496305
1544,7.182155369570817,0.30116408155507896,0.6354380829376955,25.938076692293798,corrosion,23.20359322711677,31.70940002451326,87.40943071813233
1545,6.954938813020699,0.3240472183597979,0.5081981031747462,46.07782860172327,corrosion,20.990586420978218,32.089003243253416,88.45583655396479
1546,3.899669298588731,0.31232719657586216,0.6603800902322781,44.36447883986959,corrosion,14.209408389744803,141.70723884613432,390.6270401292719
1547,7.975628542238572,0.3537389050966878,0.7896933687293572,32.99053273073472,corrosion,19.522717534567967,35.490243187193606,97.83161934632807
1548,3.728008602492481,0.35005140304962323,0.7949926424751845,40.50487004835332,corrosion,12.3849285498696,185.88048619896668,512.3940367082668
1549,5.483686301596667,0.24018512856060162,0.4325900085438439,49.641751923055146,corrosion,10.77490006952579,49.9697570075092,137.7455268643695
1550,3.605823466644292,0.4601501676175878,0.7130735344027126,47.040116630247226,corrosion,14.754543693161995,180.58099114054104,497.7855658525279
1551,4.943088060195524,0.4826322645370885,0.5887673721983491,43.839250778098204,corrosion,20.204017196616608,73.3712461782597,202.25355429098522
1552,3.6382810139668003,0.4689153949502821,0.5533279451890258,46.77708347396597,corrosion,22.571545694719028,125.69070802419297,346.47622555102447
1553,3.469363352401669,0.24344013121894953,0.765125386999885,34.040371669448064,corrosion,24.142694769504136,173.02910876352027,476.96821392177156
1554,3.6074443533319416,0.2579304382305046,0.32363408445084246,30.029697008771393,corrosion,17.437093885675896,71.10756763582788,196.0135480889489
1555,6.060925575049515,0.21967840208509207,0.3227391584256246,32.348783869276815,corrosion,29.86620847322057,21.778879463284937,60.03517739325399
1556,3.6774837513778023,0.35638865684886345,0.5912524095985241,41.4057366745427,corrosion,29.436979218006147,116.03027111613713,319.84647884293224
1557,4.2409129228465305,0.4129566250640557,0.3125153444795302,35.67925053666703,corrosion,15.823173755667034,52.792319040484884,145.52613893485488
1558,5.350302501826872,0.41217743476070884,0.5052746528675609,44.87437425516139,corrosion,25.411207461937952,50.62386516449818,139.54862694034674
1559,3.2542987536752976,0.4376331300112925,0.6461936388276484,43.14528404240167,corrosion,24.573315725481837,175.23349556585052,483.04477783390536
1560,4.180599878884012,0.27408227329223833,0.7993271323269611,30.99340259879019,corrosion,26.990551304415128,117.00384698929803,322.53021657598214
1561,4.899721602987598,0.45239088304644676,0.4363437396131822,48.81697065529951,corrosion,11.132892564718178,62.651967834194245,172.70502871229735
1562,3.9039729045139957,0.46486213627273126,0.37986112674317263,25.156627333672205,corrosion,5.892964722959933,76.41402671334609,210.64121581408372
1563,7.322617679454284,0.4154642982700999,0.6706812166682097,39.77566852153865,corrosion,15.29319601241224,39.26934066263102,108.24899586204343
1564,7.173915190122794,0.40148892598597274,0.513419634535057,40.447955596948134,corrosion,26.686206402186308,27.395095474776753,75.51671422564944
1565,7.78852514056136,0.2985861597200984,0.35932428162068986,48.22746309138708,corrosion,26.530775304916727,17.034475694350117,46.95685890576984
1566,6.479244523208386,0.2226161635112397,0.7678208950614718,33.08499103222827,corrosion,23.959869650693705,49.54947362750313,136.58698300276188
1567,6.291604442078594,0.3276971929988086,0.5209231140413781,34.53982257258599,corrosion,12.910730851653938,40.87786462422424,112.68301743220388
1568,7.264010468821656,0.44969741830057886,0.38716076840960617,38.61894042919857,corrosion,12.841129062954241,23.453110173862186,64.65032473711925
1569,6.87964972472918,0.4814343582876339,0.5390416796397499,30.68283890695229,corrosion,29.280420761942917,28.110861551468375,77.4897791623295
1570,4.33871707674256,0.38077315787820387,0.3979350756736334,38.84927800673087,corrosion,19.634924263183787,62.87103489167726,173.3089041189943
1571,4.0202689500277256,0.27454392712136744,0.30241588912035877,46.10026204324248,corrosion,5.437048043085578,67.01327923806689,184.7273232583098
1572,4.099442490400099,0.36551092207135233,0.44571338535315586,47.717262265534565,corrosion,25.542460854394342,77.10632366886516,212.54958628582622
1573,4.571820329912063,0.2841008970194974,0.7283113872079938,29.12669986339924,corrosion,22.786042300469415,92.82109985367113,255.86859072451682
1574,5.871992509408421,0.39253556264718215,0.7697868565069603,43.308623764403094,corrosion,25.53524091562596,63.357868178033954,174.65089798085194
1575,4.5846592964368496,0.3028500424621642,0.6982464188145301,42.8319847554597,corrosion,8.107351713778861,114.04342430264083,314.3695808636648
1576,7.820462451962778,0.442891113283582,0.47388448370352554,45.63459487086425,corrosion,15.571294278330528,25.10232632674722,69.19651750470894
1577,3.6394176726248624,0.2417290579191401,0.33030720433197536,40.951283758321225,corrosion,24.18916887744859,71.04694831297785,195.84644619570443
1578,5.146746613835745,0.36708473063065006,0.7643846900876713,35.12078474086203,corrosion,17.702266022053273,85.55176925898013,235.83011479298636
1579,7.962447501113613,0.34732935102813994,0.5530852099167772,39.01166394673319,corrosion,11.422307241499842,28.351539746071694,78.1532273443828
1580,3.517948498300981,0.34346214934035113,0.5038557932749881,33.96575081240293,corrosion,19.139089107768164,117.76068399226504,324.61649671880235
1581,7.88733737456511,0.30728157129377653,0.7341922434003461,27.95350796705122,corrosion,15.53707778195672,33.837565238285755,93.2758838719128
1582,5.612661585362216,0.3499750175326348,0.6527605258834683,30.65035323061732,corrosion,15.085663064416355,61.08624014890877,168.38897840559974
1583,5.295817984517094,0.36025305104683003,0.7112089543644166,27.330174607743068,corrosion,9.04969424954019,77.13124269132122,212.61827751150395
1584,5.670954293416865,0.2580663052268428,0.5261415133741117,39.05238492321498,corrosion,9.157780915157783,54.35020916020692,149.8205843797206
1585,4.17854494847686,0.2699094407350757,0.7313531995103271,33.83790180164635,corrosion,11.365354537435127,131.44649331371176,362.3424959403874
1586,5.699526556346328,0.41413620762503994,0.649007549181349,31.63560791126526,corrosion,22.042152792634436,54.837939839329316,151.1650519831739
1587,7.515841919064016,0.26913111914254867,0.5373712436812575,40.95900608948894,corrosion,23.14340041319071,27.471273912262248,75.72670602315372
1588,6.967061307076714,0.4797566809444364,0.6894543989135891,34.36250098612725,corrosion,6.693056023973583,46.74499403546617,128.8562165911092
1589,5.6211197034256575,0.2941057235407312,0.6917486723594249,25.9960661972003,corrosion,24.779055046855415,55.24390521503778,152.284127154227
1590,4.896086339636408,0.23193605930097086,0.47341332478689646,31.240591258975847,corrosion,18.713368246061,56.215546493749564,154.96253201229266
1591,6.276884653648616,0.4181640987167856,0.5857612369283403,39.948286107861136,corrosion,13.37573662069512,47.66706484065564,131.39797657748167
1592,3.285744336320637,0.37862979449375717,0.4815198057798956,49.032903269458565,corrosion,16.311558091582203,145.94818277981457,402.3175323854685
1593,4.470044446817168,0.40522961822579795,0.5141192835525981,27.914962710374883,corrosion,28.517435990203502,62.73227822426236,172.92641055269638
1594,7.37783985346891,0.29301242742483335,0.665451434971134,42.12947649054536,corrosion,16.053746837291996,38.622758661912215,106.46664221834342
1595,3.7421571032429295,0.33691280101362764,0.4985569048062756,43.81872409002888,corrosion,23.821866368735844,103.6530066829075,285.72758548503884
1596,6.484711122006173,0.2778122592172309,0.7137873801360637,31.173930181966195,corrosion,24.420134772696564,45.03464072445643,124.14149448357476
1597,3.4933729261827655,0.2283798360074546,0.5856438913383204,35.65311649249915,corrosion,24.826214591602,130.96379042462553,361.0118878482848
1598,5.806135228084173,0.48748666507948196,0.472233146480464,31.48534178977315,corrosion,13.676477437480859,42.18784547724713,116.29408167442898
1599,5.150344669376322,0.46328444873989877,0.56040718882201,33.89321934691099,corrosion,18.60629527590776,61.45029174836258,169.39251499187245
1600,6.116398188314293,0.25407923177482294,0.526499598100428,49.25396138203004,corrosion,11.5103351663807,48.44192872986134,133.5339492346774
1601,6.588008863838564,0.2193275757424273,0.38867296435739707,38.20659370425834,corrosion,21.635383180756,25.89690078065487,71.38682386960627
1602,6.122251504980394,0.25157881655385417,0.44883033219017004,26.31034538171488,corrosion,18.227023987911593,32.83404397342946,90.50959934891104
1603,3.740943325538915,0.4979053213138485,0.7975776190196429,34.4653543094252,corrosion,12.646402509551203,177.40593868415743,489.03328646175413
1604,6.762583709263671,0.22737971082051942,0.6935203284545522,49.302575806825935,corrosion,19.233040758154434,48.094231739393805,132.57549539745972
1605,5.152764601992242,0.2822472179677193,0.3805550866352978,39.91014285236129,corrosion,17.767413506094773,43.84128409432694,120.85191399681095
1606,6.193199754650216,0.26399774811580046,0.3911475912171383,49.28004169741523,corrosion,24.131364058167083,30.45299036824823,83.9460396500107
1607,6.85588882231653,0.24158635383697863,0.5434314744770167,27.42131981011365,corrosion,15.534546984414261,32.99074450667722,90.94155657164202
1608,4.599818183393871,0.20400833400398044,0.5240668090120687,38.5050955372462,corrosion,9.703997196952297,81.57346515660775,224.8636096996576
1609,5.447488488027547,0.31166858025135313,0.31902427816139256,25.661874874653595,corrosion,11.834980998023488,31.33796617501057,86.38554438374825
1610,7.8658418403093435,0.3990089114596904,0.34452700338362763,34.12655998423812,corrosion,20.051526119994403,15.955136732658442,43.981576998903044
1611,4.067957317992947,0.3948846876888532,0.6720516505800478,29.221094647863822,corrosion,23.411369129347392,107.41445791966494,296.09631875776773
1612,4.653860478811739,0.2385239372767889,0.3027841144154425,26.87262791305731,corrosion,27.83279298926433,34.10019353570972,93.99983922216644
1613,3.6658486140562365,0.4675726450686474,0.5333887841206639,33.13544391295099,corrosion,11.243801995599933,124.05227516145727,341.95975775097094
1614,6.7125466017565785,0.4504276200234401,0.6475815937384881,46.85239273565028,corrosion,10.66623690683207,49.257537486708415,135.7822382872318
1615,7.30462505292034,0.4302261156954067,0.6397141459960904,47.10611161910792,corrosion,26.921879025499962,34.08901321505068,93.96901980159237
1616,6.3657400483482665,0.3765144688332126,0.31595841289217125,31.76886683513321,corrosion,18.848091272417776,22.25346734900668,61.34341586268215
1617,6.325076722138088,0.25351337580802424,0.5464330799862199,47.50327326889177,corrosion,11.103277705998423,46.77539864554377,128.94002927058688
1618,3.505013716442912,0.45914315625886243,0.766647495399595,34.64128807704351,corrosion,29.067051352493834,159.28161133807814,439.0721666069688
1619,7.47201614248376,0.46955763716745985,0.30495886451822846,44.6137693997445,corrosion,29.272224078437873,14.806316866751537,40.81476556956914
1620,7.448737711889089,0.38585347526643665,0.5546885834179123,40.36887562009352,corrosion,8.70415955549338,33.63050505279931,92.70510634445962
1621,4.298376643082591,0.398111149623321,0.620624242131369,48.32784117305998,corrosion,23.77900459657905,100.27805921814648,276.4242799469252
1622,7.658299094942453,0.21240088932755705,0.6161231656485329,43.5777933742198,corrosion,22.448708355477176,31.080713294864953,85.67640678167201
1623,5.161918077298001,0.3653839535337272,0.5626920201095316,39.25823128611841,corrosion,14.941274458620978,66.32997619111931,182.84374518987585
1624,6.094263371436524,0.4779527962377469,0.5931043182144569,25.120113460447495,corrosion,19.991394043703387,42.412707083089785,116.9139302079615
1625,3.753475262752162,0.43396730108856996,0.5345701233521389,32.426021145618805,corrosion,27.653923939760187,97.25264833361786,268.0844992347226
1626,5.635378341008164,0.4875959266735195,0.46817620153931205,26.849611275797844,corrosion,22.001175074880788,38.858175275971476,107.1155864523869
1627,5.009018735876043,0.3148424646379685,0.5663689349615496,29.665429641234592,corrosion,19.93121763076573,62.54115553216986,172.39956597200097
1628,7.496367716013229,0.48692478930672617,0.4061417492079314,45.19608795727446,corrosion,23.235502011323216,21.365576802595434,58.89587642129724
1629,6.0437805865163154,0.26363487580712175,0.7734648993023145,38.71413366451095,corrosion,18.98094370742108,63.400672761227604,174.7688921444112
1630,5.6533850418279314,0.26265513293798454,0.6379925904205939,32.15650345917111,corrosion,24.633021453336767,53.224249954289654,146.716790139561
1631,4.189429274850564,0.27150005105957054,0.6026162180754204,36.01644670126014,corrosion,18.761559312443847,101.21653543842564,279.01126274697987
1632,3.242478464037408,0.2489916394615026,0.527454322066884,40.42506347353255,corrosion,20.567704604366174,149.0497202011513,410.8671618378035
1633,7.252158935801783,0.43349493333707173,0.376258552213568,31.806903020728093,corrosion,18.31346648727928,20.54899468504116,56.64490422069053
1634,6.6314617589059965,0.39044129345866513,0.33858239068505996,37.7688094451307,corrosion,5.977829674720191,26.10971196928582,71.9734544837776
1635,4.088512822952946,0.4725753318142568,0.5748461680022241,43.654016735228716,corrosion,22.58569172420066,101.6142890447809,280.1077015333887
1636,6.886235275136358,0.27901542141618974,0.32199407834699517,36.41200408852106,corrosion,5.102187396781339,22.993575136975167,63.38358062270749
1637,7.1771306307749505,0.28857200223128443,0.3193560846804061,37.38133096197202,corrosion,23.262452628766184,17.4723622152379,48.163927204153254
1638,5.500266876195447,0.3329921455036168,0.7194733454013553,35.70515846180082,corrosion,20.344024491408437,68.67884960612713,189.31859769393373
1639,3.21190990747867,0.3999855414634873,0.6310207602933676,29.281418903944893,corrosion,26.849526503529553,154.58278681469662,426.11949086218897
1640,7.672579152669009,0.48636472655957397,0.4701469789622309,43.97546408550401,corrosion,27.3191126385821,22.195780013771707,61.18439623206569
1641,5.792603036182079,0.2917309668738644,0.697070788720556,39.654152367359565,corrosion,12.437784346463364,67.11507255254405,185.0079244595202
1642,4.775639037294072,0.31681016576937976,0.3463834479373843,44.04556266600454,corrosion,12.708626353975767,50.235444869776764,138.47791615272885
1643,7.620591356732223,0.3306393605719491,0.6097611464654189,46.93646029991558,corrosion,14.693834520691025,34.57525990894967,95.30939668263215
1644,6.70259405033306,0.34332423856221284,0.5710051812527464,41.52533445535419,corrosion,20.509718557061603,38.042618977917336,104.86744199347562
1645,3.5569654403559583,0.4097398241102941,0.5122084446686549,25.58184959753952,corrosion,23.678609250897473,103.2213387976432,284.5376593397827
1646,4.409201635904477,0.29047426952350086,0.37833275083648177,38.85027718687773,corrosion,8.268826213444711,65.10143557195777,179.4571772936036
1647,5.23022691906358,0.24204863013815303,0.6139576412853135,30.244225206581675,corrosion,19.778343770886206,62.59584643067839,172.55032569376178
1648,7.654275331525749,0.3862196650466577,0.3033334136483032,28.947090978270918,corrosion,25.737020078311268,13.248972287439925,36.521823948288706
1649,5.592925994927536,0.26507326175112056,0.37715110895905324,46.82171628169583,corrosion,13.657523358922312,40.10619201430845,110.55584178497888
1650,7.823304291578805,0.3667885604442599,0.7782880507087879,31.857001143534088,corrosion,16.52477808238256,37.272332482626275,102.74408727872003
1651,7.542113068167499,0.38688943952091326,0.3411890009824959,44.539824045802405,corrosion,5.1916655476592535,21.343639476553864,58.8354044750745
1652,5.853152348971714,0.34199898933555684,0.31304746583261295,36.88119486045051,corrosion,8.546559155690233,30.095729115632135,82.9612211802807
1653,4.999150835658104,0.2656888383953328,0.436835784012794,39.048955127174416,corrosion,16.350211591173373,54.01028284272923,148.883551016413
1654,5.44931345678893,0.3951148350497665,0.32062585217525325,46.04777523512212,corrosion,26.72432089118579,30.61079275140168,84.38103420771341
1655,7.105319167473516,0.3647726660342808,0.3458328547814842,32.27143405232925,corrosion,10.647302900893916,21.39207062447385,58.96890870558997
1656,7.123312441317203,0.422509020771617,0.6625596977959701,36.870141547781486,corrosion,18.104817043351435,39.00867224687905,107.53044306662999
1657,5.714664017481896,0.38423000538145713,0.7163871242260536,35.25782947021729,corrosion,14.518294406960731,67.37233757039459,185.7170955153071
1658,5.655198589115315,0.41844205866370704,0.7388679221864936,42.372809049398924,corrosion,16.708595512985656,72.57689797112693,200.0638715946789
1659,6.511463253667078,0.46782975504268137,0.5397010195522908,42.98844972055317,corrosion,22.731511605616188,37.399608197926334,103.09493270754247
1660,3.4916271795411395,0.31431817459753464,0.5126323176822782,48.76384140048418,corrosion,17.795590727526125,135.18030529747693,372.6350394831269
1661,7.847286281653704,0.48529000452807886,0.5566546673723103,49.65811913523687,corrosion,27.376645883335854,25.87652379328723,71.33065311557176
1662,6.375138933566268,0.3183688617255731,0.5368898901974805,33.35008970625819,corrosion,28.65669654340533,33.60315525858212,92.62971450447822
1663,5.060550915344063,0.4595474905204144,0.47674651334441376,45.39685902376287,corrosion,22.095284359068003,55.88920359415309,154.06294238904715
1664,4.344000367240075,0.31140412086104546,0.3260353259943836,44.679798111524725,corrosion,28.5100821932054,47.38613899370595,130.62358260323282
1665,7.741112591951612,0.3497116468470377,0.31181070236239555,37.7095867895253,corrosion,21.249035616180805,15.068768468222935,41.53823384743585
1666,5.532908205397764,0.2662284370764224,0.5596989632365375,48.312691695689466,corrosion,28.66148444856842,51.01901231377851,140.6378808379879
1667,4.2313461933730965,0.20591552322565376,0.5234387486091578,30.097327664495978,corrosion,13.349994840201836,87.35062826694207,240.78880974735313
1668,4.8874833063627445,0.3507564913758896,0.6157194912971602,38.11552335159689,corrosion,8.197703715296116,85.87374665408625,236.71767056633604
1669,3.16760718390992,0.2843108298188775,0.41532732288176,47.00452218055705,corrosion,19.023460447487604,130.03305740994017,358.4462498157965
1670,3.582232446722691,0.2284112288912958,0.6770677022955112,49.73479596440634,corrosion,26.044719034272457,153.9335890359257,424.32992662644943
1671,3.8612955149684014,0.4201647190563772,0.314509644621012,49.61761687405756,corrosion,20.369739703868884,66.1207007473576,182.26686114157465
1672,3.8974034116955187,0.4960524511662205,0.3675914887680909,34.59951008615361,corrosion,20.591434725527474,69.13486569045968,190.5756415441279
1673,6.758512704826739,0.36751818504915845,0.49075729147587865,46.09767133356067,corrosion,23.941855503187487,31.63048245812378,87.1918882999881
1674,3.3494284656559556,0.4431876839414127,0.45271303504311566,42.67869441786205,corrosion,7.332573487013975,139.3924475639083,384.2461376938749
1675,6.729609827628625,0.37503769944279225,0.5725034616309574,40.38231337387103,corrosion,16.442673499255573,39.35129435737829,108.47490760520215
1676,3.055902524982291,0.4073505841179078,0.3884722004643627,39.53723683157502,corrosion,25.13297207212131,116.02199321510027,319.82366016681436
1677,7.8923233712357534,0.29168426554611815,0.5456408793501653,29.83453042736972,corrosion,15.42292135141192,25.55908052434657,70.45559602404535
1678,6.732814354272217,0.23263696666129213,0.5687288711540541,38.60134024270348,corrosion,23.370616257251264,35.594066740145195,98.11781705862333
1679,6.198766842281281,0.46121594235665614,0.3418957975350582,44.02958785699572,corrosion,18.983274526069433,27.511288653841657,75.83700977237159
1680,7.396010722464478,0.21816209702333386,0.6482636011503484,25.357255756232053,corrosion,28.04509789670756,28.403454316923455,78.29633390458017
1681,3.8742934027149944,0.34636105550927976,0.687827571389447,32.12270724370561,corrosion,17.46257264007136,133.21339695303698,367.21310343908885
1682,3.5770801550420996,0.4118422054428591,0.681698972083874,30.362144266296827,corrosion,25.188109044877436,138.9970391826757,383.15616367788044
1683,3.5119098603908747,0.23432039329003984,0.6401502859049764,48.85019161359986,corrosion,8.473285597604045,183.51838712799423,505.88272665133087
1684,3.6466420875884977,0.263340316196207,0.6885345814151138,44.305567548834574,corrosion,27.169953530648876,144.47399166348137,398.25380975136255
1685,6.979002383679505,0.25906378774691524,0.3101565641708321,37.39159615400759,corrosion,15.560201324189626,19.630072811455708,54.111824508403934
1686,6.453175229949815,0.44999015904058803,0.42489818503710103,26.603951123075312,corrosion,5.008523917798742,31.969786721659123,88.12720693095521
1687,6.725907561166379,0.40213080785243976,0.6294971956438312,36.83107513765487,corrosion,23.78720148079686,38.80935352096286,106.98100548307787
1688,7.825371012114521,0.3307090022893483,0.7814269439006271,35.28265430016551,corrosion,22.24173807190932,35.90540622854781,98.97604860228603
1689,5.555335452101286,0.24771148295667272,0.3202643899548844,33.31463870621733,corrosion,27.100658302794223,26.990315407347804,74.40090644113334
1690,3.4265933805529616,0.3262408917178105,0.6940150217515729,40.344350933120666,corrosion,9.575736086736503,197.18793471809843,543.5638991570753
1691,4.172804585670176,0.20023571116757102,0.5311946552654253,45.27936808283876,corrosion,17.538662115659758,96.55078723719365,266.149764468855
1692,5.231967085850004,0.31946080903233337,0.709941915720234,30.178475094784346,corrosion,5.530523913397282,83.48371402378127,230.1293594633148
1693,3.432558855970509,0.3980022888079539,0.605747268429412,38.56345689975903,corrosion,27.78004870252851,137.35755029875617,378.63678488238213
1694,4.026008444094786,0.2940452060049387,0.7051075146603321,30.477309111650293,corrosion,29.19113217305967,107.33554980604372,295.87880240721086
1695,7.507698895120498,0.2569615855613475,0.6992305044584373,38.8161596093942,corrosion,23.56438712081899,35.15578799653087,96.90966757041198
1696,4.445574408469808,0.4690495027782841,0.4995911623142856,29.819006225077434,corrosion,23.788848960917328,66.87500506971365,184.3461597409616
1697,3.725402907029992,0.2944153739136588,0.6242708661465304,34.58060801923122,corrosion,6.650687088162536,148.32254104297425,408.86263584695774
1698,5.040476096497509,0.42684181951408595,0.7722280330756081,25.11203730910745,corrosion,7.413164590796129,91.88832975079696,253.29733727957438
1699,5.57371217829466,0.3892809959111508,0.5592407146445431,44.34868248509214,corrosion,5.831804439417658,63.63017127302209,175.4015226680947
1700,4.947654580101181,0.4329336006176584,0.43325115473194764,44.471836737194394,corrosion,29.715148780640725,47.617037791467304,131.26007312208583
1701,4.511858383330974,0.30502271742855025,0.7057456182024999,35.89208289036937,corrosion,9.02443234638947,112.90889381582848,311.2421592114031
1702,5.282626057850941,0.2189211927072412,0.4643053439600331,44.52261839602408,corrosion,21.57028162198534,50.03017368634523,137.91207014824107
1703,3.4461031906977766,0.4101894179247295,0.4572496991974873,49.490064498882276,corrosion,5.978671270106749,139.69989298148462,385.09363492309507
1704,3.8172763568509174,0.2724809907640427,0.6164794156237767,25.058590943936675,corrosion,12.46941855009574,121.82371140559714,335.8165482036844
1705,5.293902932823648,0.40700635490852916,0.4947516853680011,39.32472164614114,corrosion,19.81579551922676,52.55316288317951,144.8668863573597
1706,5.630709381382614,0.33464416711131645,0.6996641707323439,40.26782298296332,corrosion,13.715177425878679,70.64945668568937,194.75072957357094
1707,4.252300048865639,0.2748255308830624,0.33725101314897377,47.6281799796841,corrosion,24.866018642958004,54.69215724719236,150.76319091104497
1708,3.194570883511286,0.42150262422322315,0.5675998799987421,30.331980611488852,corrosion,10.351719949456433,171.50466529734487,472.765966776302
1709,3.504906807636042,0.22543638280669148,0.7791694366914705,31.617535045859615,corrosion,5.731020329452472,206.1958972263732,568.3950493756006
1710,4.8904964923875225,0.40810094020710075,0.6882128619563264,27.40550624063832,corrosion,5.459800914105851,90.47537029383165,249.40240449993826
1711,6.6256646364449,0.4825920233357514,0.6984630529182962,36.44652049803393,corrosion,18.06449587019554,47.41624153617928,130.70656260320715
1712,4.119663635844062,0.2011046498985172,0.5770007337455425,35.36357553399898,corrosion,29.862912609945383,86.1809154921035,237.56440537078655
1713,5.025484618356538,0.2894592229269337,0.3489767484659356,32.713858942935815,corrosion,19.526804813368543,39.4172096500243,108.65660823848864
1714,5.229611047168808,0.2553671921779593,0.40563082971860037,49.699063790674515,corrosion,10.45967158357152,51.69074097516663,142.48955320875365
1715,6.494637619284395,0.38120942429681703,0.6641524630540372,25.63896036130204,corrosion,20.78270468602653,41.639415918464664,114.78229288257506
1716,4.420785916842496,0.32846454873438213,0.7309137321508302,45.76630483283138,corrosion,28.391270966981704,103.37128102166699,284.9509867650182
1717,7.002252383944393,0.3462436521198444,0.5605531722890242,49.86193951820144,corrosion,11.56214334681193,39.45185553820617,108.75211232785334
1718,7.339270160695957,0.38016498584577063,0.3901289274683167,26.879166102276614,corrosion,27.824820617281443,17.669701998397823,48.70790968550613
1719,3.9699565792460376,0.22766717591719007,0.4005536879510726,45.70742735800262,corrosion,15.5722438930807,82.36910066463533,227.05684093830482
1720,5.208228514596135,0.47873478213947085,0.3316003708798096,46.39331812469542,corrosion,17.4465741993228,38.96513889985498,107.41044000722168
1721,4.443437814493381,0.4741042959546268,0.48909573452435096,25.189463939797708,corrosion,16.26195447838195,68.66313711501377,189.2752849921424
1722,3.8939856437687626,0.37983718070740713,0.354062942510654,35.64731851155234,corrosion,26.322951419542342,62.44225518251234,172.12693945797713
1723,4.111560413772638,0.47597899951611744,0.578974263428663,26.690634163785138,corrosion,18.99501740250402,93.42619123064237,257.53657222327837
1724,4.25845619446488,0.4941986152354026,0.3115663570434606,26.5171043850355,corrosion,8.178228478671933,52.285129656267564,144.12803189212087
1725,3.96273324478751,0.4713472901910828,0.7507173693894208,29.880690252544515,corrosion,21.360364896492374,130.44522192500293,359.58241338844203
1726,5.507537246687154,0.4510182897149667,0.5488757740557866,42.95992958823756,corrosion,11.723029443971832,60.065068213253774,165.57403843478326
1727,6.496687766393954,0.3149629672525064,0.3913754847895107,36.64497679527415,corrosion,17.923760522339265,27.715867079057226,76.40094613629367
1728,4.328888992054631,0.3635260126095167,0.4888750447805089,45.975952123755874,corrosion,5.602995982631108,93.2364795945613,257.01361733576294
1729,6.311084463874607,0.4880346518643888,0.6929532849280672,41.578378594124025,corrosion,26.77632741652613,48.045688872778044,132.4416832059271
1730,3.73208137476638,0.42662089989138385,0.3097633125828351,41.87909399813999,corrosion,26.157199418506604,62.05828936556306,171.0685077736606
1731,6.344443583581382,0.38898309636534606,0.6601232470991346,41.275732191625835,corrosion,29.863190205676993,43.20947688675689,119.11028821996823
1732,3.1278183840959843,0.46450252406664544,0.7777930869857974,48.018974407604325,corrosion,18.029555762970098,253.94138930520495,700.0092167499577
1733,5.639043494510713,0.22033031299504754,0.7338926736755651,39.59411042847002,corrosion,13.748279446758916,73.55086745415778,202.7486943220653
1734,6.658490754919274,0.3342436530503937,0.381988691869516,41.681076454712944,corrosion,20.56596587207108,25.794699481906836,71.1050980280428
1735,7.735486301699319,0.4853505925372024,0.5744085746695633,35.0283618295385,corrosion,18.15411855786526,28.297025651090674,78.00295500065879
1736,7.31269561787836,0.3339226104474912,0.4233794108526839,29.99404750489839,corrosion,10.606567483397676,24.285845221607744,66.9458237508729
1737,6.387141149709942,0.37551096419983454,0.6505674345367594,39.55027439833753,corrosion,16.028099788296686,49.60499355667085,136.7400280056362
1738,4.614801345526016,0.49403680410234063,0.6800471789090108,44.571023163242046,corrosion,17.650290013305035,100.54014495014795,277.14673968569804
1739,5.346186319355905,0.3604449962547289,0.7566058753866183,36.659090632741105,corrosion,9.092731493395776,86.61450916285912,238.75964010273557
1740,3.496072012645778,0.3636824293007298,0.7827372684766392,41.80503339507183,corrosion,7.2358440939393205,220.26611989275568,607.1807139281091
1741,7.753173503091999,0.29144351576490024,0.5035770255981391,27.35689002427806,corrosion,9.56469057925388,25.363537545531447,69.91656657431596
1742,3.6573372697184,0.45214326410261424,0.582537731229493,43.94698691725131,corrosion,12.724876202294473,143.94480697448546,396.7950709365762
1743,7.599585400793894,0.24260487801130293,0.6332397970795363,26.733107167009297,corrosion,11.428428842901972,32.419318790704985,89.3663770856969
1744,3.5919654805264805,0.21438032419390812,0.3170356606137257,36.13579031310704,corrosion,13.553034474306006,76.69280045227491,211.40967734164678
1745,6.730051977126228,0.46700344206984057,0.3294542648958907,49.35194625348981,corrosion,14.463566838251907,24.312703786759293,67.0198614783246
1746,7.394471908190367,0.30903708020611703,0.5624003756525076,44.56621213736982,corrosion,19.974327176024055,31.53347387390252,86.92447657983718
1747,5.209991363750275,0.24609422359854052,0.3363120096587447,36.37285289590544,corrosion,22.547146899401728,34.99452673603083,96.46513834678146
1748,4.506821741294596,0.22484813673246534,0.5508671847101931,36.776347402065774,corrosion,25.922752304688387,73.49661120039194,202.59913273755575
1749,3.132108428169016,0.3558608614875579,0.5673560234343598,26.277149585388994,corrosion,29.480254549613285,136.90743434576626,377.39600520813593
1750,5.652094747594325,0.4144098425672834,0.6059002227545904,42.61226187975032,corrosion,18.547025096990637,58.4552529328241,161.1364572503064
1751,4.448516395737339,0.2561545538271836,0.4435314048839952,38.241217946996294,corrosion,21.33260726707481,65.06794779066139,179.36486561975937
1752,3.698331183425906,0.4220471707510396,0.47698773135103056,49.00852880822123,corrosion,20.927713422179117,108.25027214081328,298.40030576143107
1753,5.323324164709934,0.27992818503635014,0.3811261025507023,43.1336037332894,corrosion,25.71062183070298,38.03921455636647,104.85805744500394
1754,5.669364097248954,0.48999727165737367,0.5998288440390985,43.47038855523563,corrosion,9.163551698135691,63.67699918141633,175.5306074491093
1755,6.216688813368282,0.39560202264649547,0.3567771211712851,27.545977469590092,corrosion,18.60731979560551,25.494872914406823,70.27860274474797
1756,5.9048325736570035,0.21584778231440083,0.7362333830668253,34.18124115278657,corrosion,11.086434031911242,66.61156918177893,183.61997819628468
1757,3.5156464759401413,0.32721003072483035,0.38666650744442943,32.7647588852141,corrosion,23.835324441037017,84.68346213362564,233.43655857417664
1758,6.859650134061127,0.40468761137969667,0.5213056497978772,26.819784062121954,corrosion,16.156267002836767,31.22923462366182,86.0858173879179
1759,5.0798288426830815,0.3996261468390979,0.5473521629015736,44.92561176896518,corrosion,19.273888442025413,65.6944647604522,181.09190843992513
1760,7.9472330403094675,0.27138026035893664,0.7879857839040767,40.72306645871827,corrosion,25.988314310149335,34.65182086981921,95.52044293579543
1761,5.390063404690359,0.3823037654798249,0.5336030135193469,32.747285070490854,corrosion,6.2480028096331255,59.95933926272969,165.28258835167875
1762,5.054149982362901,0.30407083119085326,0.33233672292472405,38.80648982174979,corrosion,27.546312334092676,34.931576586168696,96.29161135464598
1763,5.007718095529695,0.28575706291242997,0.6758124893294866,45.52180979311025,corrosion,10.600608408584984,91.75843456108879,252.93927107743394
1764,4.6885721154664965,0.36318596389985436,0.517235996341529,39.771611357182834,corrosion,5.023463071359658,81.50976638606186,224.68801907581633
1765,6.8963824387898045,0.35029876638355506,0.397787776116085,47.68281809199418,corrosion,7.2446503436467315,29.72692021029299,81.94457071550111
1766,3.416038719214505,0.21191897901443008,0.5860467191231871,45.67543846906915,corrosion,9.851668011591952,172.37059217418852,475.15296167431256
1767,7.665954974304439,0.3923292198601408,0.723889109712983,25.48985794747368,corrosion,9.493782778746997,36.66555717797509,101.07146389753535
1768,6.0061606958246125,0.21234701704666023,0.35586722378016566,38.78781822721281,corrosion,26.315179086900258,26.946022064844577,74.2788083944572
1769,7.269620430773041,0.33300065343097196,0.33481407019894105,42.0837009257709,corrosion,18.694650751622607,19.432818686755603,53.568078149935076
1770,7.8053182561859495,0.4572161106480692,0.4773675137361514,27.573265242155795,corrosion,22.88849789332075,20.56211808305882,56.6810798849023
1771,6.175612362704341,0.4432243250187549,0.6073757190346497,34.3060702885788,corrosion,28.724000249497198,40.7575185005696,112.35127396729935
1772,7.2996981343537275,0.3590671877016086,0.3250866925866038,35.836885160441135,corrosion,7.079686996014968,20.21947873754023,55.7365678461946
1773,6.133605082729468,0.4997230965772295,0.4933873082457222,43.006137589225474,corrosion,8.434950484939067,44.93252041156768,123.85999188529574
1774,3.8192018658351086,0.2719664564125872,0.6907941786367415,42.2749146219968,corrosion,23.30369454607932,137.56571421941166,379.2106049481753
1775,6.049434230049049,0.48647438837322854,0.6655713496121722,48.74114748524764,corrosion,28.684987582340717,50.846062553528704,140.16113135342982
1776,5.069549134005483,0.22449552305100118,0.4250597636825811,35.54526508701193,corrosion,28.040591511710623,43.134442187938994,118.90344922685935
1777,7.212770866628209,0.3714852665399565,0.4553403466945385,44.378463396271755,corrosion,10.92519816375883,29.51937959034879,81.37246883342512
1778,5.518868144389046,0.4755468651246731,0.32986557779205894,31.4008634995871,corrosion,21.5618970491594,29.846934401936934,82.27539917944891
1779,4.0360288157606705,0.4634309974687769,0.5737950187525755,37.25290120794031,corrosion,18.502553605524348,105.030523977519,289.5248191898588
1780,3.2910014072833724,0.3867993218400599,0.5923407453552629,44.39276298712051,corrosion,28.761392516779498,149.20061274225336,411.283108874737
1781,3.061181939082757,0.2882002242685767,0.6662804787209072,48.47950963177951,corrosion,22.219811165122113,216.65944300856216,597.2386282184141
1782,6.823581234956376,0.4727695403648672,0.7902582432859354,39.61945344027397,corrosion,24.66892007793154,47.655091316830045,131.36497062241327
1783,7.961449220742046,0.30515776496313085,0.36511509834377304,42.75269354745113,corrosion,29.48807312760217,15.398746002311974,42.44784261924453
1784,3.4297733843498994,0.3244767268520899,0.3855481039660412,42.357031463585635,corrosion,10.519141449607803,109.68931831127685,302.36714860046277
1785,7.569296634562933,0.46982871192779074,0.537539088602595,29.532542656844402,corrosion,25.733027816130754,24.130518720333438,66.51765415373056
1786,3.8102466739843006,0.34452760276988703,0.664610117568551,33.78530164289725,corrosion,29.455165049974305,115.44045269226066,318.22059842731267
1787,6.803786168557766,0.24073991087734917,0.720073586471099,35.3105441375925,corrosion,27.100340995982787,41.0501477599446,113.1579293133514
1788,6.530001233497158,0.4186421447750684,0.5753652136880396,37.085464385689036,corrosion,29.072264993845067,35.02958519414155,96.56177971176145
1789,5.800240319329943,0.2570045475138616,0.5804678194654231,38.52362116969671,corrosion,18.329300744154274,51.98147510968826,143.29098449333463
1790,4.787356080285975,0.48775507049371136,0.30657154621784677,46.71001631054595,corrosion,9.065466880075826,46.51225661640153,128.2146577664968
1791,3.1517804758665844,0.40185825841748013,0.418880344559076,29.00669334010132,corrosion,23.75890393964401,110.82866000489938,305.5078327212393
1792,5.457442413417742,0.4342978195222219,0.6977493749054778,25.170455529507286,corrosion,6.116816983277663,71.69390079786564,197.62982111041856
1793,5.715440924440369,0.3514350515209793,0.39577360054428234,37.233285575827395,corrosion,21.121082609200407,35.02944513743202,96.56139363501109
1794,6.789807523543962,0.24380269393464826,0.3045129444736141,34.013957556974326,corrosion,20.404234899034027,18.83162692847159,51.91084624559938
1795,5.921235245100127,0.224056358370631,0.41971834332839797,28.580359769394516,corrosion,16.814974074760816,34.04087336545831,93.83631855609809
1796,5.781554510253781,0.4666597204907556,0.4771232351675864,37.73895891657324,corrosion,23.504929357412344,40.19825179095236,110.80961172263368
1797,5.424728404590354,0.46243411599305545,0.41141222817779244,28.76440947402254,corrosion,7.195041265686795,43.81074243147474,120.76772351981037
1798,3.010743562531156,0.22465072921528328,0.7453673375239056,33.33370013108883,corrosion,11.157030183934072,257.6011000143211,710.0974943352958
1799,3.1464488824850356,0.36501160865210924,0.6450492005102859,32.444228720455854,corrosion,15.41622119891146,194.14893541680928,535.1866609189801
1800,3.2443761651714293,0.4891656091804535,0.7296657267525295,45.508481626044684,corrosion,21.688565940130896,209.28546702912286,576.9116891605523
1801,7.403989156946045,0.3577597671376076,0.431409371863018,48.9579956080492,corrosion,29.616710039860287,21.720263014973348,59.87359659005296
1802,5.544710581741181,0.26963766400750366,0.726580956378386,49.5267743764756,corrosion,5.212916526601744,86.34319761530716,238.01174869367446
1803,5.408902095515924,0.3944398564324021,0.6705307890492824,35.04109780745373,corrosion,8.495706510682814,74.56286174620145,205.53833539888916
1804,6.958848522005948,0.3247284409286711,0.55428747274172,40.47336958636261,corrosion,6.258978676068176,39.39514939606069,108.59579743476118
1805,7.66131024587424,0.2634801859136568,0.6595793696348493,26.682203114071953,corrosion,25.932584283234267,28.101340329414988,77.46353316685142
1806,3.7905678568976344,0.4962894921741051,0.35649551839328164,27.905672581312952,corrosion,11.336993553316855,74.21816110457549,204.58814124727027
1807,5.986346900460445,0.31310113379445903,0.6534495006165638,35.55648279928312,corrosion,19.631269012083788,53.04589694268288,146.22514617383646
1808,4.014672050294168,0.20176261470951967,0.763565691850778,27.893483789374613,corrosion,28.9766177531453,114.69893261772263,316.1765405841912
1809,4.312725706253762,0.22313740290199574,0.60791965668362,34.15961253878122,corrosion,9.044914090846838,105.11840815937123,289.76707878355325
1810,7.3307182637047354,0.4077710108328121,0.5325494021238036,30.68483279593314,corrosion,9.347193639134078,30.940291282072874,85.2893225685489
1811,7.087557598905393,0.22000128027611177,0.7866868171868014,39.31502537775279,corrosion,25.334606560058656,43.49919217634765,119.90891097559845
1812,5.12535540687974,0.43043990487556505,0.571244198117032,41.06238384511184,corrosion,10.990699466639146,71.88548552057846,198.15793932268377
1813,5.966910981428696,0.26753891272110963,0.5864103823358244,40.08292616744368,corrosion,6.688973878193897,56.33339249848611,155.28738370061947
1814,7.854252828550402,0.27410919584379545,0.42704804387844253,27.607908716849533,corrosion,29.611288228992166,16.55816881440131,45.6438818980835
1815,7.285193346196415,0.2617173332778623,0.5032422192980717,35.88314662112348,corrosion,12.02531688619871,29.99976475591346,82.69668795146019
1816,7.89739595063661,0.3922945410950074,0.3442799368400604,35.95309241984248,corrosion,19.446558006932904,16.137839996064635,44.48521277271822
1817,7.115145144860196,0.280764220436274,0.770689996036186,25.85068032491333,corrosion,5.960483331181264,46.96450489651236,129.46131537720592
1818,5.4899649268659045,0.23207605721622476,0.5892150229501287,42.83535964130767,corrosion,28.529741506607007,53.039352795696516,146.20710671743822
1819,3.4226793052496385,0.20673432453872273,0.34306464023043964,47.80216854198666,corrosion,18.425026955131898,93.01756819241726,256.4101709908929
1820,4.320468902620425,0.49679141292020096,0.6843069583031767,47.948893940439504,corrosion,7.449501884480254,130.23507911042134,359.00313836911994
1821,7.920112533216929,0.21030864573516472,0.7162004312884005,44.1490273453277,corrosion,22.278019486952097,33.96232382106309,93.61979062303129
1822,4.547376214216801,0.36978127693739105,0.3764386026770735,48.43944090602802,corrosion,14.231529270216507,60.71100827609243,167.35462252138637
1823,5.650285115030854,0.26488555486004806,0.6728923034718983,40.675134211135195,corrosion,19.653810004264585,63.39524762073339,174.753937332917
1824,3.342188242361244,0.2892920766510993,0.7416820250830063,33.31964100268592,corrosion,15.02738240169388,199.99361103878974,551.2979644686352
1825,7.009239481700658,0.43453403075214586,0.7835201592782546,45.73769060643404,corrosion,8.854497725561117,55.272245436974835,152.36224918515921
1826,6.674114464195313,0.40225475526007826,0.7904879014289461,32.193441082275605,corrosion,19.51527108698626,50.42784233428692,139.0082747426613
1827,7.14312264709393,0.2043605429989712,0.43243552952573205,27.689332993399276,corrosion,19.67696758938426,23.148641103383973,63.811032033736105
1828,5.470995821456842,0.30593819908896175,0.32744810211463204,46.64856240051918,corrosion,14.357929618267757,36.0948443716041,99.49824959969605
1829,3.2052177208158215,0.4292029167350143,0.5929235693626873,30.088941502397127,corrosion,21.510682272794458,157.46507001819134,434.0647289709677
1830,7.353254196537036,0.229096314845939,0.6514345196673924,48.95891464984749,corrosion,10.57096008403703,41.78671351397207,115.18833018211691
1831,7.037115485760997,0.35176507305811294,0.640505325595803,28.113093684139535,corrosion,8.568135336274517,39.79667431254602,109.70263213073841
1832,5.051205345426709,0.2702573646755276,0.4299647427955027,25.70928634358166,corrosion,8.775934254769375,50.60730987132504,139.50299099101815
1833,7.989398044482638,0.3571342031035506,0.6006018254668621,30.06748557151697,corrosion,22.757237351687767,25.27407958319992,69.66996873311531
1834,4.542262698747141,0.21645117481097187,0.4044779761718031,33.75915069447623,corrosion,23.69990744797409,53.5584693700138,147.63809198414756
1835,4.810755305219547,0.4906714947027039,0.7428536788513639,38.86621299643838,corrosion,7.624192978870549,108.02487552946127,297.77898244900115
1836,5.94780987180445,0.3879463171598798,0.7672766976106595,27.02102721453851,corrosion,20.387982139360858,58.38884144010721,160.95338878384177
1837,3.434559472912782,0.2609869916909067,0.3453271909768972,38.39868627862573,corrosion,8.230242695791121,97.68103204233238,269.2653723026565
1838,6.946745089143292,0.4800424596866663,0.797918506645787,36.51346396800579,corrosion,17.49088284030579,49.61612386929281,136.7707095762973
1839,6.345485966423361,0.45558587405240936,0.3796206450220579,33.6695341490028,corrosion,15.743768686946684,28.2561239720262,77.89020633183503
1840,5.964201559392358,0.4553229907461041,0.5726838150260072,36.626471895071916,corrosion,24.567196509545635,44.384368190573156,122.34896760218653
1841,5.768026320476232,0.29399085297644734,0.3756384265665758,32.751803910903334,corrosion,5.855872767574548,36.98838004745478,101.96135027929127
1842,7.523476948184179,0.36600745511322963,0.7232836307017716,43.926330488516555,corrosion,20.133607181139357,38.960716661246934,107.3982497608388
1843,4.917439607441629,0.43851772081516516,0.30924193919293663,35.090450889835175,corrosion,14.954105590538855,39.05148743789333,107.64846647561926
1844,7.513201300748212,0.3079042780850791,0.4425956995739281,38.93874566129252,corrosion,29.19492770664748,20.567018271254806,56.69458763429869
1845,4.522739494858719,0.48056210655885245,0.6415091671953509,32.949477461771636,corrosion,22.977279517702048,85.95057421439456,236.92945171232392
1846,7.583134897854363,0.3392210348484518,0.6229084317514433,49.91559552701699,corrosion,19.109269238527602,34.51021831573483,95.13010446757222
1847,5.408275899772036,0.38617757656517204,0.581956531543715,43.033214891420215,corrosion,21.712106419777122,59.217895665295906,163.23874133021275
1848,7.0779731824361045,0.4044261681063047,0.7178574277183938,43.117514701418585,corrosion,28.679299526803888,38.85425769592264,107.1047873365745
1849,6.864350143278927,0.28956805862740964,0.7080000231919654,42.44358882957565,corrosion,23.78322245742214,43.42107345701174,119.6935706455342
1850,4.029104413198487,0.4951745228567311,0.7981131157578525,28.554038630426422,corrosion,19.235334196039865,136.01740352638356,374.94256595272697
1851,3.9424298618003486,0.46839863213557265,0.44534009998578805,29.153536614605404,corrosion,5.675118538372524,91.3207450515964,251.732745859627
1852,4.502351402925985,0.28867885288662465,0.5650391688035331,28.90218946233257,corrosion,29.009364573291517,68.05462922226933,187.59788558748363
1853,5.133174736710991,0.383540500562774,0.6807236343757783,47.768036931878555,corrosion,10.926130963577899,88.74858805308985,244.6423947663019
1854,6.769656514701804,0.2522122365203194,0.5490897531547154,31.68252896983912,corrosion,25.59294428221276,31.42195821457286,86.6170749828333
1855,5.033157297964149,0.4982802195546327,0.4367862082156691,40.520863284962836,corrosion,15.61235316665376,54.20012840701895,149.40687509255838
1856,3.9920854146704254,0.31288132740979807,0.78433455803425,35.72365398390191,corrosion,22.25059891256902,138.89413100832013,382.87248928635404
1857,7.372334370053797,0.2798071059564129,0.7008612487628538,42.802934256652804,corrosion,8.100729532651783,44.263977576089445,122.01710149511008
1858,4.792140845005348,0.31778657943732946,0.5811650561577066,37.304715426796996,corrosion,23.523557857475932,71.0470237709431,195.846654206388
1859,6.5698508017894355,0.4116642247438087,0.6652960428677384,34.02569711064683,corrosion,10.32018362815084,48.92946551144454,134.8778823392354
1860,5.118533240001653,0.4045181057151469,0.7373810092835977,42.79038273392413,corrosion,14.848880963258127,90.41437857158856,249.2342760586951
1861,3.1349193876230013,0.2800346112142145,0.6223929569771375,44.221921464293715,corrosion,27.323436505301036,176.24286152327022,485.82717369206773
1862,5.2708788555559405,0.4490510850611762,0.5689600119778756,39.8057152782341,corrosion,29.54726517159998,53.729311947891716,148.10903285689926
1863,4.817636017408894,0.4109396820970088,0.37600736346566377,33.63717929492068,corrosion,17.582642615765984,47.57774841901131,131.15176890233528
1864,7.090448060150761,0.2846192998897604,0.6724810819797818,47.90289062777038,corrosion,28.5451184075578,37.311075353917374,102.85088502493365
1865,5.865863148799576,0.21284275690577523,0.3719935971773718,41.85078153552877,corrosion,9.767183303375539,36.33302049411183,100.1548006316766
1866,6.291745359750707,0.2921996518076315,0.46629786806799306,48.72349838188576,corrosion,7.384178574815618,42.039488886170766,115.88512517644337
1867,4.1853644924712,0.23884019199408885,0.4464704443894505,34.22655024203901,corrosion,6.276639740191662,84.10829687278084,231.8510707456266
1868,4.24274420854699,0.2521539143123707,0.6014354488991132,38.103988498279655,corrosion,18.87212866462274,99.76620650271911,275.0133180807887
1869,7.755866429218619,0.32427254159973373,0.585262573993751,25.417430523751214,corrosion,17.57352006205608,26.643282680781407,73.44428370436421
1870,4.265828509772534,0.42560836135895774,0.6699083121586971,48.21025985588947,corrosion,15.150221581566193,121.45515136915701,334.8005837607019
1871,5.359510681150567,0.45382095865099553,0.32678927973116917,28.82483708356964,corrosion,27.41640533037098,28.410232750846042,78.31501918521278
1872,7.02306545176137,0.3060978347124968,0.3826754895596848,39.333333524829854,corrosion,25.004435812935927,21.648153770612677,59.67482184154079
1873,4.375396282893968,0.21358918718362485,0.40068350908994455,28.835468531806114,corrosion,24.514632835566147,54.39013206328582,149.9306349703879
1874,3.5794462591409966,0.2792497722088191,0.4847230401097896,27.22479957936939,corrosion,27.797312244065182,92.62926414526119,255.33978063354772
1875,6.502497431813167,0.4537267604566745,0.42646862910468397,43.02130174522101,corrosion,25.734715989502064,28.499029783325994,78.55979512150604
1876,3.7107791164513584,0.34532644346280406,0.7876725910482012,40.6012643704333,corrosion,25.086954030543012,160.70354737980446,442.99184403956514
1877,7.11063080263295,0.43414163593251653,0.3248994688844879,26.7954568446445,corrosion,15.200440963189003,18.29532351611602,50.43248412387696
1878,7.271567728532902,0.20763017036054118,0.47921394386664506,46.02072933031444,corrosion,19.823743561617345,28.05875428758794,77.34614142826176
1879,5.785216020657662,0.26853275631972434,0.4381062225570238,25.89983588038668,corrosion,16.408274733827163,36.47871327407856,100.5564141259614
1880,3.8282347305891706,0.4164648201738358,0.6275896491124668,46.6152760740041,corrosion,16.278245416968684,138.4195545790627,381.5642823963069
1881,3.6330177861559623,0.47027697886412206,0.6368699144434039,36.651905934658735,corrosion,22.884301214377913,135.9680912788907,374.80663289988445
1882,3.4410284350243106,0.3678827635618416,0.6444815152691561,32.77427392239961,corrosion,8.646840005832694,173.89469085263457,479.3542583772102
1883,6.087681201248501,0.2769954457566679,0.7002777274938122,36.89198722297883,corrosion,29.699452245513328,48.5292507271988,133.77465912043579
1884,5.06582082564065,0.36621773553431647,0.4628117890090174,25.197766010146587,corrosion,18.812035966270972,48.59478779372071,133.95531714283527
1885,5.740089089259094,0.4207616448103066,0.5493919323119253,26.641865610173646,corrosion,10.764947653571234,49.57835705349386,136.66660241230392
1886,4.859082020406116,0.4803694654050771,0.5242446752573413,33.65787802333891,corrosion,10.911386482177376,69.89364560783044,192.66727748674512
1887,5.926479383543178,0.4180992828894948,0.40385263165973917,36.9360726630925,corrosion,18.934512539276653,34.04292308532113,93.84196876774884
1888,6.1878361170581115,0.26777788385807927,0.7240528205664738,46.567337232793456,corrosion,6.332961787896419,67.36235643102727,185.68958172199234
1889,4.284501434848247,0.4816678440890613,0.593357626545801,34.25922186820097,corrosion,27.57445253443825,84.09021112150086,231.8012159587898
1890,6.5618099390552835,0.23607068457919933,0.6594799479054005,43.22966668690001,corrosion,11.06721115653938,51.24875552890483,141.27118590356204
1891,3.442840391891431,0.3305116133333188,0.3154938941763661,43.7363843294197,corrosion,21.572720802172324,79.67789469937244,219.63832210336977
1892,5.001823031057087,0.22130233296331941,0.4095583115667837,30.72541730869148,corrosion,27.918496324219124,41.24003247554504,113.68136132120507
1893,6.989873900895625,0.32986407216540037,0.7544985475504455,31.366823468565077,corrosion,17.89233527333977,44.4125407773538,122.42662753402723
1894,3.610162122535389,0.26549719474437516,0.6698303112249233,36.35527525421578,corrosion,6.540577643027485,171.77239491524583,473.50398432537594
1895,6.237902436722015,0.3030153067722757,0.35063991926612137,45.34341125447749,corrosion,17.45805384913812,28.555175722519465,78.71456577585818
1896,7.305742567166682,0.3762622608228595,0.3681423800397111,25.133352572450335,corrosion,18.40368291040899,18.660117134204697,51.43806614384992
1897,4.837303356465131,0.32055606177674323,0.5357714787405745,26.325785598078077,corrosion,5.862044778012685,71.02080254191912,195.7743733562795
1898,7.725298013653015,0.3130188814211632,0.7012306335878395,29.109267028477536,corrosion,11.236050195338514,35.555579444306304,98.01172382740648
1899,6.486167869379797,0.2023296293864837,0.7085992587096014,39.74500000992867,corrosion,18.880878120425383,50.821434979527446,140.09324352852437
1900,5.783336411665646,0.3645015475219325,0.6162478968305888,35.57021780456529,corrosion,25.782980978299058,49.609790344360476,136.75325073092986
1901,7.8718377970514375,0.32630143642874865,0.43620356536622895,38.49945679618368,corrosion,13.514114760880313,22.330558383137564,61.555923300072756
1902,7.511128933776094,0.384610343766008,0.6520386079156916,31.660481391074796,corrosion,23.34344697373924,31.214616038483936,86.04552012373149
1903,3.6938867946158864,0.21015847361503678,0.5049327931132759,28.743258895936744,corrosion,19.604844505660594,102.1099475506014,281.47402280740624
1904,4.561177032847058,0.2297315168127299,0.448378965246096,37.33462870008866,corrosion,9.235840234856667,70.74575511724676,195.0161837066626
1905,4.594466857348822,0.3450258110733162,0.6468155850170703,42.532182818925406,corrosion,22.185532712358924,90.40316277879487,249.20335886287785
1906,6.987637773266378,0.2824944774223645,0.7251753836130891,28.24248420157909,corrosion,6.94542445166726,46.433502140933655,127.99756492345934
1907,6.709918443840791,0.4669161688278108,0.637748520970985,30.66081697593022,corrosion,29.15328894158449,35.02280493734999,96.54308940617759
1908,5.09018844805117,0.23594230255129223,0.6848139454832859,40.29164517824594,corrosion,15.402441663068831,83.1517386710979,229.21424356069795
1909,6.177505130779581,0.23230507678678758,0.7760712296880645,25.4802255071826,corrosion,8.51021545824246,61.08653374140461,168.38978771357682
1910,3.0132817966381986,0.26950850205827215,0.5137788072231904,39.785793521655705,corrosion,14.670034826680658,178.83076852509367,492.960940904466
1911,5.425509604663148,0.4655746116838631,0.5941560370822565,28.09679166351107,corrosion,23.64473365007759,52.70745944779424,145.2922168651283
1912,6.819471448310271,0.4230299743601128,0.37019670291739004,43.298146288188406,corrosion,11.885104038132638,26.43328449025557,72.86540733562852
1913,7.010786281550372,0.4818959391652612,0.4677976240295111,40.06031865328898,corrosion,25.166337009990198,26.620546742494444,73.38161032333893
1914,5.808677669465851,0.29762235955365485,0.47180960201250194,31.045408043937762,corrosion,20.97025608463865,38.70389777445306,106.6903084962521
1915,5.979295485975928,0.4740008513703205,0.600890988355157,38.983873315905036,corrosion,11.49011601527762,54.57673965588034,150.44503333101633
1916,6.534757749491653,0.45715491267269,0.729204732066649,39.38860118559975,corrosion,20.35467733937904,50.532564473912565,139.29694947754237
1917,4.695612485839744,0.23114882978276263,0.39866801176513034,45.59021772883278,corrosion,16.66874905909239,57.8747568308926,159.53627452876685
1918,3.5401077521744497,0.24185984290461968,0.7157553345056038,44.63726165096925,corrosion,8.911930178771586,196.63172491523798,542.0306635489604
1919,3.552891055750944,0.4751036342557389,0.3708480854657942,44.28355912416491,corrosion,20.91663240156746,88.92343540694807,245.1243751117835
1920,6.511671800712984,0.2304330199904819,0.6460913857506991,40.6262438841542,corrosion,7.661204908833392,51.83440030521809,142.88556133581002
1921,5.954960325203606,0.23461655959552866,0.6815837856626314,47.1860564997743,corrosion,10.351849726523117,66.19084037646509,182.4602064828344
1922,4.769376589897762,0.3199631376846133,0.5926613804745315,49.59646842141309,corrosion,27.559675226926775,74.36576815436237,204.99503157145344
1923,7.884319409674301,0.2476775208898132,0.41629211278774336,28.411798836829647,corrosion,12.734014862893297,19.84605827934375,54.70720526980606
1924,3.652803714262434,0.24811697480909828,0.5341481024821905,46.23685295877854,corrosion,15.500862700390043,130.2160576111143,358.95070412419204
1925,5.291399925454768,0.2838471759373079,0.38374124235217494,49.88631418594562,corrosion,5.229473061349869,50.15586927365007,138.25855982587566
1926,3.4142876250878786,0.24444905253148708,0.39563650789731974,47.862808205418865,corrosion,17.583488250968635,108.85846870702265,300.0768469642443
1927,4.13104494935151,0.4627333868895345,0.4872608630460839,35.601838819575164,corrosion,13.126538287741509,89.17027373519025,245.80480417986334
1928,6.56095667983571,0.3490764228827026,0.3067877185468402,32.00795595645757,corrosion,26.786939664507564,18.432963477206975,50.811899396233336
1929,6.1724334686489986,0.21541691191160997,0.6082051480488637,33.86301842111385,corrosion,26.024742635238635,42.31860766383457,116.65453783088503
1930,7.301339799408092,0.36541365155567024,0.7243238698276592,32.83833981062331,corrosion,12.393909187875137,41.892063117086344,115.47873456271839
1931,4.883572308096026,0.3095606823312596,0.7594803540882071,25.514450420830453,corrosion,11.819403080104117,92.70907093610164,255.55977427606604
1932,4.2773332842637615,0.4124847964092306,0.6343908441121929,36.888015317240004,corrosion,23.11519524141234,97.57979673061327,268.9863092611606
1933,3.629442684165299,0.3664759074519477,0.5806961116690239,34.47169438377114,corrosion,28.21760620354258,113.79777606865845,313.6924323795255
1934,7.732102534557323,0.21425596448073628,0.36581802213551884,48.46299578354028,corrosion,28.760070525054207,17.06310456038807,47.03577660718442
1935,4.3024871870337735,0.27595421578065066,0.3890306263813753,37.60074290542464,corrosion,17.602162795202144,63.44829445348094,174.9001650536153
1936,3.9836887022079814,0.4132417218097789,0.6435764250065742,41.13629486641564,corrosion,14.40944226361424,129.59225693621755,357.2311489661219
1937,5.752853616172601,0.24221881531538514,0.340523858637066,45.597773190306825,corrosion,29.9250287891325,27.76657688181102,76.54073165421904
1938,5.838495302986432,0.2896151267276008,0.5339292522054195,44.292424998315894,corrosion,15.639193365381011,50.33065748079195,138.74037712889523
1939,6.034799268343647,0.4649972013440791,0.32910868886240097,49.52028803584311,corrosion,19.70350934874748,28.534947257788495,78.65880443764348
1940,6.857747595642445,0.23900579322663287,0.7211242149618242,45.205989888386725,corrosion,20.21538251235034,47.043627172188906,129.6794220855773
1941,6.2506086206457585,0.30019961361176584,0.7952120738246076,31.471854420974225,corrosion,13.656064346418063,61.303853576899506,168.98884676348263
1942,4.045037086887261,0.23063085824069704,0.45499129750748624,30.58256143492715,corrosion,16.476895433886394,80.71941556290223,222.5093554743162
1943,4.19818638648846,0.3227047377740108,0.34288599140979703,48.713103283272595,corrosion,17.17911207077946,62.95793560746308,173.5484527136828
1944,4.057999195516866,0.3164126360253564,0.3749664073453881,30.5274443398627,corrosion,22.832491015675096,61.33693058524301,169.08002611450252
1945,7.985394459397424,0.21467053439111447,0.5882491808771382,37.506475089314016,corrosion,24.46791688338543,25.617321372900797,70.61614145960527
1946,4.127701783904241,0.416903486560172,0.7913844769942242,39.90127821494841,corrosion,29.13250909620305,122.69952825258189,338.23080556175734
1947,6.6357656673808885,0.41037609602578484,0.32554785335722214,41.03749526699342,corrosion,11.172091970385644,24.393171070688158,67.24167581351078
1948,4.133038585219822,0.3847587570110382,0.3058941932968306,36.23553890119432,corrosion,29.282874541889758,46.074489533786405,127.00791871067825
1949,6.526261298673516,0.4335124002660651,0.4674367414821542,42.33107386068423,corrosion,7.787355058113816,37.6761155794686,103.85714683721369
1950,5.146341466574244,0.3215195828665597,0.5746076392375057,42.504305008100935,corrosion,29.316822906577627,58.06372907285474,160.05719123004042
1951,3.8596286336273935,0.35323139089288313,0.48936982776540794,35.07217145625872,corrosion,10.874482906507078,104.51594112293147,288.10633147917156
1952,5.510091534357715,0.42249693893904394,0.47881117614945434,44.88676010807033,corrosion,9.529616294608193,54.05754153112526,149.0138232691445
1953,7.658830988563253,0.3287749317010491,0.5820743214838514,38.23068011460798,corrosion,13.12093560460315,31.549422768986666,86.9684409539988
1954,7.525743184590631,0.28663406723222357,0.5976711986577385,37.67953585949982,corrosion,16.571293164806995,32.24003832256178,88.87217650869795
1955,7.237252973266214,0.480742196075208,0.6497804075176854,46.364557798902524,corrosion,23.054327075103036,36.99379068624509,101.97626513025817
1956,7.698353548797092,0.34167931476382984,0.37203495412215426,31.72377843840816,corrosion,24.019838891111984,16.81574926427943,46.35392246771999
1957,3.3603260812177314,0.4065814271557011,0.5783388072259973,48.627616769528544,corrosion,17.290929070437684,165.4689615015461,456.1280792184166
1958,3.574849802927207,0.3806306822880541,0.43656606320620306,37.41385378127755,corrosion,25.581474242753806,93.4067311457898,257.4829289807232
1959,7.859565440003738,0.33372812392182516,0.6635431064378416,34.505606617925395,corrosion,22.71620675229353,29.87865878805967,82.36284992181936
1960,4.731872954815268,0.39267311727811116,0.32715502259567086,36.58666776795977,corrosion,17.31845538571816,43.950336649670824,121.15252585554211
1961,7.181488215711947,0.33707233359357336,0.7224154689344919,45.40594700314702,corrosion,7.971442780295186,48.85531690681241,134.6734859403414
1962,3.0029750060959666,0.3099296814585094,0.7175755001097663,33.79300198959791,corrosion,19.337517942659055,229.34410439542634,632.2048852217864
1963,6.229031267342242,0.24545165527882262,0.6282897906080649,37.80173278437424,corrosion,16.9951402710412,49.282112099891776,135.8499801266563
1964,3.8896718816523927,0.4859757771589027,0.3601930685672078,46.44382339561892,corrosion,15.68562069529905,77.37391227918829,213.2872151257979
1965,6.9406452108517005,0.46399610794692137,0.5048121237302858,42.77083368783177,corrosion,6.111927082985711,36.616274597931344,100.9356126285649
1966,4.128756101794195,0.4487535899135808,0.6998304511625975,35.615131083344444,corrosion,8.563916473581816,134.0189569713727,369.43369235390423
1967,3.6206853888339663,0.3044305782940312,0.5911610952812146,35.30797223538783,corrosion,12.28541644568669,141.7329763716423,390.69798763660015
1968,6.299564483140906,0.28139164983046133,0.7832430089613012,25.59896915015036,corrosion,18.405987311301313,53.63946290114946,147.86135696675737
1969,3.2972529677751643,0.3818222774680693,0.6453382472227079,25.30042994198635,corrosion,7.9007776803207905,178.98704071078456,493.39171735613405
1970,6.212877724749608,0.4145970590397377,0.44694509796398135,46.71909599901073,corrosion,21.903485711214092,35.09538899470726,96.74317301563296
1971,6.0265669979845455,0.32396402873423286,0.6099503275754088,44.989838786368175,corrosion,12.302090440903154,56.07114572587004,154.56448005234984
1972,6.18548978207545,0.4708340902994976,0.6434107509843277,39.28407687800265,corrosion,21.95437375329725,48.778650896220725,134.46215010285192
1973,6.5248281019121155,0.44608503107755215,0.3269360917201301,30.019534316234477,corrosion,6.860206428522967,24.396749928479448,67.25154121187778
1974,3.5023598678462577,0.41899259573125314,0.3400069291993756,30.56412445986282,corrosion,20.058274095450898,77.25547276729654,212.96072739745412
1975,6.011068378977028,0.45583763702009567,0.46717580574709006,46.4278109313408,corrosion,18.695566957552234,40.64378119244398,112.03774822105808
1976,7.601742044450754,0.41538124088811795,0.5758968650118379,47.726426009234366,corrosion,8.12914666113689,35.144290097907096,96.87797271734036
1977,3.0158182925529085,0.40016378263241703,0.794335873578328,34.85715843883003,corrosion,10.55604619313523,278.29015685184174,767.1284907603948
1978,5.3326484507874525,0.30081266262474393,0.7336832532089157,33.525163482487,corrosion,13.604251247360367,78.98861312724193,217.73826377982328
1979,7.195191920679559,0.29999490429746123,0.6998450389167288,38.546431940071614,corrosion,19.059335383821516,40.39474900865261,111.35127160994561
1980,3.807247301354239,0.3053605724130833,0.602197721987231,26.32020067269731,corrosion,11.436319589477607,122.351360624223,337.2710543738776
1981,6.333590758929077,0.2850806228528479,0.48196916948420754,43.8129968599868,corrosion,11.531099905588016,40.154677939505895,110.68949701407249
1982,3.049992080758396,0.32283071470451036,0.3922839910453653,26.47868917211488,corrosion,21.657132720635364,111.23690787291218,306.633199759498
1983,7.443216660732565,0.3265829355640617,0.42606285680499634,48.680786144774075,corrosion,6.293501531422739,27.710765859315952,76.38688422354794
1984,6.841308796762357,0.3193771153499192,0.6437975301058791,46.286476242088085,corrosion,10.380533344847423,47.13005478131048,129.91766652560287
1985,3.813053847975884,0.304863729364082,0.6703853521890677,28.370719407855436,corrosion,29.30711850871617,111.5532477427147,307.50521524412915
1986,3.699004531882041,0.25397490930205363,0.6588445475211391,40.00488433959736,corrosion,8.538256882580948,161.8631483853822,446.1883745489313
1987,3.4078550601056463,0.24250956738159418,0.3828907850641226,25.50321711780718,corrosion,13.752613273236797,94.12405074798629,259.4602763256806
1988,7.328522108913057,0.2690941459713729,0.7598603867479987,30.544351130297457,corrosion,17.87098131905269,40.430201757950655,111.44899987869097
1989,5.086066678675366,0.4064743648657476,0.4776491990166864,47.65882438191461,corrosion,10.238886245106922,63.81659539103184,175.91541527117974
1990,5.306430146494451,0.33407405614642693,0.4172181488034051,44.685748729684285,corrosion,24.698764917119334,42.85653527267674,118.13737717124557
1991,3.0247320521589955,0.35831858688392343,0.41074828545513725,44.99292952768237,corrosion,18.560553387149877,140.24223233378393,386.58863557589973
1992,5.161521191016921,0.41379571700009066,0.7863938349364177,40.023749801690755,corrosion,15.290895084462129,92.81977513056628,255.86493901543662
1993,3.359125084923778,0.2991985891240716,0.4185366784565753,33.07583724858185,corrosion,19.045894122897348,106.69346170053261,294.10883653815006
1994,4.846935195396727,0.378404164718685,0.5223494840408902,32.662966516514246,corrosion,29.534756116910295,55.53059298195137,153.07440431008564
1995,7.201002752985927,0.3292103816332028,0.3943455102007738,40.158559700430686,corrosion,11.973937066714456,24.76034675334919,68.25382417828446
1996,5.070386137941929,0.41087980111700584,0.3251758409773149,29.283773821109865,corrosion,15.471660863216158,36.71438849072768,101.20607121669664
1997,3.9605564477268116,0.4485142719733651,0.7789064705964727,34.75879894212157,corrosion,25.799138320511098,132.90482010624171,366.3624873497246
1998,4.586510106005679,0.4503136036303515,0.7213240827284938,43.922174107898186,corrosion,21.361434833418606,103.02076354864082,283.9847580498111
1999,6.564774457262308,0.4322520864907537,0.5841279589736679,47.708732730172215,corrosion,17.237494896107417,43.60644197242825,120.2045533976146
2000,6.694067797777245,0.45311022692636965,0.7151203235884914,41.866450187000446,crack,64.79346067173746,56.8614415753496,160.6204063701591
2001,6.83204057499386,0.37202976223400286,0.7687424180590543,36.60153881058559,crack,17.089146351382045,58.12814380985864,159.2614822689019
2002,7.16359985937892,0.4325412096691982,0.7305056787013576,45.99400240043653,crack,13.537177228446842,53.323388866094845,146.42485207780328
2003,3.548871874373062,0.21486385782074416,0.6796662902369,30.406325477717548,crack,64.28910934924977,178.76038069500484,472.0522018957055
2004,3.7970601324886424,0.2330290128745563,0.4807781629758616,26.38645347521218,crack,45.325772044733604,107.41849809051924,282.9776566990646
2005,6.246341187534211,0.2212736372280731,0.40900876531768293,47.8548901618922,crack,17.093619789189415,39.630750842992484,108.4476083637978
2006,3.8445916873428354,0.2957512891753161,0.3481021640200354,30.43558725802209,crack,19.025455668764614,79.57107446548324,219.34386380976568
2007,7.540063139822515,0.37364082625755424,0.5184014754688439,38.70529305117731,crack,52.63957007257025,31.094649919115586,86.57122126506
2008,4.342392281780041,0.3000680671133613,0.4599998179876146,35.45944919855934,crack,10.937891182049707,85.59256926139076,234.90573673673592
2009,3.7309509265241303,0.37075079115149456,0.495652749847429,28.22635741238829,crack,42.58982137169441,118.06078825959246,325.44375748324484
2010,3.4663827715493705,0.27365893788412154,0.7740266224088226,32.30451847549822,crack,41.388261073791504,216.06668673693065,582.4955575995782
2011,3.0934480794408894,0.33187906856965793,0.43604746119500754,43.10851667897032,crack,46.8216166092518,167.9068697506089,453.49634023277576
2012,5.512417310604633,0.38453078161013554,0.7892677955567331,30.077072188835622,crack,48.471949808221225,84.78587253108286,240.69833611677552
2013,4.6734852099057935,0.37162969444329497,0.7546773452147698,29.470094561233395,crack,10.71390816440384,115.5544619254105,319.17863602702994
2014,5.660704770932582,0.36016953726118905,0.7475483954181394,31.075983728985364,crack,31.83222971598812,78.79881268371386,214.34616992775776
2015,7.325589472956452,0.33007669607794016,0.543075981814213,36.243700521525405,crack,37.16515615480364,34.44646721810954,97.55849921579104
2016,3.0534343944752123,0.30558434039504795,0.5453120838181722,43.99655880391472,crack,39.866665591383175,212.48741771102843,591.903943667511
2017,6.428123981384229,0.47770195710874946,0.5950959492721195,27.512219912341102,crack,52.268630695722194,45.984014642090344,128.92449320765783
2018,7.202954853697845,0.4075550873876463,0.5205025510108564,45.35426094040528,crack,34.18600452244098,37.45066411850432,103.23567232254385
2019,4.363318626790326,0.24037574724697494,0.5773369241949202,42.291757770721574,crack,50.92677793341183,110.7930805688288,289.7812501214136
2020,4.782982511517047,0.23253847359121563,0.7819871819449158,25.253521319646296,crack,48.35252716368136,108.75725367998258,285.1715646659353
2021,5.95979013216419,0.41991813384763577,0.49584340416873296,36.07355844326625,crack,46.51135959160293,46.756251683005914,133.9099960796935
2022,6.269228813052342,0.28848979570015254,0.7842768099988211,29.97445751871033,crack,52.006442203160475,65.67694985977754,179.63532397356104
2023,6.281225755786638,0.40070097763329104,0.6008258994554464,47.28450859725318,crack,20.825557226770965,57.11496474956518,157.0753672291276
2024,7.798204245703743,0.3304471003068883,0.7090913133679287,36.092237044499825,crack,36.486940512947754,41.11212516554647,113.3287748583354
2025,5.361334916896191,0.354882031798462,0.6385418809852387,35.668952337724164,crack,41.03196280511791,78.09435146941973,215.27316186111253
2026,5.522168030382512,0.47939738728838277,0.7711233400522125,25.726334206851213,crack,50.744131493239806,79.5338151559017,222.7748183064032
2027,5.320665236464238,0.4930397805079268,0.7686173472324325,37.531165224262026,crack,46.46768896223076,96.29024215116785,259.83209283405773
2028,7.536755741853303,0.34782722447211467,0.7413121889803663,46.183852442148805,crack,19.37443947827057,48.52526475422564,134.830253799301
2029,3.1223627164136367,0.4281666637633043,0.5942671434256,47.66895496241372,crack,56.40946983958182,217.95938438697328,622.9921776106654
2030,5.944372878913857,0.23314212552008814,0.42854825008389197,48.19003854168912,crack,62.662528473537435,45.94034833844358,122.09754065856058
2031,5.373426264189596,0.42806438272285646,0.7504301042071537,29.302512380267768,crack,36.181811316957514,86.40838504604496,234.4303106850337
2032,4.378985358184353,0.2613559880163061,0.7243917096599499,38.82580976410357,crack,57.293707414684036,133.16773951334017,343.71908943170325
2033,3.655332860638924,0.46791757409900453,0.4656235985985721,48.27150497208919,crack,16.8289975000599,131.81196751352925,361.18203785894843
2034,4.519076968097243,0.48479558091808383,0.7712050346366037,36.27230447146321,crack,56.36090721959566,132.62542258323995,364.23201537010567
2035,5.946195673203265,0.2377740707990644,0.40945277012243,34.10551654306535,crack,18.918682283369797,40.051514975169376,110.17538065270078
2036,3.1423252924032066,0.22704164346781,0.311290714707733,32.06494646436189,crack,64.25404633369648,100.70507684652678,290.16977249316693
2037,7.876956069683215,0.42389072766623237,0.6584145295264665,41.14566199271509,crack,33.23490071992356,38.2493428673195,105.00016938178774
2038,5.950709771988647,0.45271143498840927,0.5167293476766508,30.9752197186146,crack,15.32127175101918,49.52023662704756,136.506388927631
2039,5.525214411527752,0.47017852597405124,0.3729598027816291,39.86379354886738,crack,26.06586632637991,43.97396226203244,119.98714800524678
2040,7.359347475974866,0.28704470048796926,0.4407945812278506,46.281480456824056,crack,15.15553432764499,30.536057375300036,84.17502032516524
2041,3.0226976834043864,0.27123279768867875,0.541051979064484,49.133532360499665,crack,53.5639642620467,217.11510766895253,620.1258138409983
2042,3.61632930761013,0.3354607140848143,0.42767255375034346,31.594249927144453,crack,39.587841511838995,106.86868720352886,306.48719995862206
2043,6.34234620245863,0.4171460353948599,0.6289874149366439,41.46755521825987,crack,22.775382226751596,56.226081204862396,155.34001726122818
2044,6.822290824640975,0.21184283325920722,0.49707674994277967,25.605067381605657,crack,39.80949187754765,34.55795193418803,95.2616859011198
2045,4.911242225514398,0.22602446780146657,0.4112484054137064,49.88305050389759,crack,66.18537234856235,63.82179983017582,168.05436278214742
2046,4.386001509167047,0.3814071396361778,0.6336043509064098,48.92155639160062,crack,56.248993376062316,124.68536700675416,322.9169593225293
2047,3.4989600647949084,0.2594198325196184,0.7933885898137158,49.05958287724064,crack,62.91302768741809,235.25896510514627,622.936184679965
2048,6.803143382354932,0.38090754074466815,0.5938493463445982,28.329007095111788,crack,67.48783953398964,41.35575997727204,117.0945934372406
2049,5.593958762937021,0.4260787186949799,0.7964253420936698,31.44831080532567,crack,66.90585984629651,83.99529995900863,234.95900543842947
2050,4.791630038868432,0.2078019096931873,0.5787901422473816,33.73672409742585,crack,26.705154423107867,86.43940273310338,239.67199548707603
2051,5.399499582694103,0.322262937837979,0.4857670397402363,36.172207943905626,crack,35.39809547399375,57.67741628508202,161.8267408684313
2052,5.7572710004011,0.4995039063729511,0.45859522755833226,28.37522227729955,crack,37.04547114550459,45.139299524212475,125.59606551643606
2053,3.822220337937759,0.33113928638049794,0.5077938160247002,27.37447566078417,crack,37.01195330828416,111.12015514570663,307.7935213001175
2054,5.733580108716181,0.4993426018936056,0.48426426435626246,43.076566938982594,crack,56.84069440771443,52.8518303127808,144.39062418339205
2055,7.991149032695704,0.41062163827440357,0.41744533936076567,41.9173259901133,crack,38.94870760940011,23.604163852823113,64.7331932696463
2056,5.599553388542573,0.23448624458824255,0.5413836505486085,41.78197627289113,crack,13.162037516658431,62.85383484064947,173.6870725035899
2057,7.795084394916185,0.45243444448876113,0.6989615232231192,25.40659317554762,crack,22.689388031562096,37.14939603540297,102.40520338997564
2058,6.5201268749348,0.207339214208715,0.7868510439988878,26.26574812329295,crack,26.793528956985863,60.17797810475856,165.70123500216906
2059,7.763457679674035,0.2088479950688006,0.7072219296806115,32.56355937107049,crack,28.996315732931933,40.26044523700218,109.41548291661347
2060,5.406568099463324,0.3251042027558658,0.7038342336118153,47.93862877626033,crack,18.013850335957404,90.70121870404206,249.53331214483285
2061,7.420093553450414,0.30568322737090386,0.7208075525917236,34.53272406799992,crack,62.723730513852125,45.6522092530983,125.84387023188734
2062,7.31601455098736,0.36739476977498187,0.44810089046839785,30.757180079761252,crack,17.329596389450412,28.25484461532035,78.1581212386921
2063,7.678782453674045,0.3474166637350664,0.46105203076203394,26.889995882063033,crack,63.15371905041525,24.97747643811295,70.46273738357316
2064,6.91705525301182,0.4085750499802967,0.7778734185671718,33.82027168687586,crack,14.937562174284121,56.279369229149715,154.33168899433912
2065,4.752722145806182,0.3539916507621984,0.5716954150816989,27.008836225660016,crack,40.426188597636376,81.09461834220548,228.4385853991792
2066,7.995556803699999,0.24570354584333068,0.5443443147634929,42.82337826332663,crack,57.23671471798875,31.33285866145274,86.371465124647
2067,6.272114646085669,0.3849650695180562,0.42808541377323905,34.2403586214071,crack,61.37427796451006,36.19695897996124,95.98464068189638
2068,4.5883753676199035,0.4913273862616923,0.6296221819483948,25.946904402581932,crack,69.28182121219413,85.01728879915771,249.61320046191616
2069,5.9926291951219515,0.3202252466275856,0.7040123837888718,44.055654665558464,crack,18.97253813860153,72.44925862350419,198.3401215001015
2070,5.199212499852866,0.30244067924271656,0.5919344426679333,38.14579848897195,crack,22.39230499626505,78.18301632851214,215.32825775062116
2071,4.286490487284967,0.468183232561228,0.40409981645712995,44.850708841568576,crack,40.52283474140625,80.13216722145616,216.161577605706
2072,4.504417736590425,0.3851750207191395,0.6932095229631917,25.700423915282695,crack,63.72503004202659,109.9135152262198,301.48974337979604
2073,6.262568127304894,0.47169913950444325,0.4437186417780874,46.95487449331986,crack,47.57048293121831,41.43274037400977,111.1833931725012
2074,4.423877257438972,0.3891722283484171,0.35666626530936385,26.355462531510454,crack,56.06604613804106,58.35881120632779,150.98568077874972
2075,4.3371586794289785,0.21456068867169908,0.5794634709767245,40.40446660946555,crack,26.915267715190268,110.48524721271977,306.3632294859474
2076,5.940412752461169,0.33838805669132077,0.7525513746610589,36.91943879980163,crack,64.01335989033835,72.03782458771148,203.93946159754424
2077,5.991048770200525,0.4231029663808621,0.5478508824500866,45.96403198765998,crack,27.079707236053412,57.09121637777575,155.3484241207673
2078,5.744948181511011,0.4429691695193255,0.7612992130095764,39.96210623404961,crack,18.856119066670846,83.4192064110609,228.6486021753687
2079,7.6301354259646965,0.27341296624899625,0.5061156951407225,41.913095020553705,crack,24.19635931499583,31.512395063570057,87.31272613840221
2080,7.861605763001534,0.3068455836492351,0.3993227720033249,36.81717828194809,crack,19.86522797551681,22.793331882041404,63.08913254491958
2081,5.443555110275247,0.32977858123735626,0.6552167718866897,35.420266496813056,crack,63.19965538161008,77.5954465506318,213.89789159535383
2082,3.0419977371458065,0.43945243478932483,0.4291347046715557,41.794667971665646,crack,60.24237964298471,164.52948663294583,449.1062862521703
2083,6.884866199455007,0.4824415412008832,0.4052978825324226,25.069292196357303,crack,65.71715880439807,26.95849646544275,71.03789847270157
2084,5.095286594730453,0.45478904752707183,0.38926662190797523,36.2522206534352,crack,48.65623696860534,52.12075238275455,145.72048226661056
2085,6.0830604948974685,0.31884334763299643,0.7850546935030207,41.72204338660634,crack,30.77070135257811,77.41312259079686,213.1090243841475
2086,7.470280029542995,0.4034489341814953,0.5728955008600098,43.44049272669413,crack,12.5733662982353,37.89177525139465,103.91552216092194
2087,4.358294733042445,0.3964949251429175,0.4746826799753003,48.984311313464595,crack,14.884778881165692,94.24239925328601,260.1191565094198
2088,7.936987347601397,0.3145800387908765,0.4184124235580084,40.59336569082876,crack,48.03195781941758,23.758453326482503,66.40424583428141
2089,6.91054221803124,0.34688844788063244,0.4988507431333646,41.00699431339352,crack,52.62221438873909,37.36349212217495,104.67804180551413
2090,5.4297136738443115,0.22200989913708294,0.7669192305101509,45.17189256811703,crack,24.126842831007128,96.89577115657006,264.13418299873695
2091,6.777410572096169,0.3022018602667168,0.7346467282574598,35.16869209292673,crack,55.32553024518032,55.78397186753387,147.80588339104824
2092,7.954442790229593,0.4517882950729153,0.5639296777741079,42.94542705935229,crack,59.23564852024972,32.81997000989569,90.47080336928929
2093,6.934656730603786,0.47945947305409037,0.7600607206624213,26.04519626650233,crack,26.303976746786073,50.81084228060848,140.8676049422205
2094,5.502128065676575,0.2503163595467063,0.7439318099447051,46.77147527270448,crack,53.21811065412373,90.30317104651749,246.92218033920028
2095,6.792505513109241,0.46294336466216185,0.46248194622096034,39.897394705381714,crack,20.922229641139626,36.20323627447742,98.86873092512114
2096,7.139713513674371,0.36206141472376563,0.7455044409879044,44.495143908694324,crack,34.35756623361288,54.333832600441916,149.77544112023983
2097,3.249284364133466,0.39194340631047764,0.6722218205740955,39.221375387805914,crack,64.4696141765737,227.79859975699623,594.4413466792117
2098,4.462587150326245,0.33552985988706185,0.7248231895694657,49.395499328597595,crack,18.699078004994785,136.99176017508395,380.9815045680745
2099,7.020754453646304,0.21312432477388718,0.3961695592079439,39.08503537677678,crack,36.44225055266727,28.83732366320713,79.35573935622239
2100,3.2824936856455826,0.3759830546820393,0.4220686231713945,46.97638084261073,crack,49.66824465446077,146.95361648993006,385.18163417975336
2101,4.113445976560591,0.2104174689620506,0.7714685052322728,31.97739520113042,crack,43.10050812839321,152.0025052330282,429.19796054816635
2102,4.396866408420857,0.20933189830333732,0.43905237465984526,43.037498647614576,crack,45.903403166145495,83.37978377143057,229.26720910879158
2103,3.1772717062964575,0.4450705619280777,0.42698519831886905,47.43476904246046,crack,49.112141546333255,157.4236141644838,406.54906258259507
2104,3.7917614261543475,0.29781431776646233,0.7404443477410365,29.2158872487391,crack,12.3632509941722,171.85403440091315,469.44231603677434
2105,4.979533102687281,0.339315716462419,0.5363906975820611,37.16694421463248,crack,65.63168062862538,72.9688432016879,206.9438768838091
2106,6.124428864969271,0.43714485278797083,0.3128683269630603,46.423050067143905,crack,34.447947965373196,30.516904977958248,84.4810969840087
2107,4.260059850042234,0.42444076023275085,0.67633201707278,44.24145705603644,crack,20.23638099597374,136.28857981230394,379.34221164833485
2108,3.825196306639331,0.4009354718472239,0.33903948791348937,28.67679986665869,crack,46.3652792860955,76.36884936191913,205.6701759699448
2109,5.105965900372915,0.22272013887538578,0.4353437445925312,42.34023190743525,crack,19.231929335088495,61.208403668127275,168.60307545561196
2110,6.2937264393340975,0.32796922079923846,0.35911308449949103,26.129893709574695,crack,14.63657225051048,29.48351800366858,80.93184563705464
2111,6.88856046746682,0.316697794393269,0.7010943456321983,48.002666269586925,crack,34.95218923865438,55.832448602738516,151.09411811990483
2112,7.5448159742361955,0.28272077464029827,0.42100968290035046,40.640908876491025,crack,20.94414896436751,26.736406050321264,74.0230448154217
2113,6.336411753103615,0.4865025902775054,0.7876336907265358,36.32434216936914,crack,62.50345214206631,69.27722219523514,190.96805833597594
2114,4.815079679106007,0.3758107377290191,0.6840573790878778,31.21207140893927,crack,30.92741294339015,99.54423987205764,276.3764050319051
2115,5.366801278839495,0.30453444799248885,0.5735569338901141,26.076302620298318,crack,23.532690352709178,64.7307339674977,178.4353094489223
2116,5.857244590537846,0.28884963231129623,0.702935046417017,27.295807217560075,crack,14.657039174424566,67.11404793346613,185.4249285871873
2117,3.702462535584855,0.2107639168118882,0.42025864693183657,27.193317733892805,crack,11.165947430411636,100.23466169392104,273.81292609492783
2118,4.8226391443855405,0.3077974440233365,0.48178616344637104,28.389735484465902,crack,25.940738033791533,68.66945989507235,187.5418822034052
2119,7.5053440299802805,0.3839550706941528,0.49911994824282746,29.101577459301318,crack,43.02958292589516,29.603725926670766,81.60497607494196
2120,5.629967971992405,0.2368825749157269,0.42236217419676736,35.537077902269495,crack,37.581240993361774,46.326812334358245,128.91333135088303
2121,5.542043917042367,0.2294161823985238,0.6670096727519019,29.366138128339138,crack,12.761871685631073,72.4869142156457,199.54915115117706
2122,4.587001275427836,0.20182912338517803,0.3557988290665539,42.2005691477805,crack,62.98766671422986,60.85679715635787,161.001506930587
2123,6.644326330199489,0.3776112389472545,0.5095658143825559,42.112277100445496,crack,63.22484359737117,42.272907814191576,112.26376714907865
2124,3.22473412677684,0.33280856723757124,0.4874072230154396,42.18328256328752,crack,19.482990147246916,170.31389553373867,461.7647831059168
2125,3.1166361924315495,0.4076222367394982,0.7053063439411036,41.87001051303643,crack,27.450878469148293,263.9509459120367,732.069923905886
2126,7.313864863396776,0.3002720634407052,0.30890511436526474,40.222997843783425,crack,39.404859525563566,20.919599568350787,57.66650544267623
2127,7.52008947428772,0.45761398298436506,0.6611186595347505,35.32892654590875,crack,60.5893802681348,40.72893166184889,108.47295240589308
2128,5.779165611904744,0.384003997674205,0.744934328536636,45.695314770378154,crack,22.99079532727927,83.41788017803631,229.94788335184646
2129,4.818452155675187,0.34188371889488234,0.33974158573278695,44.79911939233031,crack,51.64910148974145,54.19968283033302,145.64368168109914
2130,6.627304168446969,0.4453634316796613,0.7808387273211368,49.379871590157094,crack,48.085787329915114,66.78422752723006,186.66500307398366
2131,4.991439687270764,0.48301660000390717,0.7555298555514295,34.48587616983714,crack,20.987912276618264,105.60515010183487,288.3905279109317
2132,4.198751980330193,0.39577352847823105,0.6755596577499295,45.824683167739956,crack,30.20529477574383,140.13009607428205,392.3394053276174
2133,6.41133851642685,0.2110067720552447,0.7318767941171529,30.306411062158425,crack,58.37319585177776,60.06622635233652,160.4944311851329
2134,7.119814361517468,0.3760051080555131,0.6441479687223233,29.08119108293294,crack,15.650350565034627,42.410209305081004,116.31820483807411
2135,7.924695610011668,0.3519992536179588,0.6317809775376504,43.366881842736674,crack,54.51489942254623,36.979986125707036,98.09268263630209
2136,6.8494301611569846,0.21914956951205322,0.7645423440360131,38.65374099914934,crack,16.44330698473343,58.19962954324643,160.14755478273514
2137,7.368760680820979,0.25563383641318094,0.3123985728295002,39.18625292577323,crack,40.68330824653689,20.292503447632445,56.546476488751956
2138,6.35700139272987,0.2589289808605199,0.7787013708465491,25.007120019680972,crack,67.09736589925116,61.56335647835929,159.7687457889651
2139,6.197203877112149,0.22572629780876746,0.3359500055945839,38.609378522267974,crack,28.65202684297582,31.148171077774304,86.42020431389416
2140,5.257825480661163,0.41007561678806237,0.5283554838640866,45.83127483468236,crack,69.77822498775559,69.30468716772974,196.65963422349023
2141,4.429307495895947,0.27756320771699633,0.31201698969624025,33.32953970218094,crack,59.502348935001784,54.690512044040794,143.99527026010537
2142,4.333842818444506,0.3884205961095356,0.40639534940320876,39.033802545847294,crack,61.90332625391799,75.71934894347812,211.51943962142582
2143,5.495329154117907,0.4990599793372325,0.7151748646927903,47.30396187638941,crack,60.28279224836389,89.29746042054609,238.0600151344362
2144,6.996629037795092,0.2733739986720347,0.4573963784021604,28.523693209147297,crack,20.508876276302736,30.91968964531411,85.5956039470613
2145,4.875693219925179,0.32856384019776924,0.5064109357533236,36.774984376267724,crack,23.950646714305776,74.68104739947816,203.55645505140603
2146,6.036919297742219,0.3377638074512225,0.44864330692762033,31.396350701191622,crack,68.92101366991984,39.173080595593056,115.0283384418615
2147,3.5608563711775187,0.4384362597289504,0.7172459062599412,49.47463730348278,crack,66.60027088356796,215.66403185245596,569.8518798044606
2148,5.038547479463204,0.24965434910682133,0.7638205020379112,33.11022643136226,crack,44.95511448777676,103.46499517859363,284.520591492802
2149,7.973899742635362,0.4718350562227231,0.47259551433304403,34.83824585781149,crack,22.58936094865418,25.726041433505323,70.17319485904075
2150,4.800772768939354,0.2599949405587101,0.7136168403726304,26.76676754855365,crack,35.007758787487916,98.51153957111464,276.69114862721995
2151,7.440563012518119,0.3912581065834583,0.5567962728161766,36.485456588650834,crack,31.275302329532128,35.55643337416534,98.01407775358501
2152,6.574566182817156,0.3088837629896154,0.7401409141832943,47.56058947267363,crack,50.03280750538103,64.4185542906167,177.0543281017373
2153,4.842261982909519,0.4447930193900629,0.5041474928641063,29.944717942772055,crack,35.576973174162625,71.50108063984877,196.2043645846552
2154,7.60071480649688,0.48233140009396286,0.6508036601819394,39.76061176744819,crack,37.76714630029618,39.966998353987215,111.23613274598377
2155,7.248439839221116,0.46563989496854646,0.40463397833005954,26.669337134539298,crack,13.973511913698095,25.17560117545372,69.39850533190781
2156,4.24442819719409,0.46649507122536144,0.6789496102174413,42.77578679081708,crack,59.11298922495482,135.64138429693108,381.52821736059855
2157,4.525981434466374,0.2981135334661969,0.6974152234427462,38.795691850092005,crack,38.65316136225158,122.22647447937547,336.92679599331206
2158,7.819991306131558,0.3551362895926711,0.3513153643591616,45.48767709654432,crack,42.302311634996705,21.46157379509413,59.16049960832862
2159,7.342899471907237,0.2291607617034171,0.3734104871073889,47.574879465711646,crack,44.05696217365633,25.733306818220314,70.50377532615614
2160,7.562859027361213,0.4469010388065708,0.6888237668123632,35.739005054265355,crack,48.48232520748294,42.35700561734523,116.76038477675841
2161,5.704464297541725,0.32296206140790673,0.49571920318025964,49.556268801677646,crack,25.14671296002079,56.9111394839002,159.40341356393375
2162,6.997566217759774,0.3226355136433148,0.7502796129902786,30.39209356182914,crack,46.54071091258686,51.56463397017212,141.77712136960474
2163,7.193367212275096,0.29518803264323124,0.3664426966859332,39.98160023275162,crack,60.081735706498584,25.61593275717154,70.61231363013985
2164,7.944688684007405,0.3742509020161662,0.5522393621486442,42.46311956632836,crack,55.525937964364594,30.967327901451718,82.55393327969439
2165,5.226212408544837,0.4387721378425746,0.3283346453072765,47.650636021883415,crack,39.323403700748074,45.090617193688786,122.07983865219956
2166,4.031540168598351,0.3887343449348004,0.4902571870654192,29.19425988252334,crack,41.66727552425067,99.66694822563471,277.7810366418368
2167,4.827338398824099,0.3261110747599918,0.5101555019476185,37.90542001739952,crack,65.4840705360314,78.13865615490074,215.3952911839187
2168,5.0550241764570405,0.22198177146510095,0.3079787777600822,46.38559189994999,crack,30.7782520132795,45.15827659785084,124.31525142494732
2169,4.495370941399971,0.34283277264523254,0.79987063402854,26.93588565356589,crack,60.62456120948505,129.64576422678007,345.47918087734024
2170,6.828107048862852,0.42223917781025216,0.5498705205529067,41.6011206949473,crack,20.242006770232,43.08279298714791,118.02764393641944
2171,7.14958960792886,0.32418725692390615,0.45153648492606957,46.972862097124704,crack,34.81012680204702,32.88723949341641,90.25679729100926
2172,3.716613450869465,0.4876174786436351,0.5707490014776981,39.57227805722977,crack,68.83588967365999,147.86190483552008,371.5337111038472
2173,3.1716476181579476,0.36899646725552926,0.48086789612157327,31.78758578429196,crack,33.64653045704727,162.89310872692826,443.16790996793856
2174,4.288083796584506,0.20316414943727512,0.597972449142077,49.34905932039017,crack,27.112411486766497,123.002798959677,337.64569849274164
2175,3.67120615363221,0.23954504914525376,0.30363166556536464,40.03046940765596,crack,27.630993934989252,81.51371944981241,224.6989160031975
2176,5.899203448526739,0.42995799702608173,0.3009785620334798,49.26634278637053,crack,51.25590397181604,32.960206107003515,90.85737509901395
2177,3.148274235455085,0.21226498209819722,0.38154686632024376,26.957239539177255,crack,63.40680015780234,125.3548534043962,319.5640845958305
2178,4.627021699806059,0.22182843256906862,0.3071660094181857,26.008110434391817,crack,35.03983544677016,46.51520304222452,125.87127358913158
2179,4.25467494464077,0.34059438790889496,0.7184114428157882,44.649669772821184,crack,27.17224752509116,146.6137513414769,406.60155968270465
2180,7.143662256936675,0.3189507037931054,0.5243786742722212,32.58541081207554,crack,12.927672762277192,35.31356945294666,96.98936528050949
2181,4.735822060100549,0.41020746371237465,0.3841682932043574,27.34700654428321,crack,52.46182575616724,54.32624599626604,154.94860395642735
2182,4.469790226432918,0.4214636761821352,0.4832961076838309,44.62057495277448,crack,19.43324277514326,89.92746983540415,246.43534927186988
2183,5.697702687331246,0.28715195505857133,0.4782061354039873,48.52271649187882,crack,29.77682659339097,55.83772806605309,151.6708019998121
2184,6.320770875458933,0.33716648387506715,0.3105358398559799,43.93633719472994,crack,20.246133734417484,28.78598670427179,79.35081421941132
2185,3.523319158782482,0.22363399486588947,0.4254716396653222,32.918962718414974,crack,24.506388162048797,117.26484552964712,322.3358098684667
2186,5.462387768888591,0.2179598517322277,0.5655509889284654,44.126195055951094,crack,12.720927608897567,70.14931760543654,192.53341237687073
2187,5.613702093810231,0.43674546207234277,0.70204621761329,49.60488404538006,crack,66.97732312714187,84.40194587931644,231.35373340808277
2188,7.343684956464061,0.4659170948108377,0.6811437843605206,26.39801640533672,crack,28.53615105685344,40.61176740245069,113.41773672545776
2189,6.194550018771085,0.3009833918281018,0.6837679108321837,28.548391389904587,crack,55.53729325414456,57.757046044738715,157.8419492462639
2190,4.657340767815122,0.33438983845571024,0.6269550134744956,33.477787327950445,crack,15.12239735144818,99.6934300172798,275.6304290795664
2191,4.622669091461445,0.37415785372581467,0.42136701245784025,48.29179573705591,crack,40.5127452064194,74.18398222390269,200.68189164056292
2192,3.029058220361243,0.41129209328285365,0.38531618283762936,44.10859582731642,crack,17.23293678180917,154.96393322376798,426.1808714613278
2193,6.753867941812086,0.4175247530881666,0.40255403937371903,38.95683651998587,crack,14.890433184399127,31.713478143410015,87.0456887195673
2194,4.2559193963986255,0.48222019195623805,0.452355606172843,33.16468887071045,crack,54.87196088562942,84.3598140628174,235.18766630749116
2195,5.275673397015277,0.33208428980972615,0.345840287187813,45.064564964258395,crack,25.925453438751404,46.23465616560909,126.27149101952605
2196,4.6021222747856605,0.4812768887055773,0.3983973243428536,42.011172797441475,crack,44.36419511855265,68.6399194955335,185.5040285420313
2197,6.391119286494241,0.4063181166134574,0.3878524381836254,27.82620775058122,crack,54.14109776192137,31.35909652910683,84.16488476054026
2198,7.994448669634226,0.28642556597409874,0.5285734182075218,28.2117280972959,crack,58.97791173592839,26.175267573350055,75.34905596406196
2199,4.0042042915245695,0.2732399738852031,0.5016440576403274,29.488259606390688,crack,22.78485249053403,103.79277743758647,288.9044421692406
2200,7.509703880396687,0.27527198944690284,0.4274786975773463,26.089895869956482,crack,13.059524705616893,24.626312433121978,67.85306437981922
2201,3.5720301179070204,0.2830450163537822,0.6411627261469146,39.84342896263498,crack,13.00379553686308,181.4958410951614,495.87573363116326
2202,6.090150886006784,0.22291195707242176,0.7513628305195211,30.533398196309992,crack,14.007743198814643,68.44672383550855,187.84115886352365
2203,6.755689330074103,0.33750374123714855,0.6866751926279164,39.26405634391247,crack,21.406268878245253,53.916695215873546,149.29255984171297
2204,6.575227610406574,0.42462075273344413,0.39253736687043317,47.684197660239235,crack,44.70800883837126,33.52030182510323,93.58070165215007
2205,4.371026349983467,0.45415999450341127,0.47789332461513273,42.71051829551821,crack,45.20757455183341,90.88757527212543,239.4716092911912
2206,5.180200438162237,0.2583124154679341,0.7075464433959355,39.60035922685149,crack,37.56563146638599,93.34158420815223,252.30916352264998
2207,4.923035618968423,0.239104966015282,0.6343226347529944,32.1870364843234,crack,63.66675608461588,89.67430591719435,247.19420815340183
2208,4.47984967173832,0.3972431999024802,0.7142683150479241,43.724319921404145,crack,64.27151899298448,130.76291227522225,332.63730356644885
2209,5.452253138658293,0.41172688020003767,0.6518043024310634,30.794213027339094,crack,19.40353538411001,74.29951878365796,204.812410020473
2210,3.199701587418087,0.2629862603550685,0.3278087727889125,48.403341012758716,crack,24.644041590064685,120.18389699564865,327.45632448905224
2211,4.878702015319789,0.4011403106298526,0.43086510809116363,36.80340435549108,crack,15.117639572692429,64.13324148972379,176.01655665920202
2212,3.685337797921086,0.21710234774988668,0.7119348400320054,30.265417148525607,crack,42.32190151244837,174.91964887324048,457.26740607997596
2213,6.508107671980492,0.23564025224033436,0.3025754828223574,31.115131371845486,crack,63.610498126869565,24.107837998494617,66.12860386387804
2214,7.2185298250622205,0.4086043251631546,0.7382911307261495,40.29827597557583,crack,23.608799060894405,51.282129464609554,141.2303273858958
2215,5.436310130246154,0.28186125784703087,0.49302446213745016,26.51170032825049,crack,67.66944476040541,52.290170179117695,142.45175082512662
2216,7.783220744280446,0.38045270209148285,0.6319849447194953,40.88828154904993,crack,44.36501013646845,37.60073683339312,101.42615776498683
2217,6.337660799762828,0.409235164733429,0.5702417576721728,48.39271037681384,crack,13.438836083807933,53.83283138955466,147.5733497593414
2218,5.506639541362224,0.24822260011779054,0.413329556943174,47.04746425142937,crack,28.02078603313537,50.921676120756224,139.9015571249845
2219,5.4985338947697,0.42293095858283225,0.4886380005536056,32.5542434621324,crack,54.35978459773043,52.702054143583574,150.34473344135262
2220,3.7071301596983703,0.36080626566786606,0.3778942798001303,41.76646103823806,crack,35.436714907243164,99.6210678342509,277.00235496349006
2221,3.949167163567173,0.2760847038360829,0.3449920367415875,36.02834574471099,crack,28.056879281748255,77.82607712427318,214.28035660279397
2222,3.1003717968291493,0.37279639394445035,0.3873694017881724,30.494113434334906,crack,10.100810171153029,136.04025782314997,373.74503279640095
2223,4.325413355186386,0.34037552716272845,0.6286010674240845,48.349002076439945,crack,41.02139493945251,127.4155349717182,345.5281390847837
2224,7.032935181749609,0.30126972103285227,0.39361342722674386,47.49854133426586,crack,35.49295607847735,29.699992083255154,81.50018859396297
2225,6.033018813669882,0.3459098529600208,0.6027026843975307,29.847129352470905,crack,64.57710656062378,55.29581424399621,140.55423397572284
2226,6.421753927434199,0.20197610772872077,0.7380988632577583,40.48488728907138,crack,56.27440171607645,62.628201349818575,176.07975266892805
2227,7.187595189382994,0.3391765374677092,0.3967719107553964,38.645827324396876,crack,69.27178461826344,27.54564052284376,75.93170337424002
2228,4.3689655926938995,0.29195943935004187,0.45942811594481336,30.972800469893322,crack,42.36026358075509,79.66229326756306,224.78456092725412
2229,5.312441087835971,0.22337805437662306,0.5763554122969821,40.118771941081114,crack,17.82873272932026,73.02193717372336,202.98372689740808
2230,7.410982868352643,0.3361252772152967,0.4086655006763651,38.38879592314465,crack,64.2370494966687,25.714724513888747,70.11810562485081
2231,7.3542661647530885,0.4703530201492454,0.5682085447537149,45.76697660477032,crack,22.248236868439903,39.25760737581442,108.1223662052646
2232,7.642700004782595,0.4288649400150472,0.6965649141289032,38.78098955321507,crack,15.599327841745081,42.66672120338165,117.97683796303546
2233,5.329764416110308,0.2842038459129508,0.5331984116738652,29.8670125037248,crack,40.91743014756561,62.92177641446952,170.44814336267638
2234,4.442970278535527,0.47399821907850304,0.3387604564040436,39.57555325864173,crack,48.85495869209862,59.96957703644269,170.31920182961272
2235,5.8214361244352135,0.4832882814477166,0.6189885078692924,30.335291516675568,crack,18.92847910952744,61.438790756239044,166.88952381846946
2236,6.865356789110278,0.40873046239443367,0.3704911180258129,45.543972597201545,crack,64.98983235675601,29.16747100502449,79.98529365649149
2237,4.517585618652564,0.39948421055780636,0.7664508123315859,45.36249044300056,crack,18.412945311323686,140.08256557954303,383.0698099426464
2238,4.211117247546217,0.3945030250773258,0.5354208763763821,28.45523207908123,crack,30.286115119796325,100.31010611622615,276.51261973221983
2239,7.663878057618387,0.47143494549431436,0.4786662601199324,34.16984605251416,crack,42.144336871567845,28.3432679830571,78.13042559099387
2240,6.5195937183753845,0.29846247663584125,0.6430489418515442,33.728688448158245,crack,31.187010298834977,52.16585229404231,141.95199570923697
2241,3.381052241426408,0.2523832589648163,0.7855824196354587,39.16400528313744,crack,65.85557986436685,239.83125272282547,670.6913364359148
2242,6.683478453652654,0.3487465653359711,0.7021890060009717,33.77174849142931,crack,14.266826044677963,54.23485417629639,149.90553756104924
2243,5.726954271393687,0.2505943463097828,0.4596169801624053,33.007681867224626,crack,21.576589977659882,47.915737061878524,132.66948751663398
2244,3.983280583032142,0.2303081137754677,0.5450471885426,36.7281240827961,crack,35.56085615877387,117.57973146456048,332.4521164935449
2245,4.262445845317647,0.3557430445963783,0.6748935516031023,35.3847785017105,crack,30.566759531335276,128.61508502558092,357.03792093156494
2246,5.339005185740341,0.4437251419236889,0.44895317032469506,32.46686031885153,crack,47.4537936528015,54.06507902134835,145.95233301671456
2247,5.031613504652605,0.48116134234047225,0.440852991741416,49.573495641977615,crack,68.90525624387702,66.46532814229246,183.2168533903489
2248,6.744764436511778,0.36776345692331003,0.49976196754991387,48.35055504949449,crack,45.559715889885936,41.65966046193045,112.62376457108351
2249,3.158606467442152,0.430053591036231,0.6628378374831864,48.89464767996534,crack,10.185665919462306,251.83801400531132,695.4888934113176
2250,3.321877235446697,0.3065753943019513,0.45691850598761663,41.09141902322203,crack,34.23330917969797,149.63179636152145,400.0537455721796
2251,6.208318533011223,0.473529454677906,0.3229802843962557,27.053768264690742,crack,42.30555328938983,27.418186181859575,73.73924792678847
2252,4.935506654196317,0.22929677654137703,0.4030918764334757,25.860965400525117,crack,40.42099725181056,53.67910530807804,147.9706343400859
2253,3.1918504483535752,0.46187007698993987,0.4421709639117193,38.08462882083617,crack,31.700951382359023,154.47660067568123,414.73098914203655
2254,4.103915608213197,0.2530608074492754,0.3822148149373001,44.834865056091076,crack,62.47548165080724,82.54541449096423,207.23907159781885
2255,4.992827833541856,0.4643007169935093,0.7271818967717076,46.20428748799714,crack,41.81262626925285,109.07075950199409,300.0197594360272
2256,3.957128616807041,0.20084759911053812,0.3668731782413005,29.626441814967684,crack,55.3455978298958,76.66102797533986,209.51361076006506
2257,3.651627962408072,0.2546920867970299,0.46794392209735386,33.984019886394734,crack,16.6816568801277,120.98754539675942,328.88620972303767
2258,4.722669544028094,0.4821112487784798,0.4160895943478947,37.239259558997404,crack,42.5263703041791,65.34213467390005,181.57248560777845
2259,3.833498924694896,0.2954439329231081,0.6526065859508283,45.557963274969765,crack,65.03330218196129,161.56909732259672,456.4862402032815
2260,4.581481778112586,0.36588606896723586,0.3981058606182649,37.31160555870213,crack,45.192539120724575,67.17893571064431,181.44787259339046
2261,5.8261540164759635,0.4654934472366235,0.7837891985437804,27.813260986242504,crack,13.903740820468888,76.2235697381761,210.01217145629738
2262,4.936679550118879,0.4198607013095249,0.6368184674302088,43.903490709879385,crack,51.60926360749084,95.59144982527694,256.2389560041971
2263,3.2651339332122893,0.21662133043011383,0.6360272969484688,49.62559806836582,crack,24.655431936758227,225.1712817333785,627.4043186414353
2264,6.873939094161024,0.34720050772693467,0.31516111973835337,48.54304300269881,crack,42.85257079624028,25.013055014585415,69.74787515974371
2265,5.66357164888413,0.3190083299609238,0.7497536384237273,47.09343536730316,crack,50.36247904500139,88.05187215557322,237.1393046070355
2266,4.509674866001465,0.3411396869774822,0.4812735591412728,43.80336521957781,crack,21.082068650053706,87.21521723178839,236.4389695299712
2267,7.067207399154736,0.4817652931333254,0.5906306269501163,37.24731926742617,crack,15.067013662024214,41.86066439664108,115.20694030505828
2268,3.8388934045914875,0.38283231257663275,0.6550431138439959,37.132278861595225,crack,44.31760547238862,155.4269101668212,432.0934247761424
2269,3.393635804349576,0.43093118521984586,0.42199491582055154,46.605536684588046,crack,56.71952186592376,137.02725590988538,354.5464543491831
2270,6.860888814573489,0.4392639382509613,0.7111470971852986,49.464938780962456,crack,42.955150747577825,57.6337092118315,158.8718079931677
2271,5.249959064341817,0.40389069228386476,0.4311222833137126,25.751500247786367,crack,20.148955845367016,50.6390090819638,138.35013236069807
2272,7.927455604150104,0.3162575502109309,0.5968896395093403,37.94548741199729,crack,47.12257813773819,33.90938869685534,93.47387082864225
2273,4.714780810122074,0.3703777376636176,0.30562957960650156,30.036667062394898,crack,25.954134415367,46.22994095551827,127.30090874438218
2274,6.612563959389684,0.2936612414937439,0.6350738934711864,30.35024903511848,crack,60.28362864008761,49.01341393050309,130.6657771091426
2275,7.684476344239907,0.43234798045663664,0.6110866049973926,25.102361308068783,crack,50.43900629056569,32.35937505529558,90.6221273199216
2276,5.938782849553362,0.3965270929278587,0.45763308007001025,33.84625755719699,crack,14.457866597237107,44.90125975311234,122.44255431615534
2277,5.476981375514951,0.26886184698294596,0.6565026241471184,47.24696011048506,crack,20.812644452600225,82.45683472507925,225.1978915842109
2278,5.85083722195443,0.23765254744051975,0.7115943893662551,31.14295307193067,crack,23.716051365864672,69.97641698306624,193.8611466636973
2279,6.981407874604087,0.2558432335293586,0.47723023307044077,36.75123982243275,crack,36.05417021455326,34.01131273048241,95.4729726365002
2280,6.738984666400123,0.34260399796522123,0.4153546387146232,30.72209383376373,crack,21.11011784492401,30.9739329935975,85.3820585710489
2281,7.011900155924515,0.42400415221859067,0.43429046713651254,38.4865815932778,crack,41.261562043871386,31.640317394301672,85.78968612671692
2282,5.797863660146096,0.3778350432720918,0.5949843928659089,41.043881766484425,crack,48.70765211390156,62.70052396934688,175.41503462506998
2283,5.997633633619008,0.24804126928213235,0.4131623562662461,47.45253798787325,crack,26.074051212002843,43.182936796449354,117.82827478453697
2284,7.0591733477431085,0.48433747489923124,0.4004473886712706,29.93211816522149,crack,59.63945652384594,26.59951626775073,70.68035995219013
2285,4.70594095176334,0.2628056020878714,0.353962034328891,29.027701341566374,crack,44.66835036899647,51.92916236067199,146.84581466741741
2286,4.081583594093276,0.29712819002147334,0.7581269271355331,30.512904024498088,crack,57.169318798247396,153.85405239061222,424.11067767638247
2287,7.939387078165676,0.3457887159656683,0.6184424030079148,42.72208229201422,crack,45.14381365969059,36.08211055298411,99.46314783740392
2288,7.945796490601618,0.402302764846706,0.4315883304129149,48.82571311536973,crack,26.58407913180907,25.71088929311413,71.28649260314022
2289,5.037564070569063,0.4682892456699125,0.7926283078507874,30.863270686032852,crack,44.301551976323786,103.31354413874584,277.9318626685172
2290,4.161124385378383,0.4845134170712468,0.3908868923996339,44.43684742956735,crack,24.62171441779537,83.74210375969538,228.2108185278337
2291,7.229181284081272,0.4355602729381711,0.343231301260028,25.890628273621296,crack,34.26735628912658,21.180715961331302,57.53260169686581
2292,4.729729111352972,0.22426968836466035,0.48530480256392317,44.76102417734146,crack,48.40413636081389,80.42309024310005,211.23612213669594
2293,5.169958719464322,0.43698398225083335,0.5658495653150835,36.71668714043148,crack,59.87890592812478,71.45196063956969,205.98654997618857
2294,3.6475206825369533,0.4105504629926978,0.40337110020629374,26.86636508685316,crack,30.116908111269368,99.09265716701886,270.08921958518783
2295,4.670954964196832,0.4912900172118185,0.5165998456028906,44.90846815132393,crack,58.406916375513916,84.7752115742439,238.74652039308697
2296,3.078743944531994,0.4619014954124315,0.6287089918957216,39.02826574940161,crack,65.852710045534,220.16863169159146,618.1256338094137
2297,6.435409631945121,0.3475340908327029,0.7055893223283496,28.305895447216624,crack,45.076595180137105,56.362761649784275,151.1757221701114
2298,5.700799703234443,0.32457415065260986,0.6050855539422596,27.00711553828399,crack,18.074996911151654,60.60650874243288,165.70960900440244
2299,4.092391008168383,0.4035754716309188,0.565284398649343,32.80417476548514,crack,60.823541335285704,115.42679703570998,307.3320478346102
2300,3.4063957895782973,0.4976037620116364,0.46909217594743446,43.330397673086445,crack,43.35311259229251,139.59091828285926,405.5432478741598
2301,7.494951338991513,0.36161567456368876,0.7267290276807823,49.12152995704299,crack,38.66966542082909,49.2670282512591,135.8084003205431
2302,6.969590778667769,0.47662548625813245,0.7651757542373764,38.0384932524529,crack,21.94364445466924,56.27376744254123,155.12302259429742
2303,7.403108539886035,0.30978908052527276,0.674832273004611,39.35213370466023,crack,29.557368029462083,44.36221320606224,122.28789566230773
2304,6.200031007690164,0.46060071822472465,0.5837026337909428,35.69031513518087,crack,61.20931401653038,51.109875637027805,144.2903083493384
2305,4.293370484240144,0.2155672186556998,0.7089443967317512,30.37760552539256,crack,23.19826329939927,129.88450671119796,358.0367582441194
2306,7.909918251354876,0.4897174230270092,0.5985004504539186,31.26020775184925,crack,47.06830967927287,32.0698620008957,89.59322235004062
2307,6.667030539181321,0.32866096863294336,0.7249890131018306,26.135061104714712,crack,10.936561098501766,53.024423825173685,145.52371593128458
2308,7.615671403188491,0.2765090661310878,0.7648140061833055,49.78079064114088,crack,69.93979142951189,50.38582906939446,138.89246191340732
2309,3.8910655730771277,0.35803167202914554,0.4563687091394828,39.1336581632618,crack,26.995670585398184,107.14191621829424,291.53201100192956
2310,5.971174321402793,0.42875063635914357,0.6426618398449864,29.697891767682425,crack,19.429476413934456,60.52683166139133,166.84692534328195
2311,7.8393766608198,0.43724061937934744,0.6045881924177334,36.23029604116853,crack,55.22102464025067,33.527847945566855,94.19069871234117
2312,3.8022932033891177,0.3572171384322883,0.3322930531445025,48.68880936767283,crack,64.96714920359159,82.78860353024501,212.26870463548573
2313,6.678825127250522,0.27812220594012416,0.32852910052137757,46.18158890650919,crack,38.565016444984266,27.61814087808461,76.13155625011771
2314,5.687434555064592,0.4480099988901475,0.4589346749241514,25.14641764091482,crack,17.221403745990322,45.660414858956436,125.78641212686883
2315,3.1166919617601656,0.36798869473539675,0.40538239966842304,36.80958179894132,crack,62.90734671824957,141.0031074702257,373.3605370746432
2316,5.48808201080561,0.4842285546763993,0.5292550436296649,25.23455924262771,crack,45.92444413440139,56.63784719313382,153.07508225677773
2317,7.290154246138607,0.29891275150968455,0.6899892691437368,34.99369287269321,crack,34.34634085274231,45.422378195194774,125.21032301906737
2318,5.900130787375024,0.3639378651559329,0.4513998539899202,32.61629162177168,crack,57.63451978304215,43.362675721569616,118.44299472687405
2319,3.37523994496299,0.2167953596439171,0.45794774839893587,34.33395114112261,crack,11.875222271556607,139.9013165224198,383.79211558464937
2320,7.563417091428784,0.4316008099459524,0.7585872662857311,31.306854753780158,crack,12.234998211736624,44.79449562557229,123.60391693448646
2321,3.4525200925219517,0.2771897687074917,0.691187910648505,49.09532885638944,crack,28.70586025559378,218.9417509659473,606.4937470232966
2322,4.394325823501388,0.20469204692975193,0.47993245988719724,27.69278173659675,crack,38.4720680442841,80.99669911201833,224.85326725136653
2323,4.308827656779204,0.40829175444824894,0.4334733488000456,37.57173076257744,crack,15.587195870036874,82.87572128784171,229.1572520389902
2324,4.609831041528857,0.30640659588080066,0.6245579513258948,30.507543141655802,crack,57.43462223554003,99.35919341570056,273.89135480814326
2325,7.362019904229365,0.2393631594071428,0.3562925215592411,46.0369167921505,crack,16.90962699250739,24.571649477146135,67.32728020085554
2326,6.459977713111466,0.3754534602339896,0.30819269916781744,42.842266186700115,crack,58.993682056555244,26.401115015672207,72.08862190557277
2327,5.466095742159306,0.2307357563411835,0.7982955294269385,26.76199822440846,crack,61.36723792104446,87.41629302349509,240.9698197564873
2328,7.907909953789745,0.3787428643491373,0.6061380463137844,48.31715639536033,crack,51.07775840501648,36.60358787213808,100.59301937374566
2329,6.721855137539321,0.4360663081750551,0.7597038895185125,39.10753746557723,crack,62.84470039562887,58.48533866388756,159.53515490987314
2330,3.4704327318188244,0.28997175408703874,0.41164405970522067,49.53601507318413,crack,60.58027385681669,127.46483691753657,358.8955457220257
2331,6.655883655303634,0.44194698603982696,0.34374657836931033,25.816171266815783,crack,42.00983357440809,25.15367550129141,68.16862953544094
2332,4.229914366251513,0.37473988324960517,0.7005626892262742,37.88294021202904,crack,29.773902275115304,139.03492922823247,378.63393148668894
2333,7.717702601113521,0.49313871487204397,0.5632238865573744,30.44309770200603,crack,29.4413655853607,31.892884197184426,87.80433201320453
2334,6.930965446194005,0.4950451742218853,0.6564035732707318,31.955732955972497,crack,24.3189752194193,46.66725961178828,128.51631514101473
2335,6.466576957662597,0.3038995774073795,0.42569397909731355,25.09833140147898,crack,68.78810970060059,32.53791639774092,84.11512366395873
2336,5.728949575559735,0.2397422952521356,0.6679333944872099,39.06805422242749,crack,46.93023996307218,73.16740580608469,197.6000293846172
2337,3.523835997340511,0.3094977258536561,0.4427038843211072,36.79577500984998,crack,67.74640405677775,113.65327403956942,338.919159378999
2338,7.722754967851529,0.42342731153434887,0.6077189890617256,31.83907843135109,crack,63.448819635693354,33.84237167293776,94.57846174455608
2339,4.168361601880837,0.28203512915132883,0.681899036714591,30.524417663637653,crack,46.66956984473378,129.1683391416649,346.86183265131484
2340,5.459534468699426,0.3513553025997673,0.561561562382615,28.73739363641058,crack,11.905670076829466,62.64630848507685,171.99378043247953
2341,3.5987282784442143,0.4455737432287532,0.4252163071674529,46.14319502460924,crack,60.5650531603763,122.37971039295893,314.06548037376473
2342,6.130391583374028,0.36832291534154116,0.7106852488237896,32.399298512146,crack,65.01812982823748,63.18257621079955,178.50945559394518
2343,5.215504680714377,0.25480313217988837,0.5839043915583542,49.19818903073347,crack,18.528197291084854,81.16060390663938,221.85703807591165
2344,6.161668743657042,0.3799825322707179,0.48711074038377083,37.08189948176319,crack,36.42142422954028,44.717774134424815,120.9680373368766
2345,5.994225811885416,0.4219581123990389,0.6677514598505816,42.233933471666205,crack,56.175611505819866,68.15026565838536,187.86151487548702
2346,5.725869459356943,0.27584853736737863,0.44301888631568026,25.368185350049878,crack,49.042279533534156,42.24188120097902,119.99585578686309
2347,5.43460046328129,0.34989870740447715,0.4800617500679663,37.367959584801355,crack,15.006212272450407,57.5846473105946,158.4828963354368
2348,6.040745249812316,0.3353788823079987,0.5403764408182208,25.81942050597824,crack,13.711957404053155,47.85071275316749,131.7136194391085
2349,7.2273916124376525,0.4724136663825979,0.35753595960784346,27.67776706590481,crack,31.16689981085533,22.372900740664537,62.00745207316056
2350,5.123892068884961,0.2810337797365702,0.7699124725425139,36.85446731962797,crack,40.92900973788484,102.42106195756504,280.78173588626714
2351,5.022150665900836,0.451438950551853,0.5437516699062832,32.965611155384074,crack,12.878756520840728,74.11130460824928,204.80016970244193
2352,6.107163452018911,0.36283540014294224,0.5442762919290044,34.41369730694821,crack,16.151972298680096,50.8424753562079,140.15124296106026
2353,3.0395887960264414,0.2595038084743635,0.48135663310618854,49.21199125808823,crack,26.237210303550683,195.98238122707374,527.8359148811023
2354,4.610997244755736,0.44432631747363033,0.670912045303979,33.166867908050705,crack,53.78936623426398,107.5113094864029,287.5680217194998
2355,7.134908128976797,0.31209657142659464,0.5785718981636712,47.03163933981092,crack,22.332011433536277,42.81358717564636,118.01898740604356
2356,4.1156594930607495,0.32742185769714527,0.3659769817064692,33.58799493146509,crack,48.610770175446,74.0165615579825,198.9538188503794
2357,7.567185554860918,0.43271661364293273,0.7552506093183273,32.848282053442446,crack,53.37381158019362,45.420719110907505,125.20574962343527
2358,7.4873570012406905,0.2446545482931275,0.6802046790954992,34.31203686613164,crack,63.1502618299411,42.24231211153318,116.44422319130247
2359,7.082867628591717,0.2754245607080279,0.33424704216450635,30.92352044539768,crack,50.778227272455986,22.600865850906164,62.30104688679965
2360,5.170728212794764,0.48010516799401537,0.3483824139565104,49.77250997198785,crack,21.38718876259289,49.57721480273114,134.36449425299003
2361,4.953815211374512,0.20877173936889978,0.41907621852707644,40.27894503530177,crack,50.90288006196004,61.623279464858236,169.35488543483865
2362,4.3045876818684805,0.410765211880012,0.398176303090869,35.5229116788632,crack,61.08851283669817,75.00429487538625,205.83403322528622
2363,3.5636649549272814,0.38033326294199876,0.5079112284779124,31.10718737608779,crack,55.23141344383684,135.2230951895678,350.9079428706426
2364,6.32965904874549,0.444282102237641,0.5945688676235044,26.17522180669401,crack,34.37750932072679,47.53762419097604,132.13725046075479
2365,6.798537934562042,0.25739747481170705,0.7859543788959229,30.23202285450886,crack,12.82726012692144,57.31936674714161,157.93395694830454
2366,6.406707203596836,0.2926764389765402,0.4944664478024935,33.74482603922015,crack,17.019296444977915,41.76595306764462,115.13110239045479
2367,6.614073022360708,0.34567741485162184,0.4517216058559105,29.507524939905878,crack,27.21747041519939,34.169410467788374,95.349412033243
2368,4.763301051556615,0.22069175852092937,0.664939188629004,41.92520819726771,crack,16.102926283013414,107.27244949643388,295.70486149700014
2369,6.224087921668651,0.22802452738969847,0.39211308404129475,47.36900550778764,crack,21.919971379397946,37.87362455516931,104.87413932214979
2370,3.0367230313364626,0.3282642239109718,0.5705001567608775,34.153013250408065,crack,47.734704829470154,201.10567435817387,572.2688732933112
2371,5.927085680979226,0.4908747832761152,0.6213928182051371,45.86240828123782,crack,52.99357624164356,65.37584309379399,175.0064002557897
2372,5.880072662257538,0.21750953249522106,0.6169338879001791,39.69210941873718,crack,12.762999973559227,64.08980023571226,177.53141112910765
2373,6.571858645745417,0.3458409616149631,0.36715298034853505,37.723660081327836,crack,56.19669640953481,30.30592955861663,83.54065507360956
2374,7.131538542925544,0.2062892006885351,0.6446705079376012,27.181565272506532,crack,55.85853165606868,40.57205784347919,110.86912349207785
2375,3.303848575696099,0.20863634717423174,0.6273948091891912,43.52327746667004,crack,66.94659397063218,200.56926175148308,512.7414444552971
2376,4.389034422342692,0.23923744616504153,0.39407159911389245,43.87344864610604,crack,12.575914081058096,75.6932532544512,207.58316670762264
2377,4.888794899004876,0.37639267568380835,0.61873479999803,42.67136450556332,crack,61.4252460951606,91.08442524418896,257.19591205794825
2378,6.844582855678111,0.3569192611010974,0.6568040179055545,48.925558485334186,crack,64.30967954646032,53.012175452806254,138.3791645047285
2379,7.165192391619465,0.2379639412452838,0.4344491411781902,40.26552094430484,crack,52.123687835165434,30.652566926097354,82.42484943967213
2380,4.01013945364011,0.44273724681411764,0.3204947027363094,35.59574167154532,crack,62.343037920641024,68.76729651112129,182.0902392624947
2381,6.971523668420284,0.35984262493150476,0.6607485063802798,34.14930961628748,crack,13.153189054058176,47.117595761280725,129.7041026774378
2382,3.5836402323448056,0.2833737682822834,0.7887430859393056,43.686341342694746,crack,31.310464576502344,218.91440410678732,613.8810187528773
2383,7.045062825777375,0.485850618830712,0.4560137807046187,30.22204285548877,crack,58.598598350583686,30.504555893759843,81.1594530917225
2384,6.9202376046639165,0.4032764173773049,0.3862154200395941,40.740928233385375,crack,58.31635526427873,28.011569301495722,80.55084520088327
2385,3.970023249405527,0.24430460636001378,0.3715929643935804,45.67063387318342,crack,13.817134957587337,87.84833443712743,241.7308425281285
2386,4.464003708562803,0.36767249624403103,0.5020542547607991,27.752511983778295,crack,66.1280756035215,81.4530066722657,214.49962783191566
2387,7.719124872512791,0.33808522593075147,0.6375134690093514,48.01570795764712,crack,48.53844766754696,39.72499456554764,108.73699097897894
2388,7.863951379718816,0.425989691140339,0.3589756498818112,35.43316218071643,crack,68.20998501171405,20.372266651053664,56.157739629801
2389,7.259394393193572,0.4665360417435578,0.47124640929671113,43.086045507072924,crack,56.31024613423079,32.786730692109536,90.04353836552873
2390,5.453874968565215,0.31448598262560057,0.5779904437660963,46.33645534882971,crack,40.62502952795893,72.35066588591661,195.70685888375473
2391,4.500577959491708,0.2963443296264858,0.5112923729222794,38.459910289858485,crack,45.966840231994745,90.07875732481965,243.16156377128104
2392,4.153207189974173,0.4522367688210679,0.47914659807735344,27.16121293569639,crack,53.497536277020664,88.14614292033488,235.39510637721145
2393,5.492637123686961,0.44142818969445624,0.3199913012995872,46.370374308429334,crack,67.08885738778669,38.26818671229918,104.26855600742047
2394,4.2380918701685335,0.34063176183683896,0.32964667406144804,42.04105347230873,crack,23.114289430081968,67.1433961139092,181.89572095071006
2395,5.178811462003027,0.3963936468065432,0.4151292448636781,26.70146054002395,crack,53.85331519710698,47.160312786400965,138.7542475137814
2396,4.0369838528203195,0.34081458742422194,0.6496123166850685,48.28726626642708,crack,16.1062021847518,151.03952463389794,413.5165845282213
2397,3.830377754412323,0.2455863014484989,0.7315459348534641,34.07418761375504,crack,57.852780855023255,169.2033107190532,472.120910345883
2398,4.8318112489856215,0.20363626898174886,0.5360844491145517,46.012627256211104,crack,34.25453320535398,85.07147120696746,233.49460411314016
2399,4.366364396586925,0.21336540826275455,0.5878788127224471,48.053825469826215,crack,46.85669978809825,116.32173691138105,313.793548643471
2400,3.6841178229931666,0.32018047541054545,0.4843849396146743,27.74673305082449,crack,57.84783037249672,117.26232847262622,309.5509486545613
2401,7.454695411102603,0.49390562152484035,0.5525822002088557,48.06226636127073,crack,49.942478715326224,36.59463460195253,102.4526017027032
2402,5.581697713482975,0.400263359386283,0.6500094965525729,27.16920895532387,crack,58.86487138266375,68.51881564469528,188.87745161965233
2403,7.900611507278759,0.27667655816980574,0.36949137405460203,31.063018468014292,crack,15.70884558507126,20.102372988350844,55.413756729844685
2404,7.6683163817300075,0.22159289974892296,0.522900778874051,27.977296068057726,crack,13.121400503596503,29.41874899188275,81.09507275056474
2405,5.298053419446793,0.28472674995873265,0.4510083790289009,45.085473532660615,crack,59.81039807262092,58.124877422011444,158.67766040261412
2406,6.205358807967375,0.30802992874197316,0.35879587709325755,27.663659250482034,crack,58.254164369536184,30.739342695795028,84.73539214293807
2407,6.331751221728717,0.24103387894210299,0.3895351625443443,40.858594211509626,crack,40.714549960949235,35.33648597411629,97.4077756176845
2408,4.352947605132479,0.3961678313332674,0.6040591997245275,45.14146368771846,crack,30.178084065728466,117.09083506543874,327.3424215300773
2409,6.620714634871111,0.24781913116204857,0.6537315927710292,43.7558717226342,crack,52.679194686051765,53.18302755013913,151.7294184459977
2410,6.95212649319444,0.231885396837532,0.3651842044217869,46.63249237474133,crack,52.723781210476474,27.8321010481054,77.54706061917689
2411,6.348560848110396,0.4985502190572264,0.656928558832752,40.20416115199521,crack,56.1920116571892,58.74891033794651,152.1683648592277
2412,3.9796663228281783,0.4945542314420441,0.5013583800306836,29.751658706314842,crack,46.27309683011818,104.99885444243114,272.5898784604875
2413,3.5280615857758475,0.2742326579021871,0.41869052712250576,26.37650193676151,crack,55.07053753570938,106.93903544465932,292.2823977199851
2414,3.7559572792611715,0.4954951907159654,0.629844805096171,43.88003429070126,crack,39.029596893323415,161.97868102417326,437.40308724461903
2415,7.5577317056045725,0.28292404850555214,0.647122671297418,32.776377100640275,crack,60.40967465299752,38.99396824960504,107.4899103533185
2416,6.073206580731968,0.34772592887992837,0.3735057017515931,25.683368593359383,crack,51.23071570333938,32.30844630367776,84.31604038389543
2417,3.7001269927332263,0.2962129237594594,0.5277868532959237,42.97527793031142,crack,11.706985795997324,140.75109819494773,390.51976763476205
2418,5.685120172343643,0.3017465627492975,0.37059965372426773,31.357422772887016,crack,53.07298339362118,38.836996583502035,104.22991455214073
2419,4.844015609870292,0.4550299454051478,0.48059933390280307,47.17994975366141,crack,67.86926945675917,76.67571798762981,198.64310550757799
2420,5.960711147682143,0.3935972215904093,0.7805070223506021,34.94758411910753,crack,35.44967830237369,74.67570366360752,209.80676990684924
2421,6.268098515230386,0.40159945116038653,0.45452385140976903,36.076139938535,crack,11.915200578641299,40.76368781944487,111.82523499857592
2422,5.723174488992471,0.39408477586971113,0.5850920162947904,47.69845246522445,crack,39.84113427557345,67.52736346687196,186.14443647230715
2423,7.558773631438605,0.42579419602542945,0.6875750484446024,41.38847673695739,crack,12.863065226809958,43.829876224571144,120.28991559962188
2424,3.059225089193846,0.2993575242882305,0.7621411401362442,40.998164320955766,crack,66.74861422136196,296.22701660330335,782.5367549856302
2425,6.119891987168483,0.40798847144247014,0.4750036841962635,43.24766844323602,crack,69.55357102659525,45.20080411741898,126.52242868079122
2426,7.272821624101101,0.2729872893669568,0.3352074726325839,38.57563214324844,crack,14.086269447479458,22.702429794486807,62.54956089101887
2427,7.153683749104889,0.3637387384170566,0.5090311278473982,30.838298081392225,crack,58.6391459555745,33.70244851891513,90.0240698622616
2428,4.603567504408199,0.3394201481150362,0.45583304589262397,46.837601715542355,crack,35.42969754821341,80.42239608847697,218.29321984438323
2429,6.274558972373201,0.4058913767083632,0.3360256339928754,34.55826708596416,crack,11.899375562983444,29.695443008135037,82.04360678680892
2430,3.672116394163241,0.4994011807879003,0.745752996705549,37.88857299558382,crack,26.724695229698654,196.28013281345665,529.1648821067636
2431,5.968990278409208,0.44751953021723523,0.6937932913343707,27.77291082142372,crack,21.670739628282934,63.922400872371746,176.8280114987823
2432,7.893988036643188,0.3841060120179146,0.7769502600040401,36.43852704447309,crack,30.73826000570109,43.728863010116086,121.40240937241293
2433,6.100011111164233,0.27078237778347936,0.7658205053052707,34.44508537300933,crack,25.89541302953129,70.9690765989203,196.73094877702974
2434,3.0932928883526305,0.22118195667687252,0.32072963180321823,27.311170729994238,crack,16.086337675223014,110.14752934620093,301.5652914453886
2435,3.9891492912505875,0.3359616251953771,0.36173730040259633,29.086305118724724,crack,67.03240063174857,75.36551977551021,190.33468241733178
2436,6.00866086325618,0.497120724917179,0.7410558665390808,46.317548061806434,crack,61.431975973605304,77.02566878826464,212.32725482325912
2437,6.886936624577341,0.2106866753991782,0.4266738867597794,41.88423548081401,crack,35.90821719386915,32.920017863911305,90.74659307281256
2438,7.0861317880341534,0.3132979815581393,0.7692326706755402,43.10467985352611,crack,50.31735503857661,54.84346142454294,153.57738721694568
2439,4.412084055562357,0.32534754002354915,0.6924872515941248,35.37296093816454,crack,45.44337767596659,122.630768585325,335.888316088939
2440,4.295195793739789,0.4756962310304285,0.6778772217217669,35.92256713743374,crack,58.149031393211004,129.39886703637353,356.69805464915726
2441,5.540912266994929,0.3521468994568089,0.6124583197737821,37.011233662975016,crack,26.34282925913037,70.47887525026705,192.28147720250246
2442,5.40217759630317,0.4625914940520329,0.35943767882069144,25.277130189156615,crack,48.12426908053844,38.96408006732342,106.6636720719959
2443,5.028797270733598,0.34304553966560947,0.30837038753668866,32.040769625891336,crack,37.86284403547571,41.19389011110891,112.99413843711736
2444,5.158136314553593,0.4452342510699704,0.3928844443553508,40.47654560953899,crack,59.56022601912602,53.268385026516306,146.22149762324355
2445,5.684698271870378,0.4789483228340569,0.6070565281171441,48.306469170218094,crack,16.87514953102459,70.30593434400818,195.7199208803431
2446,5.87580512022401,0.27313615549756093,0.5584642584147537,32.105203638247914,crack,36.59507942640328,53.84055923005662,149.1194414578075
2447,3.4729727686497736,0.21740970570955714,0.4724605335196783,32.598993044783455,crack,37.50114882345678,134.63790624175044,371.1398742435362
2448,4.0966080744807885,0.24359550465275887,0.5063014022941722,33.34493159573911,crack,50.642292176187944,95.81022136792026,282.18451983164607
2449,5.983303916875815,0.2108713256075243,0.7218236388514461,32.01330284358084,crack,66.43844561089062,68.47811159731377,187.7277463720961
2450,4.719919038770284,0.4158392458223379,0.41755192928908014,37.1605721870863,crack,16.43449851398912,66.51491211939037,181.23873327386016
2451,3.8729594276689228,0.4568131499838038,0.5568849519721115,42.8828612481725,crack,51.61920423025306,134.3681319132347,376.2419902883302
2452,7.065932055485497,0.47532322435066277,0.31078151767887996,37.81348701021744,crack,45.47983209319725,22.204013064751827,61.20709127585622
2453,5.550617326954505,0.2693944519119884,0.48867217749324865,30.631879324911587,crack,63.361597841717355,53.67622599562518,147.96269729710272
2454,3.109955546667256,0.22959946770179596,0.36743340760416676,38.68429788862104,crack,26.803193495960965,133.45920676220533,372.05309340936395
2455,5.18363372986797,0.29460879542017504,0.32924436961344516,47.704593781384375,crack,55.820598239911426,46.30367752022089,124.06523582330583
2456,5.469356898373155,0.2322953581924209,0.5376817464572825,37.05419853256429,crack,18.898876379187573,63.79191570481188,175.8473837945415
2457,5.035908220948247,0.2315484832512986,0.5163676409136476,42.57312940761681,crack,24.208389216663946,74.80762405365964,204.62024605766794
2458,5.3654834988683415,0.4271289230259146,0.7065250745362903,47.99992763667947,crack,25.16727660244199,92.55269456452467,252.65184147083292
2459,3.1213826740946082,0.37005289531479557,0.38469157660208975,46.150290692819766,crack,53.45586980099547,140.54051158726068,396.3307799837841
2460,6.6573418856422,0.23877878660245772,0.7294692358840292,26.961337967050113,crack,34.89696944366972,53.84475943419205,145.72117805642176
2461,4.699649884754901,0.2532446912576079,0.7900275313451426,47.621751502929484,crack,19.017125571837283,135.01490125059632,369.82621479240265
2462,5.81770254635043,0.3698963859663109,0.6216243192369293,30.63584840450317,crack,65.79700728777219,62.11768227276471,164.3431495350053
2463,3.2627326812581128,0.460084170108271,0.4854823720443733,33.249207888515414,crack,44.01879564797738,153.9489580144383,429.64439681588226
2464,4.565568110944803,0.4123387378521206,0.6972469131657331,45.74583061293201,crack,65.62268370306077,112.67289718023893,341.8681724389568
2465,7.596411438578853,0.215249939577524,0.5739900103705666,48.02561784617831,crack,51.46959924593681,37.666835828990926,103.8315664749417
2466,4.184903287409996,0.3518576469805106,0.43583323815726616,36.59344874634347,crack,38.60749433859568,87.84387601739834,237.02645980267354
2467,4.973056383019108,0.24850750839821784,0.5118260037086899,47.57649343887863,crack,39.26389366254311,75.67744756196863,213.1989708543967
2468,3.9272389369786405,0.27307502642811143,0.4976329300651282,44.755352683888525,crack,55.777034095797596,119.38590202399135,319.5891114932947
2469,6.503619328528041,0.3591138043451665,0.3693041191034126,31.363721266335965,crack,39.96697981955787,29.053416229007752,81.8099050864912
2470,5.601270847693495,0.4963877357152362,0.42172559176874513,45.2637844081397,crack,44.61829605265695,49.49371089079272,138.11596439560884
2471,7.302957693258706,0.3423134002226498,0.7518752803448494,30.468551990427528,crack,39.439516241186546,46.98973434121026,128.8553828339756
2472,6.639934673514695,0.4783084869550769,0.3535708769370043,40.5458016432943,crack,21.271525428121357,29.10977632052023,80.24336551471683
2473,3.6433156910899536,0.47811023377895656,0.41024268492158567,28.218123721147162,crack,25.851377304182467,102.04369323379461,278.46589671422134
2474,3.383907481732103,0.41422033063864894,0.743051178041907,27.758991967480533,crack,59.908349452809304,213.00528629837012,584.6655683561603
2475,4.071290859689434,0.3058797899895267,0.43854790973967583,45.30415504332847,crack,69.09919722789465,93.0712515173687,265.10657697790333
2476,7.1923347313827755,0.4253291457530809,0.3052420953005,45.451769221269444,crack,57.73484138369036,21.437129505191113,58.55298566877667
2477,5.44113522107344,0.20201410095564004,0.3776487206078457,47.06138330019199,crack,36.29604904436975,48.05943656498757,132.47957979272613
2478,5.858516445820789,0.30867473058720984,0.7347788608875128,39.630787985179225,crack,28.883707979636107,77.12017954892623,210.32878115304524
2479,3.6340595604803747,0.45825871281844344,0.3333153401191675,34.43423927315203,crack,26.9482085897483,86.89083072691945,236.43550578054055
2480,7.4863255389514025,0.4498465919989012,0.4015675325173438,39.64966040130294,crack,44.1079677014672,25.273645461276974,70.53732557558926
2481,3.5681738127872427,0.25930283102895707,0.7467225812766418,38.14138695685794,crack,35.519130161116685,209.24086140259732,566.001354938884
2482,4.5670096679655785,0.24164914571907226,0.3354874667379869,48.91099373251627,crack,11.287135509476846,61.18566335662714,168.13451749980456
2483,4.300834413656886,0.21687950801988892,0.7330203829546519,36.49757183451416,crack,57.326091957786154,140.0525609854652,374.65290042072587
2484,6.476192405607579,0.4422727226418208,0.5772054240371518,47.335782344413495,crack,30.695556349607322,51.92683233516166,143.14035742269888
2485,6.380161423857549,0.2797770660780416,0.31103560590074286,29.795224620195597,crack,27.479352240999933,25.63714147787247,70.5896591360718
2486,7.094485533983912,0.33329645458675927,0.6230301754083581,28.439657738570723,crack,58.49940494853835,40.247485821660135,113.16033054428645
2487,5.395613761606309,0.46414511320639407,0.3156659250768922,41.008380469750506,crack,38.059431478659164,38.646127574299996,108.65184222286503
2488,4.086976117740333,0.28265135287293636,0.4972199431049596,31.88769504802841,crack,13.499292329703719,101.6950992517084,278.7715279153232
2489,6.028759022881202,0.36038656714541817,0.606425608167461,33.92220385685773,crack,51.7237971166548,57.9022473446861,155.7554550070089
2490,6.304233907927509,0.396254952734714,0.4459761510083701,27.88352926191076,crack,66.48679061228498,36.310590204330474,95.56727866495201
2491,6.341640846428686,0.28569899270551824,0.5904377597802444,35.45316353042211,crack,31.701194434809416,51.020980330643184,140.09489779177122
2492,4.651367244621975,0.2188466805996096,0.31954620467200606,29.732549494924665,crack,37.38733819062797,49.61168344338361,136.75846920336375
2493,4.106692629319974,0.3074663299352261,0.6325595974310354,49.07407733451511,crack,44.80051465721165,141.47223925682445,381.4836949286587
2494,7.282150856018798,0.28721595436529374,0.7191491191429449,34.982284473713584,crack,61.13658091126722,45.11647329351314,130.34388142526382
2495,7.491198254309355,0.3822988064184625,0.42400232478427713,34.795013466042064,crack,27.704353268336785,26.396626745915878,72.76435741230219
2496,5.1556540175833945,0.2789041037830349,0.38319466179094674,34.0848813089086,crack,21.996736058247237,50.10213053722237,137.16524842057672
2497,5.239434162716831,0.44786651366065355,0.5251180436733646,39.7554442019852,crack,41.16639075111695,68.5352617810561,185.31462852058053
2498,6.371050818731067,0.49448599963110196,0.3394406753562163,49.704610441372964,crack,49.97960686532883,31.03508727205626,86.88965645902918
2499,7.834484421102089,0.26168346530318426,0.646937764933637,42.245992435223194,crack,32.583930428557046,38.65374376962804,106.55205507984303
2500,5.073798786022222,0.26682887622385254,0.46063288416148607,34.95802787170693,random,60.0,62.222870324223685,170.2883617657307
2501,7.056160334130322,0.4834842863695141,0.5767673685867973,36.10850544900706,random,89.99999999999999,40.043982306299746,110.98084696493741
2502,5.696364881048492,0.44446811260565766,0.6383791476139467,27.820756810142818,random,89.99999999999999,63.583029028890714,177.75253542320726
2503,3.2799267864273776,0.4579838309981839,0.4230107917408711,49.14914029172718,random,89.99999999999999,144.3949546140858,394.5811635349436
2504,5.913941512021317,0.3389207674351159,0.7689557601562125,35.74395768330718,random,89.99999999999999,76.59057430289283,211.44662758030265
2505,5.49138350803495,0.23677152497251663,0.3139480296615193,45.10002970841197,random,89.99999999999999,37.91617179302605,103.3199793556341
2506,5.742975712841304,0.44208707925353663,0.49201238476041975,32.098650577551496,random,89.99999999999999,48.18706446776333,131.6721868430048
2507,7.123534533467284,0.23163495433723535,0.7642371897503215,47.318738844070445,random,120.0,55.92033608441436,150.14377214840218
2508,6.39712333507142,0.4291889473810582,0.49733342231493216,46.30881758561293,random,60.0,44.83424843468599,123.05108387188777
2509,4.76683901339523,0.3378377710866058,0.7462462014447779,40.77886434513432,random,89.99999999999999,118.94879924160497,319.781478205812
2510,5.248308438426286,0.4593500530498055,0.47139603840539,29.96117744826021,random,60.0,55.75456131830615,156.8110313409385
2511,4.4194464342249145,0.4347528717649706,0.726893948232223,31.421430787414373,random,120.0,119.02089083467074,332.41623215338655
2512,6.141729774668361,0.2178294557890148,0.6519997877089583,32.14980600432098,random,120.0,57.756424630840066,158.84151757986425
2513,7.703849499660886,0.49745873549024544,0.7350267548417979,47.398558204920946,random,89.99999999999999,45.20577150325667,125.2708239225763
2514,6.539976955143246,0.3573611917649886,0.3068773226492821,40.150235602221855,random,89.99999999999999,25.096239262385748,70.03844188115642
2515,7.006860576867748,0.2082515925388063,0.5588645304528006,49.23274724618443,random,120.0,42.53798441886592,116.13645666509066
2516,4.969046212754025,0.20220757015869856,0.7359339358087515,28.92533249475281,random,120.0,95.60602824066689,269.31234559800106
2517,6.324632191505452,0.3152894366190466,0.35474587294398635,40.93410627606682,random,60.0,31.99728727214036,88.36229352926448
2518,3.696147867968759,0.4054199839680601,0.57780513378902,25.21878691336666,random,89.99999999999999,131.4284389797548,362.0244484725966
2519,3.5874049550976874,0.3843824983024605,0.7912136521250936,26.544052032387864,random,120.0,191.53313081256238,529.383180304129
2520,5.712474274618095,0.30197745323623576,0.4028112843512925,47.06702287459617,random,89.99999999999999,41.79226728772303,121.31959817779442
2521,4.165573645769568,0.38641907585164265,0.7670505049118249,29.39308771945673,random,60.0,137.17618020334237,386.38121415418647
2522,7.6563958486337516,0.4888503049775453,0.784722145871583,47.757471750834206,random,120.0,48.69933130308095,136.49840100471113
2523,4.608083405084453,0.4326366017405749,0.35368854903262437,36.10282986517549,random,60.0,57.17118605930541,159.45604467630656
2524,5.149939658644239,0.41950295670829096,0.7334767488498489,25.431395314720397,random,89.99999999999999,87.32581958826933,241.95471800358413
2525,5.071708387863492,0.29792289670033467,0.3216772372199369,49.543278169226596,random,120.0,46.014082720100674,130.1659508290882
2526,6.140580442541661,0.2210715447001137,0.6011121864263834,31.82543940772463,random,120.0,53.416314102182255,145.42843699644703
2527,3.8518989573064073,0.3119640509551558,0.7236044554303965,35.222519213414365,random,60.0,168.335496089592,466.23665645233444
2528,6.909456449762292,0.24311393325337113,0.4248315821905684,37.52136622815742,random,89.99999999999999,30.892444688733512,84.62428654860636
2529,7.915095267202453,0.20054573636448172,0.7409249257016426,26.589063584960837,random,120.0,36.93124804408544,101.84634162670525
2530,6.8348768122835635,0.23627755135219725,0.7946515902650105,28.423944171419038,random,120.0,51.979504126877316,147.628384303861
2531,3.918060805759789,0.3933697970567916,0.7394981638866673,43.40874880095339,random,89.99999999999999,172.5654198854536,467.9057421394326
2532,3.368126968178872,0.43566168511276404,0.5943534120733809,35.532445266915076,random,60.0,178.9329292061152,502.74370795087634
2533,7.097527326247077,0.4780155216402459,0.6117405062293276,37.95658047003814,random,60.0,43.141524875221144,117.786718839014
2534,6.045440817447646,0.46803186589371326,0.7421063023489088,29.34961420698682,random,89.99999999999999,67.01497445122526,182.17591133693674
2535,7.45832022551684,0.4133174607116873,0.7344464071064069,27.557185250844952,random,60.0,43.31592144051437,117.05804742775173
2536,6.405802414623062,0.2867079166704275,0.6328319198559129,26.807865470494363,random,89.99999999999999,49.19968106471151,133.5046219329312
2537,3.640971591779025,0.4168324034093245,0.7905873165902055,32.475853763012786,random,120.0,197.96305171268003,536.3758395863438
2538,7.028259859074104,0.20716598591303564,0.7154414420184352,30.163832273116782,random,89.99999999999999,45.25555959344265,129.2331940140434
2539,4.624187190146461,0.32672094229548054,0.5439470195639329,46.66046263994473,random,120.0,90.02574097176591,254.79431331575043
2540,7.254755890881202,0.3438439275144366,0.7059374853290556,33.47050657664754,random,120.0,44.96897082102534,121.71144306159734
2541,5.34148708374938,0.3218046537153239,0.6878489643138663,39.35978003079758,random,60.0,86.44175395999024,238.35936996478267
2542,6.74684536196102,0.36928533121298185,0.49108271303783,31.28901742367703,random,89.99999999999999,35.753807308660974,100.33076809967137
2543,5.05852102343116,0.31988105623175006,0.517796675774143,44.80261071286371,random,60.0,73.78955747409957,205.77155201326835
2544,4.759851833901521,0.2865267632823083,0.750621978785281,41.319492205289436,random,60.0,117.83337011180079,327.9748255134268
2545,4.561878270356066,0.2700390388626765,0.3677978860444523,49.82459028728717,random,89.99999999999999,64.34319003480279,184.97884444684317
2546,5.281592310047175,0.4308911188117986,0.38490336368125505,49.66376485121633,random,89.99999999999999,51.475627120327374,142.88259292906898
2547,5.176261488371007,0.3084780693442203,0.7191752364113495,26.657343195200898,random,120.0,86.67163741328389,233.89490021138678
2548,4.941158642648713,0.4497528522737981,0.7166665917456543,47.45899205677104,random,60.0,109.28676260385069,300.1323267865441
2549,6.571501502348733,0.38243175293993137,0.5075618557538062,48.04325780120746,random,60.0,43.21157968378044,120.42314906290771
2550,6.6189143537823965,0.4554230612582784,0.4279297918985352,49.51259412921207,random,120.0,36.28587174333161,99.00894801661116
2551,7.545497229829726,0.29674315732789447,0.5365814102416222,44.923287013282874,random,120.0,32.897201169539215,90.64085502650178
2552,6.426236486231989,0.42046415027589407,0.712665119269096,42.6965219712535,random,60.0,62.63952535386889,169.36920998545568
2553,5.064995385873726,0.49774349845640786,0.31738266187183795,30.153648761403208,random,120.0,39.895148037619656,110.51990453976094
2554,4.292177466711325,0.3597999986831444,0.5546567596711193,44.51084614632603,random,60.0,109.18016040302234,305.761160286516
2555,4.136995166420072,0.2624282298429111,0.3338894979595744,36.00243847780157,random,120.0,66.90894775847973,183.98083774721698
2556,7.922100683457006,0.37212756225016325,0.7920436652537186,30.282716502438205,random,89.99999999999999,41.27423673123741,113.31437247771625
2557,5.648227880747509,0.3291638880056771,0.37391206721424186,28.726978174550652,random,89.99999999999999,38.12037730685117,106.82949332011088
2558,6.074442153635348,0.3207724882923366,0.6438697586153136,29.789588859571218,random,120.0,56.32651293691179,152.66579462225235
2559,6.491965264371976,0.325882286645028,0.6666067544128546,47.78832436992145,random,60.0,58.721840882782864,163.0240602138176
2560,3.609500815921154,0.32939966430861134,0.5982940817903631,38.272186220342675,random,120.0,157.1405403772723,428.49443323684505
2561,5.604477291842455,0.2819214444503523,0.7284921053729105,29.463425427502873,random,60.0,75.25299968994558,205.54742832289818
2562,3.954937474240701,0.4317069352433871,0.3220349650938281,33.29181532000635,random,120.0,66.76091112183016,190.52957922392443
2563,4.7934830657805065,0.26086841872278843,0.7398847360979448,34.772445382604346,random,120.0,104.05460775150571,292.40466124472215
2564,6.48185298135345,0.45695892471300326,0.7187706854096826,47.90904942713139,random,120.0,62.37239126556235,168.43115113728285
2565,5.2452720995206334,0.2986033586446636,0.5836555853190709,37.46463884268301,random,120.0,70.68097516030227,196.26226973266643
2566,5.577831903753555,0.4506575647939045,0.6904211449923419,39.27257106309944,random,60.0,78.50646743630061,218.34891407654888
2567,4.807015915961425,0.4312776755855515,0.6908839137811169,34.75123526403674,random,89.99999999999999,99.17087553987535,280.42252758843733
2568,5.6339938362680675,0.4482645841074107,0.5679686847929672,43.8322137817133,random,120.0,62.0561101854145,170.78089391651437
2569,4.145426375434751,0.47475308680024164,0.38782561340813876,42.11680133744214,random,120.0,79.20318708088047,218.8858902200926
2570,4.913881161361685,0.2514155817448573,0.4084269685547805,41.783704678159935,random,60.0,60.91362903176033,163.86796839214995
2571,6.221334124965127,0.23418148638770614,0.32318494421087157,28.49256902446662,random,60.0,27.04083264839476,75.61814781148286
2572,6.4241683008575015,0.3528874213644646,0.4051157972569661,26.560382063849712,random,89.99999999999999,30.6103449043673,84.77207301008964
2573,6.445256680153331,0.3617652345252255,0.3328231277196972,27.98611894432023,random,60.0,25.631363177648073,71.018059545532
2574,7.477100838264269,0.4512575985324136,0.6632361503980637,30.058438570853966,random,89.99999999999999,39.18732647855681,108.19646957164217
2575,7.1379250023344,0.3618427022306201,0.5213981732644062,42.57875744003313,random,120.0,35.76557537678199,98.42203285414766
2576,5.376884784070094,0.38553949924680775,0.6925820183296014,40.58230820811116,random,89.99999999999999,85.5021157930472,228.6305896980397
2577,7.135494651334511,0.26898678926385056,0.5179955716844393,35.729262240307804,random,60.0,35.48442671993406,98.29234430253034
2578,4.662379257879754,0.35780009459386264,0.6690479455342575,26.292928413998105,random,120.0,95.24524993140119,256.404109078232
2579,4.327756019934949,0.356049108531742,0.5883376218348897,30.046521762065478,random,120.0,104.04685104346945,281.9822248592046
2580,4.4569878492919965,0.3495474010882256,0.6452960063580784,32.578496511356576,random,60.0,109.88932447848148,302.8775350331451
2581,3.967969896619383,0.22569969730101244,0.5347940173307544,31.865057134730375,random,89.99999999999999,111.5355511967167,303.3590681884136
2582,6.384381798038001,0.4298111403096191,0.6341020244877336,34.184623436437576,random,60.0,53.40617479683645,148.71305727253093
2583,7.132407311633114,0.20819923852957775,0.43880187721451613,33.2505726829566,random,120.0,29.182633317081567,79.93147320885508
2584,3.2306597109230037,0.3399070453141428,0.7202816466632826,42.45236198018098,random,89.99999999999999,234.5369469844538,662.2727970816976
2585,5.6937132914001705,0.4147024300397264,0.6159969705861386,40.55873135654064,random,89.99999999999999,67.35243550744534,185.67280317163042
2586,3.0643473496373264,0.2714162007594255,0.6685758811802964,35.09529458714139,random,89.99999999999999,235.97133677609338,660.1431003234588
2587,7.407734370186356,0.2510171527409622,0.743289331071527,43.61256465511518,random,89.99999999999999,48.3426234044624,131.25691797461977
2588,6.617399709168721,0.27162574789065724,0.34042139411049305,45.75266430917634,random,60.0,28.5711310857692,78.62430471179023
2589,4.89752450983942,0.4127340679363042,0.6872209760872987,29.677421320328925,random,120.0,94.03502622425336,257.66013319985916
2590,3.4869611670102327,0.31704592774390405,0.7604677869726884,36.361002992986506,random,60.0,216.0127728641232,597.9258293345802
2591,5.456538136527513,0.4921781044977539,0.36320130707855586,47.95470774879725,random,120.0,45.29978293195373,122.57179803749902
2592,6.447503259720581,0.46280126030815166,0.47812747125235855,29.649837060420534,random,120.0,37.31967196456782,105.07121488200194
2593,4.476481045650804,0.4146755498140339,0.5358790133292672,32.25186814973346,random,120.0,89.63005581883799,242.36344899168517
2594,3.6640575184099764,0.3414744953601302,0.37441304301757883,28.408208687033884,random,60.0,91.89841597960778,253.16534064476926
2595,5.667196998428763,0.2499385702444591,0.6121630339101031,26.059858236386393,random,89.99999999999999,60.88120810516459,166.77522955025114
2596,7.810394289108063,0.3308691776254432,0.5287274372248947,33.48665422530446,random,60.0,29.462569084698146,82.04759899414125
2597,6.306428032867955,0.24328067406988857,0.37171946564396197,27.04222040294775,random,60.0,29.639412349103214,80.8833965811779
2598,6.850706192798835,0.24664321868544406,0.7548922197175494,25.971328514165183,random,89.99999999999999,50.47563029848539,140.388911967245
2599,5.334909713260831,0.25446034961532754,0.3221832912983137,41.80995877666341,random,89.99999999999999,39.466273279426915,112.39530254002727
2600,3.921787627385705,0.26108471684148676,0.7957490070404936,34.820127265376556,random,120.0,172.97995553699852,488.78244484922357
2601,3.767983457483345,0.4948799029760731,0.6473696611778929,44.8777345673579,random,89.99999999999999,166.04449821266195,452.45774021360177
2602,6.6372546874386416,0.4307733012542017,0.4082488717626255,38.641474417054255,random,60.0,32.19922094112333,90.65753299379205
2603,5.3497834232456665,0.4466481749137239,0.362115054620728,34.73361941869253,random,89.99999999999999,42.58486697474051,119.67594266793805
2604,3.590880858794555,0.3182916435843643,0.44049702627545745,35.21062285105127,random,60.0,119.23205301177678,322.13223216481947
2605,3.3930474887699162,0.3431812187630995,0.5537626987962265,36.12279949509039,random,89.99999999999999,158.81671264466638,445.34228246309186
2606,5.9739723715337565,0.23835143074927764,0.5183147582330871,44.77679382626742,random,89.99999999999999,52.585569821927926,144.69013504747005
2607,6.527623568575976,0.2184389165680411,0.38033267627791123,35.23644666638803,random,120.0,30.22097519247087,83.83308850747945
2608,7.006195250238282,0.45995056292567904,0.5782837132326965,25.76669782712798,random,120.0,36.03010262454802,99.30370398749436
2609,3.3712819294754808,0.3520087140398511,0.7310136722280283,45.66315832789222,random,60.0,234.09013733960757,644.9249461107438
2610,4.324493328140795,0.30736189644531015,0.35800177681876805,41.55317669810552,random,60.0,69.57393185520483,188.90913402683023
2611,7.800758699603632,0.38389640821186605,0.4170253594949338,42.28263495453494,random,60.0,24.012677234958865,67.19568969642795
2612,4.0349217127216095,0.2197725141913882,0.7625873685658238,45.875872591999965,random,120.0,169.66340491162103,451.93881663503913
2613,3.6036832020015286,0.39938023678554946,0.6176046534119288,31.668497997794844,random,60.0,160.21731395503534,444.0430325127338
2614,4.854121512587552,0.3952825508057976,0.3584339907995536,38.736450534962415,random,60.0,51.33101110741395,144.83519252805547
2615,4.458377957208652,0.2851338187945144,0.7951639674729614,27.702458264361397,random,89.99999999999999,128.66292974864103,349.50497657710036
2616,4.681248558654238,0.4955137841085786,0.4042693516819623,49.42333654135204,random,60.0,68.77417606590832,192.62921233469214
2617,5.3025534213558165,0.2983744802025685,0.6981273630852503,28.14522281832689,random,120.0,75.38984593234849,217.56769126517213
2618,3.678721089548582,0.31171650456258404,0.7909337216882549,30.899443301970024,random,89.99999999999999,191.97144631776436,538.3949283574458
2619,4.279193375002557,0.4933566218522972,0.7474671701752911,29.375865459157133,random,89.99999999999999,133.16159767192192,367.23791950084905
2620,6.021709752911632,0.3158948252811967,0.5427007089366904,26.777952362017153,random,89.99999999999999,45.35509425470321,126.45061353527034
2621,7.10789760623639,0.45303648438817173,0.4068118928013861,27.48275494576419,random,60.0,26.024374612792155,70.5499882425698
2622,6.096677518208246,0.22963636301415413,0.7297911295625779,27.996249717034136,random,89.99999999999999,62.28840419218792,173.5380583710005
2623,5.28841651969617,0.36565612749316134,0.5561832592446663,34.90109325668351,random,120.0,65.80862350095194,183.0319547640559
2624,4.967759739473182,0.3508303990995923,0.32622325024936955,34.451906567744835,random,60.0,44.82500217072955,123.44021702758967
2625,5.017723451392888,0.2767947763501502,0.7839714934598145,41.96986205260272,random,120.0,104.65444794002305,297.2364031670606
2626,4.9387081663551715,0.44772439513654644,0.6109027197358141,44.35762701545238,random,89.99999999999999,90.55572487206632,249.96842340241906
2627,7.414971185621357,0.37182178582426784,0.7654084372609683,42.1684773991439,random,120.0,48.93613303060506,136.23485856140036
2628,7.829728685897534,0.37085925768292294,0.6311801384521536,26.40690335007294,random,120.0,32.371589520296446,89.08936403167674
2629,4.204897455160312,0.4374346532616218,0.4287342439432297,48.358733079117854,random,89.99999999999999,89.63762224914963,241.71796237381383
2630,5.8534892192982415,0.44572505696097797,0.521163473793687,38.44599677526328,random,60.0,53.590927771882356,149.62802598159874
2631,6.155173163439105,0.43755663489118857,0.36367297571339785,26.744562600161302,random,60.0,30.04264667394689,84.92525298114259
2632,4.319817571454095,0.40364907279248136,0.6322173971440592,32.857788591898,random,89.99999999999999,114.73454748407379,319.09806502404746
2633,6.227758917446549,0.3797282918936946,0.7046404881062822,42.74709716751441,random,60.0,66.44140941215383,183.1640070775719
2634,7.583850149462554,0.4114224459098136,0.35208024803436244,49.758692853935834,random,60.0,23.25701159619189,63.32903684893371
2635,4.1001244485686685,0.31415265629460926,0.3824732875983148,31.8185589036343,random,60.0,77.60271143995304,207.99949754029393
2636,6.257928100707678,0.38861571786900007,0.4012354759431408,31.91338255828002,random,120.0,34.025747970946426,91.59030094132348
2637,6.717406027735696,0.39784671912315417,0.7810125445256832,28.089880307918655,random,60.0,56.74652667792384,156.2557662773634
2638,6.686786402579081,0.43779686589585404,0.31753846611974446,33.967336098910735,random,60.0,24.395057435764105,67.81476495588976
2639,7.317676579681689,0.4245926932813005,0.48236588874475106,46.45964279286923,random,89.99999999999999,33.557691691987436,90.07874589557615
2640,3.9977729043533525,0.40624814067143145,0.7168650884886649,39.531732975189584,random,60.0,158.7027582271109,437.2418155868586
2641,7.158951707072681,0.21135693693404842,0.4716375973746243,48.201404664939574,random,120.0,32.37353883637367,88.0440260820938
2642,5.011125531946334,0.2439065573884345,0.40290517768836337,48.69571241682179,random,89.99999999999999,59.96283467061991,166.43354046288115
2643,6.782627823426301,0.4140599329110144,0.3695303389541938,33.19435415958762,random,89.99999999999999,26.94523804288648,74.217567337842
2644,5.220377183114794,0.2243578915840389,0.4019564271292162,33.38260945651227,random,120.0,49.423139047025536,138.47496290491858
2645,3.07203890668336,0.4613584723569482,0.48674846273465056,39.15442213970669,random,120.0,174.47276129826326,500.3940190852019
2646,5.1309481035727185,0.22653161004229322,0.5990652109807069,43.31689955167796,random,120.0,80.83068332114523,222.6936496107098
2647,3.411435160153918,0.3744426480686768,0.5044894599727663,41.55993401317743,random,89.99999999999999,152.45015127350464,424.8616750571846
2648,3.202306147777915,0.3398571621184008,0.3736996273908927,28.004541644929237,random,120.0,110.67677255540391,308.87335742170296
2649,6.536287023174477,0.23375274992388897,0.5423215280338938,35.559184490753005,random,120.0,41.49891590756271,116.28011185426305
2650,6.157115069375442,0.4836239684213785,0.6115209177826636,31.16007022842654,random,120.0,51.64719008477932,145.64809951028337
2651,3.529280245682911,0.4013881363598475,0.6859377725366698,45.83388262738016,random,89.99999999999999,203.1747569744999,536.3838666571122
2652,3.9900848491812813,0.38172321291344763,0.7149659282361547,29.2733795845128,random,89.99999999999999,148.7491997485788,410.4608032289908
2653,3.3968670474818654,0.2021858084076989,0.5512359770871113,44.84684790264768,random,89.99999999999999,171.16033643255824,472.869057766951
2654,4.539496648320065,0.3313322617974323,0.354340071820558,40.093519718848,random,120.0,60.65939518571355,165.51664094981066
2655,7.060856395678164,0.2571559288491798,0.37768205596861293,25.845182440846052,random,60.0,23.417651258626957,66.0529499419551
2656,4.055838934961557,0.45903171641304685,0.5691271410304783,33.61613553760354,random,60.0,117.45100548579579,317.9626102039568
2657,6.170241480932524,0.3644392738299301,0.6198058538164625,46.789182933945824,random,120.0,60.248054454933325,158.7646586231195
2658,6.838350110812351,0.48933655763675366,0.6725606479765054,42.291065302806594,random,60.0,52.746277461254614,142.89755025470942
2659,7.428385013776261,0.4972107217110441,0.6489087029262894,38.40575509236291,random,60.0,40.29758786575888,111.19340109173956
2660,4.923836574619356,0.22301666256055283,0.6150356464316962,30.69185793856627,random,89.99999999999999,79.13612305327094,225.31184381638715
2661,6.807271907668889,0.3386678774568441,0.5187503453978219,41.293197356933746,random,60.0,40.052241673397475,109.56429514002252
2662,4.921224429021308,0.22357685917450562,0.508045860903279,38.12129643811237,random,60.0,74.49051300800494,199.36412654279707
2663,3.2886390493413504,0.2665856316413841,0.6986107172561418,30.60609916744508,random,89.99999999999999,210.68853191642327,584.0259183521435
2664,4.0771702197532225,0.3915240670786674,0.5609239995506856,45.896016421863344,random,89.99999999999999,123.8603043899341,335.96766761461015
2665,4.959779946862018,0.3820298171906187,0.5640012803944001,35.485183984659734,random,89.99999999999999,78.73508555808355,216.40823830046247
2666,4.452961479461354,0.4544376877260406,0.5591175071982226,44.14141519539237,random,60.0,103.53757118072949,288.00205613951294
2667,4.348033628573907,0.31598974064277363,0.34763401124107196,31.010036629821258,random,89.99999999999999,59.437870349664266,167.25100034415013
2668,6.854511946443282,0.2641242960049055,0.6618418562408594,45.72021439070777,random,120.0,50.53642412887403,141.08100641856436
2669,7.155857651763316,0.276824987282441,0.6836504849766845,37.65476489927096,random,60.0,45.14328666444079,125.1642026710696
2670,4.91583529234178,0.48961689486896015,0.6011976303899614,37.84293112200125,random,89.99999999999999,84.67635935188531,240.21451292483803
2671,4.74550354512022,0.23844694441928152,0.718528686779776,37.284389313206205,random,89.99999999999999,112.38170422764247,309.19289242623125
2672,4.120865859012236,0.29270143380921115,0.7023541969791701,46.47074608612149,random,60.0,150.0464605727896,427.1936045349353
2673,6.191551187341089,0.3894775507949128,0.692203933570104,38.99907371452501,random,120.0,63.570695127405436,167.80751869777
2674,7.737550333222801,0.24613951478078955,0.5535202755286048,30.88460738447589,random,89.99999999999999,30.93186494069477,83.81696309026071
2675,7.5887262034649,0.2931592305757389,0.7028096251242762,37.85275292242035,random,120.0,41.21706335268124,115.70010959298183
2676,7.671364518962519,0.4602438685516591,0.6753365536362561,43.695414085201605,random,89.99999999999999,41.67369735688887,113.19987108731394
2677,7.882257405221233,0.3530322424528084,0.7326949352737208,28.638041827682443,random,120.0,36.86477812116375,105.19284127908054
2678,7.5875041501649125,0.40298240279860753,0.7942308866853771,35.2475353499473,random,89.99999999999999,46.82426251696369,129.46521098406905
2679,5.924153958751852,0.298023344280649,0.542497071682553,32.1369673706118,random,120.0,51.26187798968665,138.96700235886965
2680,6.951377591637815,0.4508720616660217,0.6643275477866522,30.76525447699845,random,120.0,44.79454071851922,120.53307725444176
2681,6.528355617677855,0.22670014772388009,0.6395466920133517,30.944901192876905,random,120.0,49.40288100956963,137.99082769602063
2682,3.6820383217448347,0.2085103445727815,0.5709134491567391,26.508039300004853,random,89.99999999999999,133.7269341958542,369.92815033166426
2683,4.2171510069657,0.37060153974979276,0.6309569911740047,48.471137786954486,random,60.0,133.14350415448112,368.28324653813183
2684,6.147731209331582,0.346660953250577,0.5875464333343541,33.94684663008537,random,60.0,52.85063891792986,148.13403862766071
2685,4.830098193124235,0.4183210341546237,0.3153287254958187,33.59317875931639,random,120.0,44.40104453072851,120.38044987275167
2686,6.075378570962602,0.4975483506271619,0.5395838637672089,27.943037275804443,random,120.0,45.178186672309984,124.35911789355015
2687,5.910958691184728,0.27228405376567066,0.4117811835278585,47.34778997997202,random,60.0,43.6993653212885,119.8363665495925
2688,6.875531568283915,0.3749821126649959,0.7623925379272611,28.6877836087728,random,89.99999999999999,51.73248266142814,140.56293668078084
2689,7.51693389845098,0.28165150012567824,0.7208450326775717,32.51749609060095,random,120.0,43.418921419684466,114.77245236063398
2690,6.4563578540348265,0.3146313833647648,0.6212975625418131,34.70980579744808,random,89.99999999999999,51.46254634362617,137.77155063017182
2691,7.398940461409105,0.3140705882305719,0.5781251460619361,42.90475351954129,random,120.0,37.94367755028445,102.32743051762398
2692,5.210332128380898,0.34652038383909606,0.41049443729574087,25.697480939871078,random,89.99999999999999,47.968708996096545,132.6760195447845
2693,7.734295248394218,0.4923414417986556,0.5093084121651975,30.238872641495593,random,120.0,28.203023361560017,76.40011320072546
2694,6.881857338299053,0.49325234524865863,0.47404264279565944,45.25429351244587,random,120.0,35.87806790191254,98.90529178624429
2695,7.039225029039333,0.48733780744749167,0.5304567725813017,41.77291831583912,random,60.0,36.59878041275485,102.33864219718853
2696,3.073351076908514,0.4570131007990681,0.3135437075172584,47.40719046217454,random,60.0,120.59580157823235,329.1399752227692
2697,5.136616292148025,0.4673824587495803,0.514510378172582,45.42653091858126,random,60.0,71.12244594850578,193.1535996501485
2698,4.474128206645853,0.3212031219408632,0.7718089029828497,49.037007079666616,random,60.0,143.08550197503902,396.6148987312249
2699,6.414694629789336,0.33966935713951957,0.3041766441635061,37.276097679028766,random,60.0,25.50537674148033,70.95292868725393
2700,5.938163668690616,0.3836750456194439,0.6065675820884029,36.3828220601055,random,60.0,57.573439004308334,161.4290177594717
2701,6.007416525587748,0.3126415508564206,0.7521181721364449,28.647557308498957,random,60.0,68.7915457128865,188.70582530378948
2702,4.70795153455205,0.2066064323629804,0.6144351881432168,45.90345609114071,random,89.99999999999999,99.83984176853468,282.75323701176586
2703,6.671164042376244,0.4160297335995585,0.6221497597881569,32.74106965380754,random,120.0,46.2604172453274,127.40953749715689
2704,5.81209286039903,0.30052733320416847,0.4491224997773099,38.90537461072729,random,60.0,46.5320255557358,130.1914422429967
2705,5.381737899164445,0.20348956697050047,0.7078028088222422,43.64641634695856,random,120.0,87.4743142565456,240.98964247506052
2706,5.369529835156574,0.4332350991451368,0.5128848997128422,40.83728009930091,random,120.0,63.16255536284643,172.48504552469356
2707,3.3573146711643287,0.24135665791679797,0.3807066021243791,41.741315845851275,random,120.0,118.94636761621214,332.85748637867545
2708,4.7844785144389075,0.3555315569958605,0.40977839248202075,40.91601220599631,random,120.0,62.46358207708808,172.01230975981133
2709,3.829424977619222,0.2527288505228211,0.5193130025224577,28.60229473863157,random,120.0,114.7699421100191,317.25294533803793
2710,4.440374240472737,0.4418364699255577,0.3259592943252403,41.15162253869004,random,89.99999999999999,59.95563247485953,160.77290095921506
2711,6.166309262497036,0.21730941790478286,0.4505488923834763,36.06621066727794,random,60.0,41.71762468505836,113.1299979637133
2712,4.058667854802231,0.309849356645964,0.7790912251839479,41.83816240672751,random,89.99999999999999,164.99442102141094,457.9289601066951
2713,4.250655616555932,0.39712754214992174,0.7910173372307125,28.297725459892106,random,89.99999999999999,142.8479259717471,385.3213337401107
2714,3.1906153728784825,0.4534313657388532,0.48488753381003546,38.879224994601806,random,60.0,170.67730396585816,464.86923782687666
2715,4.282681629086327,0.2541237621182933,0.7917833316993266,41.414932890313345,random,89.99999999999999,153.713043632881,418.2321682558013
2716,7.1707569513437335,0.2770732389142338,0.46499446113953924,43.44957020213848,random,60.0,33.0471305738181,91.09442526061956
2717,6.972174982456022,0.2161026854154008,0.5822575519360623,48.9404411572868,random,60.0,43.08544282886788,120.11871975053316
2718,7.205303194649118,0.4030738564103026,0.306000728923066,44.18697279861811,random,60.0,21.578742024803656,60.20694641198714
2719,4.632945612419066,0.4157503995230476,0.5621107697880283,35.826837733461446,random,60.0,86.98119718957958,242.5757983979178
2720,7.248156973523653,0.36841429972829676,0.5828721105176227,31.201155301634152,random,89.99999999999999,36.86134947052736,103.18072428249201
2721,5.173508343756597,0.4720770222177057,0.5322464990321285,27.917917314831946,random,60.0,64.27675741173938,178.63698583402666
2722,5.227704353379806,0.46689395924232047,0.7109513942739103,44.02298399740438,random,120.0,94.96814234018771,262.49712556730236
2723,3.593549895635518,0.2545536153650591,0.745219409293759,32.72531567375257,random,60.0,197.71412735745687,540.0272824143965
2724,5.437834686912692,0.30252388004424724,0.5343295393130802,25.915799031872403,random,120.0,57.43740145250623,155.61759914173803
2725,7.978063558183329,0.35566875816631277,0.4945995021308118,41.129358200910566,random,89.99999999999999,27.563180070218767,77.38108090856254
2726,3.719591114422861,0.260293378468039,0.3297204128180266,38.483136155387214,random,89.99999999999999,81.99015325432003,230.4256585633383
2727,6.610317548941902,0.4892070845174849,0.7205482718477234,33.23670032902271,random,89.99999999999999,52.58912589391282,147.4760544556443
2728,4.093904969117785,0.27443477779533826,0.731178049143989,49.74196411774005,random,89.99999999999999,161.48291292911907,442.33586396897743
2729,5.214288813930153,0.22163829208238517,0.4555328654910443,41.38332468202356,random,60.0,59.60854703493169,164.43840673972588
2730,7.77912164013862,0.39393471236601824,0.3912137990917104,29.188593421588365,random,60.0,21.06354825185832,58.03337101774863
2731,7.60950725929898,0.3268817857433432,0.5319070307418245,43.65900580473124,random,60.0,32.21119291900193,91.6254658855389
2732,7.016840036415459,0.4660640034072842,0.7927903574766769,29.201760051477745,random,60.0,53.373825007934016,146.10901409609232
2733,3.9554583666362597,0.2720494660168863,0.46543516162341014,32.34063501746879,random,120.0,98.47034280175822,263.7233817278284
2734,6.057024769018179,0.3526382535556418,0.39060385305337697,46.45067676686611,random,60.0,38.10704529230489,105.50346378442546
2735,5.087233878822647,0.46570707611331563,0.4939209312566101,33.3962115181328,random,60.0,64.1352683128028,176.9600803945209
2736,4.17010460118281,0.35930402085717567,0.45333987211352017,47.276509188384104,random,89.99999999999999,92.99311482507977,266.9321074352851
2737,7.972562656425293,0.3907789700705731,0.5859360931864537,35.01718085423735,random,120.0,31.279231613295337,84.40612252559794
2738,5.549394076174867,0.3111243282573176,0.6255128326081515,33.30024673197599,random,89.99999999999999,68.90709809339555,190.94178234602634
2739,7.480087209755208,0.3575444942402278,0.3497513533208915,33.1834363290936,random,120.0,20.602345849377542,57.524137632774064
2740,7.6479697013256995,0.4451812469738315,0.33833946961704237,36.535923376484796,random,60.0,19.90832028357371,55.080896409709304
2741,6.030772826650336,0.3913867950207159,0.7922477932918306,48.88379815705399,random,89.99999999999999,80.07970553307307,217.41309558455947
2742,5.117328514461086,0.28915953713775605,0.4379081494997558,31.875948790941518,random,120.0,54.34039686613024,147.30821408415844
2743,5.503478585564775,0.3138599911834347,0.5217319898329276,41.71433997822764,random,120.0,60.48539840040761,169.86549779475487
2744,4.002581524506403,0.4748780117363217,0.7032447546230224,34.29518133220863,random,120.0,147.21908287057505,413.7540993009474
2745,7.0811036054397825,0.38967278816993617,0.6786414957322281,38.015503802781616,random,89.99999999999999,45.041961069100296,126.62532862148687
2746,6.388814231473809,0.3611778361996427,0.5463136704964823,33.21667606925196,random,60.0,45.771772477845694,125.67802418033615
2747,4.1245668058301845,0.2564103951684572,0.3147318023410413,29.57737441527661,random,89.99999999999999,60.343163639506415,165.53319423211735
2748,3.020731801814167,0.20928191888049402,0.3621921580714246,37.96810022694594,random,120.0,133.6480845314833,370.550451162297
2749,7.5494171908910825,0.3672236149303588,0.7487428266236094,25.125757923828665,random,89.99999999999999,41.12680601791984,111.28423104040412
2750,5.450328626047827,0.4430959004230198,0.34152012067130144,39.10859527985018,random,120.0,38.14348936762343,105.23679288405246
2751,4.373763072995625,0.2187880086469153,0.4145321040183605,41.261270924644805,random,120.0,77.07666910504861,212.058989793933
2752,3.93276862280413,0.31121159694488076,0.3434057388852578,38.27622560057484,random,60.0,76.994114507286,214.00757415310636
2753,5.250549810419026,0.2814711483896295,0.7510041635506899,34.861908287100505,random,89.99999999999999,92.70048919630558,253.0172045373825
2754,5.810805407930289,0.46725964903717465,0.6239772759661537,38.069281559333035,random,120.0,65.40138079427422,178.4830950633795
2755,3.409282001336657,0.36810653874896443,0.7353391504718969,25.618602992872084,random,89.99999999999999,194.8146578339106,547.9979859731066
2756,6.707929175393829,0.4258284020319196,0.6031632630415058,36.30144666247659,random,120.0,43.88635792642385,125.0060330426495
2757,3.0141773023881826,0.2293063260350115,0.36293703999311233,31.9478068866293,random,120.0,126.14547302303272,352.76273849763436
2758,5.24334157276874,0.2354469322128488,0.4980228029095982,46.40907452363316,random,89.99999999999999,66.76780159733188,181.49820320306367
2759,4.997469218812031,0.2006544286074481,0.637074519007538,43.21793550414266,random,89.99999999999999,90.70649991290946,246.55399528745065
2760,6.201725566280666,0.430667167789063,0.3312102282696467,38.889288546022584,random,120.0,29.093276667008976,81.24435225721663
2761,4.823981744931114,0.2863195210411782,0.3660189189458898,26.44626069846434,random,89.99999999999999,51.24804639114006,137.97990231166267
2762,5.241050407195724,0.2512746548387989,0.7794777638049303,43.4219590202613,random,60.0,102.91917085588358,283.10574922462973
2763,5.998546703658754,0.36195811904837893,0.3869471178056981,42.535507231295114,random,89.99999999999999,38.4349955244119,106.97882638638379
2764,4.276307359213957,0.47297437131975123,0.6730106818919437,27.78265341922819,random,89.99999999999999,114.98158713975388,315.66214828387064
2765,5.104308948032927,0.4770423248807605,0.35462828988073086,39.88099156263138,random,60.0,48.849756137210385,134.85467314717724
2766,7.591296924392085,0.33386548144279393,0.6418502490408202,40.438070105445235,random,89.99999999999999,39.86431527533291,108.81795149421673
2767,5.107636951639128,0.20046134191198256,0.760505980712177,43.01568917136483,random,60.0,106.21830570211304,294.0931355089097
2768,4.141880207631768,0.2669672838932272,0.7145072480680491,35.3473731062813,random,89.99999999999999,135.59055987023967,379.9049952078221
2769,3.4448618760612395,0.48284799581156473,0.6739620224034484,46.24372508487106,random,120.0,197.80264376473352,556.325609818109
2770,5.77390449063612,0.41133135308420776,0.6583010850852316,29.977428081125957,random,120.0,63.4919829402156,174.6303041889771
2771,4.904481114955033,0.361000132597194,0.30571137205615434,35.62007990410493,random,120.0,43.22589095663516,119.50420797618251
2772,4.5518881370346405,0.27394106883002806,0.6727412083555373,32.43968903664329,random,89.99999999999999,107.47238648192437,303.6297962898579
2773,4.692203146674458,0.43466253555717504,0.5294928195620313,41.993199485030246,random,60.0,87.18338487838874,241.40375081738426
2774,4.511580211388919,0.41283276998771595,0.7064738798514192,33.62139525402858,random,120.0,118.26267636625366,326.45235409876767
2775,3.513568180569089,0.2159905580450886,0.5175554748869079,41.24489484381262,random,89.99999999999999,150.14156749300267,405.3021348120653
2776,5.045220783756073,0.41668272651286764,0.6578667020825607,32.912915656693826,random,60.0,87.66668690914616,240.03028008131446
2777,5.682618926812511,0.323163821564916,0.7121024043089674,47.645667003113125,random,89.99999999999999,81.7485567822225,217.56936666215057
2778,6.533155333628461,0.23145749341301272,0.44772466979749004,48.537515063721344,random,120.0,39.424702832906405,104.25699792413693
2779,5.0847236175519175,0.2526636948298209,0.7465928397209289,27.969426043211392,random,60.0,95.42130975476697,255.82385497791645
2780,5.081832056129104,0.4917449624487412,0.7923872719786471,31.632690086454673,random,120.0,104.27213463873026,279.75982969277806
2781,3.388409221617754,0.3831684791309644,0.6142742847083853,42.97314297682799,random,89.99999999999999,191.68645612295916,534.7558091510577
2782,6.289858883213724,0.4264209953209858,0.7609599183197157,33.40597760220545,random,60.0,64.91855344643061,176.75374236937108
2783,4.659697006205656,0.24480251147197013,0.30770316086712013,25.200584169583493,random,120.0,44.60020331801852,119.156190888301
2784,3.9068971277215776,0.3624093703200455,0.7582534943246917,47.43191215468869,random,60.0,186.21386400792136,493.8773963844763
2785,4.616121866109404,0.42787075484830184,0.5195471443603998,28.20811939428077,random,60.0,80.7147967317194,216.40102563496563
2786,6.244763262975137,0.3385317114879745,0.7781460929410333,36.52459756791025,random,60.0,69.78444365334948,187.005144005422
2787,3.0581513080589815,0.2160309325846957,0.32897677912343254,39.482114130323865,random,120.0,120.08152982863079,335.27009227126524
2788,5.196282833005402,0.30312490892958033,0.4177999411812899,46.06637187169396,random,60.0,57.690778031315595,157.74004965165952
2789,5.02682356107404,0.4978123681575709,0.6321358634998506,31.197788811751888,random,89.99999999999999,81.8217164702293,227.07038768562182
2790,6.129685737380927,0.3730280465461039,0.6809583318526351,38.21723791868851,random,60.0,64.69439131740981,172.28114280900257
2791,6.955287264959361,0.3255411598872431,0.4708318436292144,45.31763608827986,random,60.0,36.00534036541053,98.85845825733516
2792,4.207120397255779,0.4938212092603459,0.5758213624659047,45.71076199858152,random,120.0,117.30272386356378,329.57576807845203
2793,4.38365901754396,0.3898043364643843,0.7830699215878696,34.020766317900005,random,120.0,132.57218530351963,365.3198892397526
2794,6.724291005350031,0.29702987123190355,0.4636798631158809,34.7450020412607,random,60.0,35.37561838809383,97.34041173231861
2795,6.8146211939308206,0.47369824260496907,0.4382301478136221,37.55946168426651,random,89.99999999999999,32.22135515128374,90.5722189683316
2796,4.136556707870711,0.35416024287910386,0.6066766588456531,32.36248602503453,random,89.99999999999999,113.33745108188842,319.3552238743201
2797,3.1579655696170192,0.3775646343588231,0.6352653100723009,47.39068925404652,random,89.99999999999999,234.78820191073459,630.982288276162
2798,7.7438986795935865,0.39974078356709075,0.46405871285368905,38.978243403594334,random,60.0,27.479859193726533,75.78845043250284
2799,3.186638879886186,0.2623825537150434,0.33147240466634237,39.47418373761418,random,89.99999999999999,114.99971091378791,317.7611323806097
2800,5.790440873711336,0.45878798627855216,0.7738886343210916,26.431846747419552,random,60.0,75.11843705377146,206.61294694787847
2801,3.0764694830362536,0.4820837469951384,0.513915266090577,38.28628764575119,random,89.99999999999999,187.76927542220082,532.1959237314278
2802,3.0836467918999038,0.26578714377945356,0.6465639688754357,30.826884670004908,random,89.99999999999999,224.7042752866524,620.8571854578796
2803,7.1628126580474865,0.23999202844206327,0.525307342339489,38.05757034460366,random,89.99999999999999,35.84359956621935,98.98650162369445
2804,6.6468546467816285,0.235362329833164,0.7759127752324774,35.4102609320683,random,120.0,59.16763358086264,167.73918581878408
2805,5.987714169296465,0.40933508973453725,0.5426538866911302,40.787659119603596,random,60.0,54.48679090863291,143.9227836460518
2806,3.7631724683897163,0.301075171585932,0.42428444319540076,29.427353468300943,random,120.0,97.15627195324993,263.241956110694
2807,4.907209826356184,0.4621252919911069,0.3346563741587938,45.57505071489856,random,89.99999999999999,50.87617797261137,138.4099023155213
2808,6.91490929995215,0.3319174252208561,0.6763766218444199,35.711735318412565,random,120.0,47.55415382141195,132.25179522101735
2809,7.260935238058092,0.405624286764673,0.5190433570327885,33.03219018053758,random,120.0,30.646726060975702,84.27975999586332
2810,3.9986789458783987,0.4598921443002565,0.42224990897631187,49.71129098477861,random,60.0,98.31249871805147,271.17524225419226
2811,4.553630518571041,0.3075536889781907,0.5057938569870725,45.6459111698712,random,60.0,89.66720095569362,245.365428690857
2812,5.897916319815938,0.4235471274618544,0.46958958196948225,41.21016246263541,random,120.0,45.291029830260875,128.2626435470651
2813,6.957933183144263,0.32498000148158096,0.6812543024434055,33.75791246362341,random,120.0,46.639155199883106,132.46053564803447
2814,4.482951098952608,0.4465646295085812,0.5670853950479064,39.197754694073126,random,120.0,94.43727114057842,257.62843675150725
2815,3.207398939175486,0.3633121585333555,0.3122427120897737,41.48094300398553,random,60.0,108.81217057767518,300.04490867408606
2816,7.836563365046663,0.4026863333695252,0.7527397971052421,43.194302426349125,random,60.0,44.883005968930156,124.10291632965985
2817,3.6032505534274097,0.3063814450170287,0.3451134864548872,26.014001890759328,random,120.0,84.28821375165062,228.12274827275687
2818,5.2917359883097035,0.4398796229402058,0.3473229132750868,30.57205820975573,random,120.0,40.57383835076184,111.50015836887196
2819,6.78644259671495,0.22398734180348642,0.6209320915564804,26.239113407172916,random,60.0,41.10703128315918,114.28085457474545
2820,6.549847122039742,0.32943956965705723,0.38674971670566327,40.691024169425404,random,89.99999999999999,32.107114361269936,87.25049822091155
2821,7.661895425876644,0.2821715286941788,0.686006436535842,29.16723717806203,random,60.0,38.98399571875367,105.99850761215069
2822,7.925943172289635,0.4484771433059562,0.508360857881245,45.930322617986484,random,60.0,29.585892742358183,82.86171421649564
2823,4.3363940821755484,0.39084483922841806,0.6062517662595498,44.65958318434322,random,120.0,116.7965199281609,327.2492904813903
2824,6.598784531033601,0.49801238605131637,0.4432108828479354,44.62798187532793,random,120.0,34.61608458721742,98.69249115679297
2825,7.432499704746205,0.4882012446710503,0.31034013919599995,43.66792622515387,random,60.0,19.954582791809194,56.266644964825424
2826,6.757041134643691,0.34214224404498816,0.788290041106579,32.25937134144093,random,60.0,57.19872450051391,157.65884203505416
2827,6.416648639775202,0.4604772560033206,0.45676604459248593,33.870115357039715,random,89.99999999999999,35.44217325273203,96.8298385728699
2828,4.005731867799399,0.2750824184173615,0.5834825336333644,39.18148059227012,random,89.99999999999999,126.29000606583666,347.4777384905753
2829,3.7744188186851724,0.223498594631208,0.6622179240299084,27.964602271368854,random,60.0,153.1140174707513,413.60764130882035
2830,6.867747659272419,0.43616650983094163,0.7554146950331869,42.21783500231588,random,89.99999999999999,57.7160646092078,160.84765590912875
2831,4.713084350077491,0.3238659272886769,0.7550513285320447,29.482964738222663,random,60.0,112.46561343512047,313.8002552726232
2832,4.61861670227473,0.4764038174859503,0.34356539379956963,41.15869576357474,random,120.0,57.0639717056545,153.7615406792362
2833,6.069311563617614,0.2529584968269345,0.7159822918484311,34.87470460887501,random,89.99999999999999,66.46393068094471,178.96467522928185
2834,7.151259159469776,0.28405218713428987,0.6529153862681896,45.91485353848549,random,120.0,45.552091380794806,125.44981826872855
2835,4.195645323875564,0.30328187941251616,0.6219456314766219,40.94836908737342,random,60.0,127.18480674247124,349.79584735649075
2836,7.06217222733335,0.48904834274917774,0.6897106498168213,30.62452293192007,random,60.0,45.084596032137114,126.09320900459912
2837,7.225957729866275,0.49220330414210184,0.6211577300808823,46.11318017758587,random,120.0,42.74902804490537,119.57879343771887
2838,3.5015993363019073,0.34488533466790294,0.6052562455914046,25.3153540550193,random,89.99999999999999,154.28857391581255,423.0507790845386
2839,3.1058020742917267,0.37150772683172295,0.39596659874030044,34.932440112419066,random,60.0,138.51561166781937,390.46967019166516
2840,4.215291205730028,0.28235397301525866,0.6853528981501926,44.42244897254446,random,89.99999999999999,134.52784820994523,373.3101574164534
2841,6.460620779991355,0.4857076686445698,0.7744713840334253,28.61832726200579,random,60.0,60.35459249684459,165.87397886446158
2842,5.935614138750259,0.2906187053255373,0.6358048844425077,29.03804927941386,random,60.0,59.534000284718935,160.37168797989784
2843,3.693118604619205,0.40370399178920147,0.43082288471283997,31.69112097168338,random,120.0,104.68390380761596,292.30212382833406
2844,5.251836406346364,0.4401699237851862,0.33073382999452544,25.339271037259106,random,60.0,36.02526471230956,102.15617770214104
2845,6.907252069373954,0.348180753063073,0.39475685509032477,36.22055423187683,random,120.0,28.155440552721924,78.03991315578007
2846,7.476110595182855,0.4969748299388731,0.7524766322220549,29.685782130530768,random,60.0,44.82280912952335,123.1149852475229
2847,5.706386195473343,0.44177078736088116,0.38611051520589723,43.4545469433585,random,60.0,43.7151183193376,117.87537083001403
2848,3.7571623855007497,0.22015720548653464,0.763188151063094,40.4193351196115,random,60.0,193.67331768878057,539.0735328324035
2849,6.053602522139784,0.4712283646038669,0.3463085613666938,29.32518393915113,random,60.0,30.72131986501183,86.03793635919975
2850,4.537022356223719,0.3663427278231366,0.5556391281765436,36.91522766126184,random,89.99999999999999,93.61614316628891,259.78604967800794
2851,3.4673094480418998,0.49475838028669983,0.5107206900832475,49.996896435625835,random,60.0,161.15288510488259,442.8949246953897
2852,3.215811924714239,0.4663812041962036,0.3264741331426177,31.416036293635848,random,60.0,103.81703168926876,290.91417958156603
2853,7.356967267825169,0.27014446137484205,0.40134214316001554,47.08542094765534,random,120.0,26.651578388840946,75.2613824936529
2854,6.255385394732917,0.3793490941565803,0.46069742434391237,45.433816137955716,random,120.0,41.26106757243817,112.03180717949718
2855,5.0754637662461075,0.3527894411059113,0.5907248300234578,44.548996389897994,random,60.0,82.12627545656672,230.6418868395793
2856,6.589871295962635,0.27633070995948844,0.4908608690946793,42.140342987577256,random,60.0,40.677416798459355,110.15322809294393
2857,4.414876418986723,0.4721113477105808,0.5054779651105015,45.7830409492188,random,89.99999999999999,89.8052783910946,255.02866293188143
2858,4.667131576052055,0.26311522844459045,0.6599142544430894,31.520500622965884,random,60.0,102.27620930145325,280.87943424678633
2859,7.799438565812121,0.2575761536801134,0.35237412798830403,31.117922629932323,random,120.0,18.63269531807831,51.00137201003032
2860,5.392797925403058,0.4393726180815124,0.7197887013800758,39.24957837151648,random,120.0,86.47815669359797,234.87009973929696
2861,3.589531541625266,0.3175974349083031,0.7973685987295887,38.164533943091406,random,89.99999999999999,215.57028502969877,593.4670220422753
2862,5.310516408017747,0.36274568116144595,0.5383604227283372,29.916996843937024,random,89.99999999999999,61.2154874152057,167.75876073090268
2863,7.426054513976451,0.423391165918011,0.7820417257059357,29.724822480615007,random,89.99999999999999,45.68694493638675,128.2005008227571
2864,5.234628394442523,0.3967946749331527,0.6271836419380634,47.89162252431915,random,120.0,84.37073462833756,228.40836227784547
2865,4.289178763058308,0.4616576000872841,0.3108912092225753,49.96425213259526,random,89.99999999999999,63.20098947373654,175.86104435307837
2866,4.863543840999218,0.39862656542584185,0.5372612842623345,31.430349781254062,random,120.0,74.83830090626212,209.4805671561111
2867,5.971973519587504,0.2718242939701464,0.4434334999903293,26.97215523447825,random,120.0,39.06265312104993,110.79532211451595
2868,4.393268520017229,0.336291829275456,0.5801576802574077,38.84146320428043,random,60.0,107.52688408525214,294.62119811519983
2869,7.956411879363099,0.4750142858182319,0.384033640114874,44.092953551268096,random,120.0,21.76237284876583,58.04932333917681
2870,5.5972936660642905,0.34023759368987594,0.7773126780422412,48.44417528871965,random,89.99999999999999,90.9183359948599,251.4927344943451
2871,6.102866622648549,0.2551480746670214,0.3881742128993665,28.626078205047346,random,89.99999999999999,33.58053006986899,93.32042299756854
2872,6.60794467748784,0.40952633493842994,0.3029826515416735,26.308110479285467,random,60.0,22.245715158692455,61.569512359338916
2873,3.38661970954203,0.3816829753515782,0.7468841752663177,48.49697245088785,random,60.0,245.05951922228698,674.4418874820385
2874,3.2183067626017223,0.3877011977368623,0.5440777702661279,35.38005099820741,random,120.0,177.4846985920956,476.0496127563192
2875,3.4558019168415854,0.37094800290901414,0.5487549605704845,33.14489209246279,random,89.99999999999999,152.50922959805678,433.4388957494331
2876,3.8918572889668863,0.2660698286307923,0.7534188385628591,33.93330296669836,random,120.0,165.04757876832224,469.6474011160906
2877,3.87023364286447,0.4854694096111087,0.34562145051694526,29.491687190256574,random,120.0,73.4107243809607,203.06424660247532
2878,3.930692678435425,0.46528769567538586,0.6851224125050177,35.063723111764446,random,120.0,147.6323150503935,414.04538828538426
2879,3.3866898999202157,0.2651569378322085,0.7387949776686178,48.60358557527156,random,120.0,238.0957616698039,642.1099159778746
2880,5.089325400569905,0.2671945039611858,0.7460231800645909,41.958202603939306,random,89.99999999999999,104.54180581339128,282.61802913448275
2881,6.6968358606070915,0.4798208141296398,0.6069873627983096,47.16063657435156,random,120.0,50.175661637979246,133.05442413772286
2882,4.9653817638631015,0.4792397692926571,0.7332370548666406,28.657919274781268,random,120.0,95.33318111643537,268.13412115805363
2883,6.409900839380295,0.33122727113501643,0.46164907247018017,42.79798463249411,random,89.99999999999999,38.29853584046813,109.62335269238135
2884,5.344168605676961,0.36428358363263874,0.6880350267399084,34.39327184980184,random,89.99999999999999,82.7566577638456,223.84574016855325
2885,5.4735964279812315,0.22149504318792254,0.3275953544731277,28.317942352727382,random,120.0,33.65519163130139,93.4414793976037
2886,6.2710613010161556,0.2755304179621677,0.6774017923493016,45.00543992819411,random,60.0,63.45362860953694,174.03858420665998
2887,5.326205991951516,0.3278347256907901,0.33214439597716616,26.051165645674267,random,60.0,37.70587316595252,100.32841943950002
2888,4.4023725942648655,0.4192888496494874,0.6233827453924677,47.14640739541764,random,89.99999999999999,119.19699175536223,331.8512255430236
2889,7.444659864307728,0.2784038930707075,0.3813800587024976,35.2283917198056,random,120.0,22.783826602168986,63.052973147812544
2890,3.330251888031568,0.4243456130210118,0.3965930882312778,27.24842127616783,random,89.99999999999999,111.79891330993883,302.09601186003346
2891,7.536411015958136,0.28555680306836284,0.5880906709034954,43.56888906245641,random,120.0,35.61640987042614,98.37786762385015
2892,4.760929858316605,0.3781406840799435,0.4881945802459873,29.316722210870747,random,60.0,70.9436818051055,191.96401528030532
2893,5.309462457808081,0.32300980455362716,0.4868656581880244,32.67443327758067,random,60.0,57.70213957200255,157.01295081874508
2894,3.41277640178191,0.43667809570401656,0.6250559359545962,36.470372507198185,random,89.99999999999999,174.79032499330827,482.7126269875062
2895,6.295841914912351,0.39242364362361926,0.4647777818840313,46.680143730870384,random,89.99999999999999,42.580491838258496,114.92102067157258
2896,7.761890610086291,0.382502779149074,0.503370607109872,44.44819107521019,random,60.0,30.183381238391853,84.1157171279356
2897,3.9964789139463934,0.23807907948522342,0.5585962064391627,41.63969419143544,random,89.99999999999999,122.53575459692703,336.4514933512464
2898,3.7118315980865466,0.3331329277098233,0.48343054512586947,29.422718235559486,random,120.0,115.11690192449714,314.5048453988501
2899,7.646032231658098,0.35505239494046337,0.740214362941304,34.590922153681426,random,89.99999999999999,42.73590364501716,119.759630899136
2900,3.7802519451003516,0.20138724399688698,0.6487895916530046,42.558386750868564,random,120.0,152.75762568780408,423.19933427614484
2901,7.374682985609926,0.3976898857812214,0.5795602657830135,27.86339059100124,random,60.0,34.35375440192371,96.17827936754146
2902,4.1915136076095525,0.4492996257571651,0.4504868064039364,47.9706438701769,random,89.99999999999999,94.21119201900738,256.81047861253785
2903,7.539615178424782,0.3607222447865681,0.368357081894488,28.10712639151904,random,120.0,20.841597326614227,57.00070674272348
2904,4.6561049668821095,0.38448534258745315,0.7681188845494029,42.656339963177075,random,60.0,129.86166497930844,345.7398278611639
2905,3.535355225165105,0.4155654520321986,0.3470840725335426,38.46938420745439,random,89.99999999999999,96.27044676547183,261.889360581896
2906,3.928629572251413,0.24626987909096776,0.6761317965553827,33.041846221885365,random,60.0,146.70913822969067,402.26637609652363
2907,6.062799754092254,0.22213289319008192,0.665053693159887,33.49571642128667,random,120.0,58.8906800728889,165.9519403484392
2908,4.291285920924192,0.3691858542579046,0.4630854973091809,39.4374089205274,random,89.99999999999999,87.5283580170507,243.0582743802136
2909,5.842044388738708,0.3412290166556048,0.7531813264535274,43.25857616198427,random,120.0,78.09256780805786,215.86879406388226
2910,5.535453581123001,0.39609234887511696,0.7970991469484638,29.861593313584663,random,89.99999999999999,82.60141417415484,227.3120486785611
2911,5.74568300821425,0.38298185562141696,0.36340284254509153,41.313752662434325,random,89.99999999999999,38.983556663808386,107.26371917968714
2912,3.172768455258594,0.3471165992994699,0.7189296778068885,31.137271700382797,random,120.0,224.65155377015532,614.6933683574825
2913,5.400728545231609,0.30354370032201483,0.43746447974770275,37.11167122197376,random,60.0,50.864032497857416,141.98489644315907
2914,5.274442293985093,0.2278344979705404,0.520475717066839,46.95838237004472,random,89.99999999999999,66.39136401162403,190.37213180357483
2915,6.278713261180911,0.20905827485665157,0.4312831080248559,35.85510164970985,random,89.99999999999999,37.537236975662665,104.46073016890813
2916,5.015464652878711,0.20913445922004156,0.7705496512479999,29.617591673371237,random,60.0,102.70030878164874,278.1442184163672
2917,7.852572841289483,0.42633304788515525,0.41792641534084,34.428015849349,random,89.99999999999999,23.32886929663619,63.15886309586552
2918,4.4858752939383955,0.23242233363726622,0.6278324566461193,48.706535742035086,random,89.99999999999999,115.47795873699505,324.81870062337606
2919,4.411172603958061,0.3872054605493749,0.5517488256311722,43.28029706766668,random,120.0,102.87604312313438,279.57682337940486
2920,6.234326146473977,0.39915481777165673,0.6803553616016477,39.375313867786,random,60.0,62.14095482812829,170.92588512212066
2921,7.465259725600434,0.35991583432365815,0.759300164148174,47.814427682735314,random,89.99999999999999,50.81522110209082,134.3816964825658
2922,3.7690065846990697,0.25773438625865586,0.4359662157710923,27.535447651060444,random,120.0,93.14436358150544,263.92448879395783
2923,3.7063333940784675,0.21407369893534106,0.7907822007436698,37.82628340486258,random,60.0,204.13231972738006,560.4564160724092
2924,4.305446526838549,0.4336469314564276,0.5275300417836442,34.95989226460553,random,89.99999999999999,95.66824022375593,264.89839444541684
2925,3.3193502781734185,0.21762185627125127,0.3997989595379997,46.50413975958371,random,89.99999999999999,131.9463015180307,369.45928356129104
2926,3.9881362637826854,0.3621573205514409,0.7124132723717055,46.22433401368403,random,89.99999999999999,160.41434400670425,442.85378903763296
2927,3.7892289787304474,0.427034832945704,0.6412309852942092,34.482880384267574,random,120.0,147.68336446353769,407.4359787137516
2928,5.38817443385682,0.3280648643754045,0.5411928857128473,29.951085366223605,random,60.0,62.528315056512106,171.48283073602786
2929,6.991150645217154,0.29612811079147583,0.5027371015679414,38.25013814784367,random,60.0,36.41559973031247,99.36754602884415
2930,5.2248422601461835,0.26744521192577597,0.4292345770585214,33.10576942857541,random,89.99999999999999,52.66510888661357,147.55595923556268
2931,4.556588411254181,0.42529478954643124,0.6084243969909666,36.1275627184213,random,120.0,99.66612068947745,269.74335859169537
2932,6.137166373690328,0.37028190301502784,0.3438570046431657,43.16352364645025,random,60.0,33.01182435667605,90.15637409354655
2933,5.061726053496713,0.3701881840365574,0.5143605908835608,34.600763848722956,random,120.0,67.13296075454414,184.10900563682458
2934,7.606962207456427,0.20281911588588003,0.46610644833076587,44.694055474110655,random,89.99999999999999,29.551858868312696,81.8129580863324
2935,7.577367755723315,0.22245755208685689,0.7321678147173243,46.489246210682126,random,120.0,47.22801053389797,127.04307446571134
2936,6.662644759963021,0.2796097138962662,0.7196184986201506,47.7653943238156,random,120.0,59.79414599460498,166.21193312065063
2937,3.4311500004172175,0.25542406883228985,0.6683566909983829,38.51571295843648,random,89.99999999999999,196.15912252827542,545.5469607145734
2938,5.347297145531542,0.4173432713094405,0.7995552003690811,48.65274119690727,random,120.0,102.67129274763171,279.28939545511327
2939,3.9800675542162223,0.23396534707915734,0.722116705513044,36.020156455951486,random,89.99999999999999,156.50145542588794,425.52061511852577
2940,7.970950969234602,0.37725262457276876,0.5216551205010826,29.373764648525388,random,60.0,26.82422638242098,75.52174707796782
2941,6.131774375105678,0.263593170854833,0.7679016424012199,30.252045208091516,random,60.0,68.1314897126216,189.12253121769191
2942,4.909980227452598,0.3103777251852067,0.5219371546615251,43.1874431879411,random,120.0,78.16288980091247,210.23811031689743
2943,3.006097341175407,0.4539351000741851,0.6359622670804582,28.49145430886309,random,60.0,221.7537669640848,622.6467121170623
2944,5.376664048248636,0.263865448798805,0.5226063895334676,28.13376163235511,random,89.99999999999999,58.61197808059352,159.39107210140756
2945,4.8415920321458,0.4213469934939865,0.4022370311142893,28.669172708234186,random,89.99999999999999,55.867533295115535,151.90712560170277
2946,4.757268775666432,0.4379991860506276,0.5513946903877651,36.98064676716917,random,120.0,82.80352072062688,228.82952663450493
2947,3.000378551731087,0.47228116346138643,0.6095472990580038,26.83645420555259,random,89.99999999999999,214.37713144106743,606.07881128045
2948,6.473912848524455,0.25528240523129125,0.7735551376664446,35.46885851326132,random,89.99999999999999,63.641819640355074,172.68445958808235
2949,7.095850982897937,0.24876596343170126,0.6573055741917853,35.155916995624075,random,120.0,41.587068557884145,118.721255240561
2950,3.667060286062579,0.2334590599275454,0.35554954779300113,40.32716590562501,random,60.0,95.16269313726761,255.1634290712424
2951,6.377209716293127,0.3467326461576317,0.7587315319659456,36.94567981684405,random,60.0,64.32459646563555,180.24642351648384
2952,7.379670305521882,0.41261571966130783,0.7658392893045853,41.27111263278667,random,60.0,49.906437340571514,140.70491858929807
2953,5.891777935406859,0.2785002005462277,0.47308563401456905,40.76896370521875,random,60.0,48.916022667184265,136.00271614259208
2954,6.715593682769582,0.2992762735183999,0.39615881842604095,43.971222039073545,random,89.99999999999999,31.04121184297092,86.23195390208612
2955,4.620354658337673,0.28086748653373106,0.7558692602131345,27.619543319316975,random,120.0,113.4938441596247,311.8405679191719
2956,7.792174097746971,0.32997142591116224,0.5575883254361929,40.19848580166646,random,120.0,30.252475680766537,87.11534428421932
2957,4.5762556991198675,0.45029101499569074,0.46697887109895064,31.4565790543392,random,60.0,71.41955684264595,200.24928662608374
2958,6.412366276314374,0.21995587888804524,0.5161221767479057,27.26782406294252,random,60.0,40.14895778575126,112.2150073470175
2959,6.5557914205144305,0.2576076890526364,0.5957275058396204,26.54153510336226,random,89.99999999999999,43.938388798440414,115.09336957048835
2960,3.7434775405149736,0.3415142536664319,0.36139412146286987,29.88721022036891,random,89.99999999999999,86.28357181058497,235.8418629355602
2961,5.0475784565444695,0.37295178251542327,0.565705129893193,32.02905715331368,random,89.99999999999999,73.47974974402926,203.79356246186916
2962,4.704706625502163,0.4110941822432827,0.5466456356206189,46.83123799075969,random,89.99999999999999,87.66207393948528,238.83792445036167
2963,3.911053776464267,0.45601075839878247,0.33962681879463336,44.08900334534998,random,120.0,78.92051275701832,221.22952144209788
2964,6.7729616424341215,0.4609454258181294,0.5343971522172842,47.31223227056752,random,60.0,43.106353702512486,120.08869384076822
2965,4.023413572247971,0.4425004621982346,0.5088604340016991,37.34328919879258,random,89.99999999999999,108.16395029704118,295.7350762235344
2966,5.626056578705418,0.2026420216493838,0.45027475459684185,49.72679703461522,random,120.0,52.355395381976834,144.86497120532584
2967,6.276380281434847,0.3379783328285706,0.7948268843215216,27.378258836055515,random,120.0,61.01018280078294,171.64673771389525
2968,3.9755191029020183,0.4637996637713768,0.5405815357060009,39.613526045512586,random,60.0,119.47520567211684,336.2556609846023
2969,7.0403460320303015,0.4061961109254001,0.3994919057185303,46.169831590843955,random,120.0,29.143634061458048,81.77722025076073
2970,3.364013935242367,0.26831689099770023,0.5280679555184737,26.48375524309507,random,120.0,144.3166854488386,407.2133841521525
2971,4.019476025596276,0.4358602078593595,0.6206703875555828,37.74910396463857,random,60.0,135.6252838048803,360.2775658031897
2972,4.083673491911339,0.359298843128534,0.4987522477917661,43.182054980521926,random,89.99999999999999,107.84030942186124,295.56098726917526
2973,5.93066856382712,0.2680201830030292,0.5119944929496082,28.806968560611736,random,89.99999999999999,46.92569491224582,130.0317207199788
2974,4.497762316031396,0.31187442010341443,0.7536027966850323,34.05873443083485,random,120.0,122.32044613275642,351.5686182708824
2975,4.269831323120933,0.34935767178913346,0.6522571514380654,49.61433048290142,random,60.0,134.53217387548594,370.3321021734182
2976,4.779535822403854,0.4134285247838251,0.3857303593595582,48.77655973316889,random,89.99999999999999,59.421583412511545,169.17499613039024
2977,4.30765821129587,0.25283932889730204,0.7571844019765529,46.66790559606903,random,60.0,152.22500844602857,418.9565570521096
2978,7.463466627679167,0.3516731024977472,0.6838357631359113,44.52653008403774,random,120.0,44.43209596050829,119.82272235077811
2979,5.140341986989931,0.30703324213990413,0.469836122004438,36.46298697309961,random,60.0,62.53996260794021,167.5742631709552
2980,5.637097434492063,0.46223011887120113,0.6613779851822588,27.33540445988192,random,120.0,64.36631743129469,183.52449030846353
2981,6.169682073514798,0.45676509485302974,0.6746012910006958,36.427100001550166,random,89.99999999999999,60.810936285600384,169.89257984998113
2982,7.5271395867071345,0.47441666337947647,0.6240352468070183,42.81169971767176,random,60.0,38.59582534947186,104.45641853125991
2983,7.636433419189188,0.2520364544740768,0.45901882345272704,35.81130688030508,random,120.0,26.32932495624883,75.57391968719408
2984,3.353507289285704,0.24500009469818632,0.30194013296116273,41.493972585880435,random,120.0,93.01771316073896,258.33265006582286
2985,6.314100068945666,0.35055450281992917,0.43562668882021793,25.4146173783667,random,60.0,34.356141872014334,94.4022585340856
2986,5.1863583795220665,0.21153685164935013,0.3724763244838928,37.92973844608486,random,60.0,48.103672213698076,133.65771051297386
2987,6.880794444601213,0.48895617655228113,0.4226908450810877,32.65464025533505,random,120.0,29.528099106162166,81.95199168557544
2988,7.141528613178393,0.4674007800458827,0.6458591694014899,38.45283297095495,random,120.0,43.31596936080227,119.47014438958634
2989,3.837072793965319,0.22518718093002452,0.38337234753431615,42.1566020921524,random,60.0,93.56600051691669,260.03538641572806
2990,5.317518373117377,0.32548220172106757,0.5983743691726113,38.42295055099573,random,60.0,74.32935108870667,205.5004757366703
2991,6.469577985969181,0.43868907776506594,0.7610465655905061,45.28920129474349,random,60.0,67.07333713747653,186.18910953504877
2992,6.654136199977996,0.2134667756442633,0.45220421645686293,37.33144596952921,random,60.0,36.30122273760374,97.58621629165542
2993,6.368431942499923,0.476867866002511,0.4668160247297849,29.989664123059875,random,89.99999999999999,37.661193334077616,103.42891363213387
2994,6.013210098451555,0.3740531261269008,0.5936249581298794,25.209282949629625,random,120.0,48.16823191816329,129.52623444557602
2995,3.4608047856329662,0.2663766631551271,0.7447581216116825,36.7900333810655,random,89.99999999999999,210.9255776135839,591.3962341789342
2996,6.0197021177067915,0.30216993435298667,0.36448194975587184,46.331761270525746,random,60.0,36.884046095219446,102.24593933526582
2997,3.291769921878341,0.24753331973653026,0.4756798162227571,40.90619294215443,random,120.0,151.6670550671566,403.94376040845174
2998,4.736904977773666,0.4282637727193146,0.5493093008364796,47.73496077416663,random,89.99999999999999,90.18022987894577,245.70665344196567
2999,5.863233916446895,0.36155951471610653,0.5001967808885814,36.96985679228794,random,89.99999999999999,48.76201700950912,136.2011496412181
