Model,R²,MAE (Hz),RMSE (Hz),Train Time (s),R² Improvement (%)
Default,0.9895764326712762,3.0336300289351557,5.490770633607699,0.07305669784545898,0.0
Optimized,0.9902802602458318,2.861132526665414,5.3021551614818145,0.1645948886871338,0.07112412455657915
