Model,Train_MAE,Train_RMSE,Train_R2,Test_MAE,Test_RMSE,Test_R2,CV_R2_Mean,CV_R2_Std
Linear Regression,15.929720420033851,20.983824406703597,0.8337771295535203,17.048992579659103,22.276529198164805,0.8284286279994959,0.8327130998570208,0.005845342712590264
Random Forest,2.2241041237073085,3.651375086592952,0.9949669135856454,4.655325961685262,7.991592906318817,0.9779191149506955,0.9780286887313488,0.003306902436116052
XGBoost,0.25102520033870956,0.3653361378070279,0.9999496143625419,4.055850613336817,7.376644241031686,0.9811865930712464,0.9818414406124584,0.004039774633212115
CatBoost,1.7414087303762351,2.5847243795341464,0.9974779716202813,3.0023460613378523,5.611932563284001,0.9891113344451832,0.9894177713269627,0.0019077313665444501
SVR,2.965843816444614,5.74046605554084,0.9875601312755354,3.795853495348036,7.5078147899602605,0.9805115691515611,0.9832036423903778,0.0024065945398198795
